-- --------------------------------------------------------
-- Servidor:                     127.0.0.1
-- Versão do servidor:           8.0.46 - MySQL Community Server - GPL
-- OS do Servidor:               Win64
-- HeidiSQL Versão:              12.5.0.6677
-- --------------------------------------------------------

/*!40101 SET @OLD_CHARACTER_SET_CLIENT=@@CHARACTER_SET_CLIENT */;
/*!40101 SET NAMES utf8 */;
/*!50503 SET NAMES utf8mb4 */;
/*!40103 SET @OLD_TIME_ZONE=@@TIME_ZONE */;
/*!40103 SET TIME_ZONE='+00:00' */;
/*!40014 SET @OLD_FOREIGN_KEY_CHECKS=@@FOREIGN_KEY_CHECKS, FOREIGN_KEY_CHECKS=0 */;
/*!40101 SET @OLD_SQL_MODE=@@SQL_MODE, SQL_MODE='NO_AUTO_VALUE_ON_ZERO' */;
/*!40111 SET @OLD_SQL_NOTES=@@SQL_NOTES, SQL_NOTES=0 */;


-- Copiando estrutura do banco de dados para sistema_advocacia
DROP DATABASE IF EXISTS `sistema_advocacia`;
CREATE DATABASE IF NOT EXISTS `sistema_advocacia` /*!40100 DEFAULT CHARACTER SET utf8mb4 COLLATE utf8mb4_unicode_ci */ /*!80016 DEFAULT ENCRYPTION='N' */;
USE `sistema_advocacia`;

-- Copiando estrutura para tabela sistema_advocacia.advogados_freela
DROP TABLE IF EXISTS `advogados_freela`;
CREATE TABLE IF NOT EXISTS `advogados_freela` (
  `id` int NOT NULL AUTO_INCREMENT,
  `nome` varchar(200) NOT NULL,
  `oab` varchar(30) DEFAULT NULL,
  `telefone` varchar(20) DEFAULT NULL,
  `cep` varchar(9) DEFAULT NULL,
  `logradouro` varchar(200) DEFAULT NULL,
  `numero` varchar(10) DEFAULT NULL,
  `complemento` varchar(100) DEFAULT NULL,
  `bairro` varchar(100) DEFAULT NULL,
  `cidade` varchar(100) DEFAULT NULL,
  `estado` char(2) DEFAULT NULL,
  `criado_em` datetime DEFAULT CURRENT_TIMESTAMP,
  `criado_por` int DEFAULT NULL,
  PRIMARY KEY (`id`),
  KEY `criado_por` (`criado_por`),
  CONSTRAINT `freela_ibfk_1` FOREIGN KEY (`criado_por`) REFERENCES `usuarios` (`id`) ON DELETE SET NULL
) ENGINE=InnoDB AUTO_INCREMENT=3 DEFAULT CHARSET=utf8mb4 COLLATE=utf8mb4_0900_ai_ci;

-- Copiando dados para a tabela sistema_advocacia.advogados_freela: ~2 rows (aproximadamente)
INSERT INTO `advogados_freela` (`id`, `nome`, `oab`, `telefone`, `cep`, `logradouro`, `numero`, `complemento`, `bairro`, `cidade`, `estado`, `criado_em`, `criado_por`) VALUES
	(1, 'nernerval', '65654654-SP', '(15) 65656-5454', '03818-030', 'Rua Lagoa D\'Anta', '20', NULL, 'Parque Císper', 'São Paulo', 'SP', '2026-06-08 16:35:57', 2),
	(2, 'juquinha', NULL, NULL, NULL, NULL, NULL, NULL, NULL, NULL, NULL, '2026-06-09 13:25:13', 2);

-- Copiando estrutura para tabela sistema_advocacia.andamento_processual
DROP TABLE IF EXISTS `andamento_processual`;
CREATE TABLE IF NOT EXISTS `andamento_processual` (
  `id` int NOT NULL AUTO_INCREMENT,
  `processo_id` int NOT NULL,
  `data` date NOT NULL,
  `descricao` text NOT NULL,
  `criado_por` int NOT NULL,
  `criado_em` datetime DEFAULT CURRENT_TIMESTAMP,
  `editado_por` int DEFAULT NULL,
  `editado_em` datetime DEFAULT NULL,
  PRIMARY KEY (`id`),
  KEY `processo_id` (`processo_id`),
  KEY `criado_por` (`criado_por`),
  KEY `editado_por` (`editado_por`),
  CONSTRAINT `andamento_processual_ibfk_2` FOREIGN KEY (`criado_por`) REFERENCES `usuarios` (`id`),
  CONSTRAINT `andamento_processual_ibfk_3` FOREIGN KEY (`editado_por`) REFERENCES `usuarios` (`id`),
  CONSTRAINT `fk_andamento_tblproc` FOREIGN KEY (`processo_id`) REFERENCES `tblproc` (`id`)
) ENGINE=InnoDB AUTO_INCREMENT=8 DEFAULT CHARSET=utf8mb4 COLLATE=utf8mb4_0900_ai_ci;

-- Copiando dados para a tabela sistema_advocacia.andamento_processual: ~2 rows (aproximadamente)
INSERT INTO `andamento_processual` (`id`, `processo_id`, `data`, `descricao`, `criado_por`, `criado_em`, `editado_por`, `editado_em`) VALUES
	(6, 5, '2026-05-29', 'Teste Erick e Claudio', 4, '2026-05-29 14:26:27', 3, '2026-05-29 14:28:25'),
	(7, 4, '2026-05-29', 'Testei e Está Dando Certo', 2, '2026-05-29 14:33:23', NULL, NULL);

-- Copiando estrutura para tabela sistema_advocacia.ata_audiencia
DROP TABLE IF EXISTS `ata_audiencia`;
CREATE TABLE IF NOT EXISTS `ata_audiencia` (
  `id` int NOT NULL AUTO_INCREMENT,
  `audiencia_id` int NOT NULL,
  `resultado` text,
  `houve_acordo` tinyint(1) DEFAULT '0',
  `valor_acordo` decimal(15,2) DEFAULT NULL,
  `parcelas` int DEFAULT NULL,
  `valor_parcela` decimal(15,2) DEFAULT NULL,
  `data_primeiro_pagamento` date DEFAULT NULL,
  `nova_audiencia` tinyint(1) DEFAULT '0',
  `observacoes` text,
  `criado_em` datetime DEFAULT CURRENT_TIMESTAMP,
  `criado_por` int NOT NULL,
  PRIMARY KEY (`id`),
  KEY `criado_por` (`criado_por`),
  KEY `idx_audiencia_id` (`audiencia_id`),
  CONSTRAINT `ata_audiencia_ibfk_1` FOREIGN KEY (`audiencia_id`) REFERENCES `audiencia` (`id`),
  CONSTRAINT `ata_audiencia_ibfk_2` FOREIGN KEY (`criado_por`) REFERENCES `usuarios` (`id`)
) ENGINE=InnoDB DEFAULT CHARSET=utf8mb4 COLLATE=utf8mb4_0900_ai_ci;

-- Copiando dados para a tabela sistema_advocacia.ata_audiencia: ~0 rows (aproximadamente)

-- Copiando estrutura para tabela sistema_advocacia.audiencia
DROP TABLE IF EXISTS `audiencia`;
CREATE TABLE IF NOT EXISTS `audiencia` (
  `id` int NOT NULL AUTO_INCREMENT,
  `processo_id` int NOT NULL,
  `tipo_audiencia_id` int DEFAULT NULL,
  `data` date NOT NULL,
  `hora` time NOT NULL,
  `modalidade` varchar(30) DEFAULT 'presencial',
  `local` varchar(300) DEFAULT NULL,
  `vara_id` int DEFAULT NULL,
  `plataforma_virtual` varchar(100) DEFAULT NULL,
  `link_virtual` varchar(500) DEFAULT NULL,
  `responsavel_id` int DEFAULT NULL,
  `responsavel_freela_id` int DEFAULT NULL,
  `comunicado_enviado` tinyint(1) DEFAULT '0',
  `ata_impressa` tinyint(1) DEFAULT '0',
  `criado_em` datetime DEFAULT CURRENT_TIMESTAMP,
  `criado_por` int NOT NULL,
  `alterado_por` int DEFAULT NULL,
  `alterado_em` datetime DEFAULT NULL,
  `status` varchar(20) NOT NULL DEFAULT 'agendada',
  `motivo_status` text,
  PRIMARY KEY (`id`),
  KEY `processo_id` (`processo_id`),
  KEY `tipo_audiencia_id` (`tipo_audiencia_id`),
  KEY `criado_por` (`criado_por`),
  KEY `aud_ibfk_alterado_por` (`alterado_por`),
  KEY `aud_ibfk_responsavel` (`responsavel_id`),
  KEY `aud_ibfk_resp_freela` (`responsavel_freela_id`),
  KEY `idx_aud_data_status` (`data`,`status`),
  CONSTRAINT `aud_ibfk_alterado_por` FOREIGN KEY (`alterado_por`) REFERENCES `usuarios` (`id`) ON DELETE SET NULL,
  CONSTRAINT `aud_ibfk_resp_freela` FOREIGN KEY (`responsavel_freela_id`) REFERENCES `advogados_freela` (`id`) ON DELETE SET NULL,
  CONSTRAINT `aud_ibfk_responsavel` FOREIGN KEY (`responsavel_id`) REFERENCES `usuarios` (`id`) ON DELETE SET NULL,
  CONSTRAINT `audiencia_ibfk_2` FOREIGN KEY (`tipo_audiencia_id`) REFERENCES `tipo_audiencia` (`id`),
  CONSTRAINT `audiencia_ibfk_3` FOREIGN KEY (`criado_por`) REFERENCES `usuarios` (`id`),
  CONSTRAINT `fk_audiencia_tblproc` FOREIGN KEY (`processo_id`) REFERENCES `tblproc` (`id`)
) ENGINE=InnoDB AUTO_INCREMENT=15 DEFAULT CHARSET=utf8mb4 COLLATE=utf8mb4_0900_ai_ci;

-- Copiando dados para a tabela sistema_advocacia.audiencia: ~8 rows (aproximadamente)
INSERT INTO `audiencia` (`id`, `processo_id`, `tipo_audiencia_id`, `data`, `hora`, `modalidade`, `local`, `vara_id`, `plataforma_virtual`, `link_virtual`, `responsavel_id`, `responsavel_freela_id`, `comunicado_enviado`, `ata_impressa`, `criado_em`, `criado_por`, `alterado_por`, `alterado_em`, `status`, `motivo_status`) VALUES
	(4, 6, 11, '2026-06-25', '14:00:00', 'presencial', '20ª Vara do Trabalho - Fórum Trabalhista Ruy Barbosa', 273, NULL, NULL, NULL, NULL, 0, 0, '2026-06-08 16:17:15', 2, 2, '2026-06-09 15:34:16', 'remarcada', 'publica'),
	(5, 8, NULL, '2026-06-23', '09:00:00', 'virtual', NULL, 309, NULL, NULL, NULL, 2, 0, 0, '2026-06-09 13:25:42', 2, 2, '2026-06-09 15:30:02', 'remarcada', 'publicação'),
	(7, 8, NULL, '2026-06-17', '13:00:00', 'virtual', NULL, 309, NULL, NULL, NULL, 2, 0, 0, '2026-06-09 15:30:02', 2, 2, '2026-06-09 15:32:10', 'remarcada', 'publicacao'),
	(10, 6, 10, '2026-06-10', '14:00:00', 'presencial', NULL, 292, NULL, NULL, NULL, NULL, 0, 0, '2026-06-09 20:19:54', 2, 2, '2026-06-09 20:38:03', 'agendada', NULL),
	(11, 8, 5, '2026-06-11', '09:00:00', 'presencial', NULL, 320, NULL, NULL, NULL, NULL, 0, 0, '2026-06-09 20:34:00', 2, 2, '2026-06-09 22:52:24', 'agendada', NULL),
	(12, 6, 3, '2026-06-11', '09:00:00', 'virtual', NULL, NULL, 'zoom', 'https://zoom.us/j/4060402291?pwd=VXp1NWFjZi9qYStNZGxTS3o0Qmwydz09', NULL, NULL, 0, 0, '2026-06-10 09:35:42', 2, NULL, NULL, 'agendada', NULL),
	(13, 6, 10, '2026-12-12', '09:00:00', 'presencial', NULL, 338, NULL, NULL, NULL, NULL, 0, 0, '2026-06-10 10:00:46', 2, 2, '2026-06-11 16:21:09', 'agendada', NULL),
	(14, 5, 11, '2026-08-29', '09:00:00', 'presencial', NULL, NULL, NULL, NULL, NULL, NULL, 0, 0, '2026-06-11 16:20:54', 2, NULL, NULL, 'agendada', NULL);

-- Copiando estrutura para tabela sistema_advocacia.audiencia_testemunhas
DROP TABLE IF EXISTS `audiencia_testemunhas`;
CREATE TABLE IF NOT EXISTS `audiencia_testemunhas` (
  `id` int NOT NULL AUTO_INCREMENT,
  `audiencia_id` int NOT NULL,
  `pessoa_id` int NOT NULL,
  `polo` varchar(10) NOT NULL DEFAULT 'autor',
  `criado_por` int DEFAULT NULL,
  `criado_em` datetime DEFAULT CURRENT_TIMESTAMP,
  PRIMARY KEY (`id`),
  KEY `audiencia_id` (`audiencia_id`),
  KEY `pessoa_id` (`pessoa_id`),
  CONSTRAINT `aut_ibfk_1` FOREIGN KEY (`audiencia_id`) REFERENCES `audiencia` (`id`) ON DELETE CASCADE,
  CONSTRAINT `aut_ibfk_2` FOREIGN KEY (`pessoa_id`) REFERENCES `pessoas_fisicas` (`id`) ON DELETE RESTRICT
) ENGINE=InnoDB AUTO_INCREMENT=5 DEFAULT CHARSET=utf8mb4 COLLATE=utf8mb4_0900_ai_ci;

-- Copiando dados para a tabela sistema_advocacia.audiencia_testemunhas: ~3 rows (aproximadamente)
INSERT INTO `audiencia_testemunhas` (`id`, `audiencia_id`, `pessoa_id`, `polo`, `criado_por`, `criado_em`) VALUES
	(2, 11, 4, 'autor', 2, '2026-06-09 22:52:24'),
	(3, 11, 6, 'autor', 2, '2026-06-09 22:52:24'),
	(4, 12, 6, 'autor', 2, '2026-06-10 09:35:42');

-- Copiando estrutura para tabela sistema_advocacia.auditoria_audiencia
DROP TABLE IF EXISTS `auditoria_audiencia`;
CREATE TABLE IF NOT EXISTS `auditoria_audiencia` (
  `id` int NOT NULL AUTO_INCREMENT,
  `audiencia_id` int NOT NULL,
  `campo_alterado` varchar(100) DEFAULT NULL,
  `valor_anterior` text,
  `valor_novo` text,
  `usuario_id` int NOT NULL,
  `alterado_em` datetime DEFAULT CURRENT_TIMESTAMP,
  PRIMARY KEY (`id`),
  KEY `audiencia_id` (`audiencia_id`),
  KEY `usuario_id` (`usuario_id`),
  CONSTRAINT `audaud_ibfk_1` FOREIGN KEY (`audiencia_id`) REFERENCES `audiencia` (`id`) ON DELETE CASCADE,
  CONSTRAINT `audaud_ibfk_2` FOREIGN KEY (`usuario_id`) REFERENCES `usuarios` (`id`)
) ENGINE=InnoDB AUTO_INCREMENT=34 DEFAULT CHARSET=utf8mb4 COLLATE=utf8mb4_0900_ai_ci;

-- Copiando dados para a tabela sistema_advocacia.auditoria_audiencia: ~25 rows (aproximadamente)
INSERT INTO `auditoria_audiencia` (`id`, `audiencia_id`, `campo_alterado`, `valor_anterior`, `valor_novo`, `usuario_id`, `alterado_em`) VALUES
	(3, 4, 'hora', '09:00:00', '09:00', 2, '2026-06-09 11:41:46'),
	(4, 4, 'vara_id', '', '273', 2, '2026-06-09 11:41:46'),
	(5, 4, 'tipo_audiencia_id', '3', '11', 2, '2026-06-09 11:44:29'),
	(6, 4, 'hora', '09:00:00', '09:00', 2, '2026-06-09 11:44:29'),
	(7, 5, 'hora', '09:00:00', '09:00', 2, '2026-06-09 13:36:12'),
	(8, 5, 'modalidade', 'presencial', 'virtual', 2, '2026-06-09 13:36:12'),
	(9, 5, 'responsavel_id', '', 'freela:2', 2, '2026-06-09 13:36:12'),
	(10, 4, 'hora', '09:00', '14:00', 2, '2026-06-09 13:40:51'),
	(13, 5, 'status', 'agendada', 'remarcada', 2, '2026-06-09 15:30:02'),
	(14, 7, 'criacao', NULL, 'Criada por remarcação da audiência #5', 2, '2026-06-09 15:30:02'),
	(15, 7, 'status', 'agendada', 'remarcada', 2, '2026-06-09 15:32:10'),
	(17, 4, 'data', '2026-06-24', '2026-06-25', 2, '2026-06-09 15:33:04'),
	(18, 4, 'status', 'agendada', '', 2, '2026-06-09 15:33:04'),
	(19, 4, 'status', 'agendada', 'remarcada', 2, '2026-06-09 15:34:16'),
	(23, 10, 'hora', '09:00', '14:00', 2, '2026-06-09 20:20:07'),
	(24, 10, 'data', '2026-06-24', '2026-06-10', 2, '2026-06-09 20:38:03'),
	(25, 11, 'data', '2026-07-15', '2026-06-11', 2, '2026-06-09 20:38:32'),
	(26, 11, 'vara_id', '', '25ªVT/SP — Fórum Trabalhista Ruy Barbosa', 2, '2026-06-09 22:31:36'),
	(27, 13, 'cadastrado', NULL, 'Audiência cadastrada', 2, '2026-06-10 10:00:46'),
	(28, 13, 'data', '2026-06-11', '2026-08-01', 2, '2026-06-11 16:02:03'),
	(29, 13, 'data', '2026-08-01', '2026-08-08', 2, '2026-06-11 16:18:58'),
	(30, 13, 'data', '2026-08-08', '2026-08-01', 2, '2026-06-11 16:20:09'),
	(31, 14, 'cadastrado', NULL, 'Audiência cadastrada', 2, '2026-06-11 16:20:54'),
	(32, 14, 'criacao', NULL, 'dia não útil (sábado) confirmado pelo usuário com senha', 2, '2026-06-11 16:20:54'),
	(33, 13, 'data', '2026-08-01', '2026-12-12', 2, '2026-06-11 16:21:09');

-- Copiando estrutura para tabela sistema_advocacia.auditoria_prazo
DROP TABLE IF EXISTS `auditoria_prazo`;
CREATE TABLE IF NOT EXISTS `auditoria_prazo` (
  `id` int NOT NULL AUTO_INCREMENT,
  `prazo_id` int NOT NULL,
  `status_anterior` varchar(20) DEFAULT NULL,
  `status_novo` varchar(20) DEFAULT NULL,
  `usuario_id` int NOT NULL,
  `alterado_em` datetime DEFAULT CURRENT_TIMESTAMP,
  `observacao` varchar(300) DEFAULT NULL,
  PRIMARY KEY (`id`),
  KEY `prazo_id` (`prazo_id`),
  KEY `usuario_id` (`usuario_id`),
  CONSTRAINT `auditoria_prazo_ibfk_1` FOREIGN KEY (`prazo_id`) REFERENCES `prazos_processo` (`id`),
  CONSTRAINT `auditoria_prazo_ibfk_2` FOREIGN KEY (`usuario_id`) REFERENCES `usuarios` (`id`)
) ENGINE=InnoDB AUTO_INCREMENT=16 DEFAULT CHARSET=utf8mb4 COLLATE=utf8mb4_0900_ai_ci;

-- Copiando dados para a tabela sistema_advocacia.auditoria_prazo: ~15 rows (aproximadamente)
INSERT INTO `auditoria_prazo` (`id`, `prazo_id`, `status_anterior`, `status_novo`, `usuario_id`, `alterado_em`, `observacao`) VALUES
	(1, 1, 'aberto', 'fazendo', 4, '2026-05-30 00:50:58', NULL),
	(2, 1, 'fazendo', 'aberto', 4, '2026-05-30 00:51:44', NULL),
	(3, 1, 'aberto', 'concluido', 2, '2026-05-30 22:50:33', NULL),
	(4, 2, 'aberto', 'concluido', 3, '2026-05-30 23:33:15', NULL),
	(5, 4, 'agendado', 'fazendo', 4, '2026-06-02 09:45:42', NULL),
	(6, 6, 'agendado', 'fazendo', 4, '2026-06-02 09:45:44', NULL),
	(7, 5, 'agendado', 'fazendo', 4, '2026-06-02 09:45:46', NULL),
	(8, 4, 'fazendo', 'agendado', 4, '2026-06-02 09:45:55', NULL),
	(9, 6, 'fazendo', 'agendado', 4, '2026-06-02 09:45:57', NULL),
	(10, 5, 'fazendo', 'agendado', 4, '2026-06-02 09:45:59', NULL),
	(11, 4, 'agendado', 'fazendo', 2, '2026-06-03 11:33:43', NULL),
	(12, 4, 'aberto', 'concluido', 2, '2026-06-03 11:37:32', NULL),
	(13, 3, 'aberto', 'cancelado', 2, '2026-06-03 11:38:08', 'fez acordo'),
	(14, 6, 'agendado', 'fazendo', 2, '2026-06-03 14:54:37', NULL),
	(15, 6, 'fazendo', 'agendado', 2, '2026-06-03 14:55:14', NULL);

-- Copiando estrutura para tabela sistema_advocacia.calendario
DROP TABLE IF EXISTS `calendario`;
CREATE TABLE IF NOT EXISTS `calendario` (
  `data` date NOT NULL,
  `dia_util` tinyint(1) NOT NULL DEFAULT '1',
  PRIMARY KEY (`data`)
) ENGINE=InnoDB DEFAULT CHARSET=utf8mb4 COLLATE=utf8mb4_0900_ai_ci;

-- Copiando dados para a tabela sistema_advocacia.calendario: ~10.958 rows (aproximadamente)
INSERT INTO `calendario` (`data`, `dia_util`) VALUES
	('2026-05-01', 1),
	('2026-05-02', 0),
	('2026-05-03', 0),
	('2026-05-04', 1),
	('2026-05-05', 1),
	('2026-05-06', 1),
	('2026-05-07', 1),
	('2026-05-08', 1),
	('2026-05-09', 0),
	('2026-05-10', 0),
	('2026-05-11', 1),
	('2026-05-12', 1),
	('2026-05-13', 1),
	('2026-05-14', 1),
	('2026-05-15', 1),
	('2026-05-16', 0),
	('2026-05-17', 0),
	('2026-05-18', 1),
	('2026-05-19', 1),
	('2026-05-20', 1),
	('2026-05-21', 1),
	('2026-05-22', 1),
	('2026-05-23', 0),
	('2026-05-24', 0),
	('2026-05-25', 1),
	('2026-05-26', 1),
	('2026-05-27', 1),
	('2026-05-28', 1),
	('2026-05-29', 1),
	('2026-05-30', 0),
	('2026-05-31', 0),
	('2026-06-01', 1),
	('2026-06-02', 1),
	('2026-06-03', 1),
	('2026-06-04', 0),
	('2026-06-05', 1),
	('2026-06-06', 0),
	('2026-06-07', 0),
	('2026-06-08', 1),
	('2026-06-09', 1),
	('2026-06-10', 1),
	('2026-06-11', 1),
	('2026-06-12', 1),
	('2026-06-13', 0),
	('2026-06-14', 0),
	('2026-06-15', 1),
	('2026-06-16', 1),
	('2026-06-17', 1),
	('2026-06-18', 1),
	('2026-06-19', 1),
	('2026-06-20', 0),
	('2026-06-21', 0),
	('2026-06-22', 1),
	('2026-06-23', 1),
	('2026-06-24', 1),
	('2026-06-25', 1),
	('2026-06-26', 1),
	('2026-06-27', 0),
	('2026-06-28', 0),
	('2026-06-29', 1),
	('2026-06-30', 1),
	('2026-07-01', 1),
	('2026-07-02', 1),
	('2026-07-03', 1),
	('2026-07-04', 0),
	('2026-07-05', 0),
	('2026-07-06', 1),
	('2026-07-07', 1),
	('2026-07-08', 1),
	('2026-07-09', 1),
	('2026-07-10', 1),
	('2026-07-11', 0),
	('2026-07-12', 0),
	('2026-07-13', 1),
	('2026-07-14', 1),
	('2026-07-15', 1),
	('2026-07-16', 1),
	('2026-07-17', 1),
	('2026-07-18', 0),
	('2026-07-19', 0),
	('2026-07-20', 1),
	('2026-07-21', 1),
	('2026-07-22', 1),
	('2026-07-23', 1),
	('2026-07-24', 1),
	('2026-07-25', 0),
	('2026-07-26', 0),
	('2026-07-27', 1),
	('2026-07-28', 1),
	('2026-07-29', 1),
	('2026-07-30', 1),
	('2026-07-31', 1),
	('2026-08-01', 0),
	('2026-08-02', 0),
	('2026-08-03', 1),
	('2026-08-04', 1),
	('2026-08-05', 1),
	('2026-08-06', 1),
	('2026-08-07', 1),
	('2026-08-08', 0),
	('2026-08-09', 0),
	('2026-08-10', 1),
	('2026-08-11', 1),
	('2026-08-12', 1),
	('2026-08-13', 1),
	('2026-08-14', 1),
	('2026-08-15', 0),
	('2026-08-16', 0),
	('2026-08-17', 1),
	('2026-08-18', 1),
	('2026-08-19', 1),
	('2026-08-20', 1),
	('2026-08-21', 1),
	('2026-08-22', 0),
	('2026-08-23', 0),
	('2026-08-24', 1),
	('2026-08-25', 1),
	('2026-08-26', 1),
	('2026-08-27', 1),
	('2026-08-28', 1),
	('2026-08-29', 0),
	('2026-08-30', 0),
	('2026-08-31', 1),
	('2026-09-01', 1),
	('2026-09-02', 1),
	('2026-09-03', 1),
	('2026-09-04', 1),
	('2026-09-05', 0),
	('2026-09-06', 0),
	('2026-09-07', 1),
	('2026-09-08', 1),
	('2026-09-09', 1),
	('2026-09-10', 1),
	('2026-09-11', 1),
	('2026-09-12', 0),
	('2026-09-13', 0),
	('2026-09-14', 1),
	('2026-09-15', 1),
	('2026-09-16', 1),
	('2026-09-17', 1),
	('2026-09-18', 1),
	('2026-09-19', 0),
	('2026-09-20', 0),
	('2026-09-21', 1),
	('2026-09-22', 1),
	('2026-09-23', 1),
	('2026-09-24', 1),
	('2026-09-25', 1),
	('2026-09-26', 0),
	('2026-09-27', 0),
	('2026-09-28', 1),
	('2026-09-29', 1),
	('2026-09-30', 1),
	('2026-10-01', 1),
	('2026-10-02', 1),
	('2026-10-03', 0),
	('2026-10-04', 0),
	('2026-10-05', 1),
	('2026-10-06', 1),
	('2026-10-07', 1),
	('2026-10-08', 1),
	('2026-10-09', 1),
	('2026-10-10', 0),
	('2026-10-11', 0),
	('2026-10-12', 1),
	('2026-10-13', 1),
	('2026-10-14', 1),
	('2026-10-15', 1),
	('2026-10-16', 1),
	('2026-10-17', 0),
	('2026-10-18', 0),
	('2026-10-19', 1),
	('2026-10-20', 1),
	('2026-10-21', 1),
	('2026-10-22', 1),
	('2026-10-23', 1),
	('2026-10-24', 0),
	('2026-10-25', 0),
	('2026-10-26', 1),
	('2026-10-27', 1),
	('2026-10-28', 1),
	('2026-10-29', 1),
	('2026-10-30', 1),
	('2026-10-31', 0),
	('2026-11-01', 0),
	('2026-11-02', 1),
	('2026-11-03', 1),
	('2026-11-04', 1),
	('2026-11-05', 1),
	('2026-11-06', 1),
	('2026-11-07', 0),
	('2026-11-08', 0),
	('2026-11-09', 1),
	('2026-11-10', 1),
	('2026-11-11', 1),
	('2026-11-12', 1),
	('2026-11-13', 1),
	('2026-11-14', 0),
	('2026-11-15', 0),
	('2026-11-16', 1),
	('2026-11-17', 1),
	('2026-11-18', 1),
	('2026-11-19', 1),
	('2026-11-20', 1),
	('2026-11-21', 0),
	('2026-11-22', 0),
	('2026-11-23', 1),
	('2026-11-24', 1),
	('2026-11-25', 1),
	('2026-11-26', 1),
	('2026-11-27', 1),
	('2026-11-28', 0),
	('2026-11-29', 0),
	('2026-11-30', 1),
	('2026-12-01', 1),
	('2026-12-02', 1),
	('2026-12-03', 1),
	('2026-12-04', 1),
	('2026-12-05', 0),
	('2026-12-06', 0),
	('2026-12-07', 1),
	('2026-12-08', 1),
	('2026-12-09', 1),
	('2026-12-10', 1),
	('2026-12-11', 1),
	('2026-12-12', 0),
	('2026-12-13', 0),
	('2026-12-14', 1),
	('2026-12-15', 1),
	('2026-12-16', 1),
	('2026-12-17', 1),
	('2026-12-18', 1),
	('2026-12-19', 0),
	('2026-12-20', 0),
	('2026-12-21', 1),
	('2026-12-22', 1),
	('2026-12-23', 1),
	('2026-12-24', 1),
	('2026-12-25', 1),
	('2026-12-26', 0),
	('2026-12-27', 0),
	('2026-12-28', 1),
	('2026-12-29', 1),
	('2026-12-30', 1),
	('2026-12-31', 1),
	('2027-01-01', 1),
	('2027-01-02', 0),
	('2027-01-03', 0),
	('2027-01-04', 1),
	('2027-01-05', 1),
	('2027-01-06', 1),
	('2027-01-07', 1),
	('2027-01-08', 1),
	('2027-01-09', 0),
	('2027-01-10', 0),
	('2027-01-11', 1),
	('2027-01-12', 1),
	('2027-01-13', 1),
	('2027-01-14', 1),
	('2027-01-15', 1),
	('2027-01-16', 0),
	('2027-01-17', 0),
	('2027-01-18', 1),
	('2027-01-19', 1),
	('2027-01-20', 1),
	('2027-01-21', 1),
	('2027-01-22', 1),
	('2027-01-23', 0),
	('2027-01-24', 0),
	('2027-01-25', 1),
	('2027-01-26', 1),
	('2027-01-27', 1),
	('2027-01-28', 1),
	('2027-01-29', 1),
	('2027-01-30', 0),
	('2027-01-31', 0),
	('2027-02-01', 1),
	('2027-02-02', 1),
	('2027-02-03', 1),
	('2027-02-04', 1),
	('2027-02-05', 1),
	('2027-02-06', 0),
	('2027-02-07', 0),
	('2027-02-08', 1),
	('2027-02-09', 1),
	('2027-02-10', 1),
	('2027-02-11', 1),
	('2027-02-12', 1),
	('2027-02-13', 0),
	('2027-02-14', 0),
	('2027-02-15', 1),
	('2027-02-16', 1),
	('2027-02-17', 1),
	('2027-02-18', 1),
	('2027-02-19', 1),
	('2027-02-20', 0),
	('2027-02-21', 0),
	('2027-02-22', 1),
	('2027-02-23', 1),
	('2027-02-24', 1),
	('2027-02-25', 1),
	('2027-02-26', 1),
	('2027-02-27', 0),
	('2027-02-28', 0),
	('2027-03-01', 1),
	('2027-03-02', 1),
	('2027-03-03', 1),
	('2027-03-04', 1),
	('2027-03-05', 1),
	('2027-03-06', 0),
	('2027-03-07', 0),
	('2027-03-08', 1),
	('2027-03-09', 1),
	('2027-03-10', 1),
	('2027-03-11', 1),
	('2027-03-12', 1),
	('2027-03-13', 0),
	('2027-03-14', 0),
	('2027-03-15', 1),
	('2027-03-16', 1),
	('2027-03-17', 1),
	('2027-03-18', 1),
	('2027-03-19', 1),
	('2027-03-20', 0),
	('2027-03-21', 0),
	('2027-03-22', 1),
	('2027-03-23', 1),
	('2027-03-24', 1),
	('2027-03-25', 1),
	('2027-03-26', 1),
	('2027-03-27', 0),
	('2027-03-28', 0),
	('2027-03-29', 1),
	('2027-03-30', 1),
	('2027-03-31', 1),
	('2027-04-01', 1),
	('2027-04-02', 1),
	('2027-04-03', 0),
	('2027-04-04', 0),
	('2027-04-05', 1),
	('2027-04-06', 1),
	('2027-04-07', 1),
	('2027-04-08', 1),
	('2027-04-09', 1),
	('2027-04-10', 0),
	('2027-04-11', 0),
	('2027-04-12', 1),
	('2027-04-13', 1),
	('2027-04-14', 1),
	('2027-04-15', 1),
	('2027-04-16', 1),
	('2027-04-17', 0),
	('2027-04-18', 0),
	('2027-04-19', 1),
	('2027-04-20', 1),
	('2027-04-21', 1),
	('2027-04-22', 1),
	('2027-04-23', 1),
	('2027-04-24', 0),
	('2027-04-25', 0),
	('2027-04-26', 1),
	('2027-04-27', 1),
	('2027-04-28', 1),
	('2027-04-29', 1),
	('2027-04-30', 1),
	('2027-05-01', 0),
	('2027-05-02', 0),
	('2027-05-03', 1),
	('2027-05-04', 1),
	('2027-05-05', 1),
	('2027-05-06', 1),
	('2027-05-07', 1),
	('2027-05-08', 0),
	('2027-05-09', 0),
	('2027-05-10', 1),
	('2027-05-11', 1),
	('2027-05-12', 1),
	('2027-05-13', 1),
	('2027-05-14', 1),
	('2027-05-15', 0),
	('2027-05-16', 0),
	('2027-05-17', 1),
	('2027-05-18', 1),
	('2027-05-19', 1),
	('2027-05-20', 1),
	('2027-05-21', 1),
	('2027-05-22', 0),
	('2027-05-23', 0),
	('2027-05-24', 1),
	('2027-05-25', 1),
	('2027-05-26', 1),
	('2027-05-27', 1),
	('2027-05-28', 1),
	('2027-05-29', 0),
	('2027-05-30', 0),
	('2027-05-31', 1),
	('2027-06-01', 1),
	('2027-06-02', 1),
	('2027-06-03', 1),
	('2027-06-04', 1),
	('2027-06-05', 0),
	('2027-06-06', 0),
	('2027-06-07', 1),
	('2027-06-08', 1),
	('2027-06-09', 1),
	('2027-06-10', 1),
	('2027-06-11', 1),
	('2027-06-12', 0),
	('2027-06-13', 0),
	('2027-06-14', 1),
	('2027-06-15', 1),
	('2027-06-16', 1),
	('2027-06-17', 1),
	('2027-06-18', 1),
	('2027-06-19', 0),
	('2027-06-20', 0),
	('2027-06-21', 1),
	('2027-06-22', 1),
	('2027-06-23', 1),
	('2027-06-24', 1),
	('2027-06-25', 1),
	('2027-06-26', 0),
	('2027-06-27', 0),
	('2027-06-28', 1),
	('2027-06-29', 1),
	('2027-06-30', 1),
	('2027-07-01', 1),
	('2027-07-02', 1),
	('2027-07-03', 0),
	('2027-07-04', 0),
	('2027-07-05', 1),
	('2027-07-06', 1),
	('2027-07-07', 1),
	('2027-07-08', 1),
	('2027-07-09', 1),
	('2027-07-10', 0),
	('2027-07-11', 0),
	('2027-07-12', 1),
	('2027-07-13', 1),
	('2027-07-14', 1),
	('2027-07-15', 1),
	('2027-07-16', 1),
	('2027-07-17', 0),
	('2027-07-18', 0),
	('2027-07-19', 1),
	('2027-07-20', 1),
	('2027-07-21', 1),
	('2027-07-22', 1),
	('2027-07-23', 1),
	('2027-07-24', 0),
	('2027-07-25', 0),
	('2027-07-26', 1),
	('2027-07-27', 1),
	('2027-07-28', 1),
	('2027-07-29', 1),
	('2027-07-30', 1),
	('2027-07-31', 0),
	('2027-08-01', 0),
	('2027-08-02', 1),
	('2027-08-03', 1),
	('2027-08-04', 1),
	('2027-08-05', 1),
	('2027-08-06', 1),
	('2027-08-07', 0),
	('2027-08-08', 0),
	('2027-08-09', 1),
	('2027-08-10', 1),
	('2027-08-11', 1),
	('2027-08-12', 1),
	('2027-08-13', 1),
	('2027-08-14', 0),
	('2027-08-15', 0),
	('2027-08-16', 1),
	('2027-08-17', 1),
	('2027-08-18', 1),
	('2027-08-19', 1),
	('2027-08-20', 1),
	('2027-08-21', 0),
	('2027-08-22', 0),
	('2027-08-23', 1),
	('2027-08-24', 1),
	('2027-08-25', 1),
	('2027-08-26', 1),
	('2027-08-27', 1),
	('2027-08-28', 0),
	('2027-08-29', 0),
	('2027-08-30', 1),
	('2027-08-31', 1),
	('2027-09-01', 1),
	('2027-09-02', 1),
	('2027-09-03', 1),
	('2027-09-04', 0),
	('2027-09-05', 0),
	('2027-09-06', 1),
	('2027-09-07', 1),
	('2027-09-08', 1),
	('2027-09-09', 1),
	('2027-09-10', 1),
	('2027-09-11', 0),
	('2027-09-12', 0),
	('2027-09-13', 1),
	('2027-09-14', 1),
	('2027-09-15', 1),
	('2027-09-16', 1),
	('2027-09-17', 1),
	('2027-09-18', 0),
	('2027-09-19', 0),
	('2027-09-20', 1),
	('2027-09-21', 1),
	('2027-09-22', 1),
	('2027-09-23', 1),
	('2027-09-24', 1),
	('2027-09-25', 0),
	('2027-09-26', 0),
	('2027-09-27', 1),
	('2027-09-28', 1),
	('2027-09-29', 1),
	('2027-09-30', 1),
	('2027-10-01', 1),
	('2027-10-02', 0),
	('2027-10-03', 0),
	('2027-10-04', 1),
	('2027-10-05', 1),
	('2027-10-06', 1),
	('2027-10-07', 1),
	('2027-10-08', 1),
	('2027-10-09', 0),
	('2027-10-10', 0),
	('2027-10-11', 1),
	('2027-10-12', 1),
	('2027-10-13', 1),
	('2027-10-14', 1),
	('2027-10-15', 1),
	('2027-10-16', 0),
	('2027-10-17', 0),
	('2027-10-18', 1),
	('2027-10-19', 1),
	('2027-10-20', 1),
	('2027-10-21', 1),
	('2027-10-22', 1),
	('2027-10-23', 0),
	('2027-10-24', 0),
	('2027-10-25', 1),
	('2027-10-26', 1),
	('2027-10-27', 1),
	('2027-10-28', 1),
	('2027-10-29', 1),
	('2027-10-30', 0),
	('2027-10-31', 0),
	('2027-11-01', 1),
	('2027-11-02', 1),
	('2027-11-03', 1),
	('2027-11-04', 1),
	('2027-11-05', 1),
	('2027-11-06', 0),
	('2027-11-07', 0),
	('2027-11-08', 1),
	('2027-11-09', 1),
	('2027-11-10', 1),
	('2027-11-11', 1),
	('2027-11-12', 1),
	('2027-11-13', 0),
	('2027-11-14', 0),
	('2027-11-15', 1),
	('2027-11-16', 1),
	('2027-11-17', 1),
	('2027-11-18', 1),
	('2027-11-19', 1),
	('2027-11-20', 0),
	('2027-11-21', 0),
	('2027-11-22', 1),
	('2027-11-23', 1),
	('2027-11-24', 1),
	('2027-11-25', 1),
	('2027-11-26', 1),
	('2027-11-27', 0),
	('2027-11-28', 0),
	('2027-11-29', 1),
	('2027-11-30', 1),
	('2027-12-01', 1),
	('2027-12-02', 1),
	('2027-12-03', 1),
	('2027-12-04', 0),
	('2027-12-05', 0),
	('2027-12-06', 1),
	('2027-12-07', 1),
	('2027-12-08', 1),
	('2027-12-09', 1),
	('2027-12-10', 1),
	('2027-12-11', 0),
	('2027-12-12', 0),
	('2027-12-13', 1),
	('2027-12-14', 1),
	('2027-12-15', 1),
	('2027-12-16', 1),
	('2027-12-17', 1),
	('2027-12-18', 0),
	('2027-12-19', 0),
	('2027-12-20', 1),
	('2027-12-21', 1),
	('2027-12-22', 1),
	('2027-12-23', 1),
	('2027-12-24', 1),
	('2027-12-25', 0),
	('2027-12-26', 0),
	('2027-12-27', 1),
	('2027-12-28', 1),
	('2027-12-29', 1),
	('2027-12-30', 1),
	('2027-12-31', 1),
	('2028-01-01', 0),
	('2028-01-02', 0),
	('2028-01-03', 1),
	('2028-01-04', 1),
	('2028-01-05', 1),
	('2028-01-06', 1),
	('2028-01-07', 1),
	('2028-01-08', 0),
	('2028-01-09', 0),
	('2028-01-10', 1),
	('2028-01-11', 1),
	('2028-01-12', 1),
	('2028-01-13', 1),
	('2028-01-14', 1),
	('2028-01-15', 0),
	('2028-01-16', 0),
	('2028-01-17', 1),
	('2028-01-18', 1),
	('2028-01-19', 1),
	('2028-01-20', 1),
	('2028-01-21', 1),
	('2028-01-22', 0),
	('2028-01-23', 0),
	('2028-01-24', 1),
	('2028-01-25', 1),
	('2028-01-26', 1),
	('2028-01-27', 1),
	('2028-01-28', 1),
	('2028-01-29', 0),
	('2028-01-30', 0),
	('2028-01-31', 1),
	('2028-02-01', 1),
	('2028-02-02', 1),
	('2028-02-03', 1),
	('2028-02-04', 1),
	('2028-02-05', 0),
	('2028-02-06', 0),
	('2028-02-07', 1),
	('2028-02-08', 1),
	('2028-02-09', 1),
	('2028-02-10', 1),
	('2028-02-11', 1),
	('2028-02-12', 0),
	('2028-02-13', 0),
	('2028-02-14', 1),
	('2028-02-15', 1),
	('2028-02-16', 1),
	('2028-02-17', 1),
	('2028-02-18', 1),
	('2028-02-19', 0),
	('2028-02-20', 0),
	('2028-02-21', 1),
	('2028-02-22', 1),
	('2028-02-23', 1),
	('2028-02-24', 1),
	('2028-02-25', 1),
	('2028-02-26', 0),
	('2028-02-27', 0),
	('2028-02-28', 1),
	('2028-02-29', 1),
	('2028-03-01', 1),
	('2028-03-02', 1),
	('2028-03-03', 1),
	('2028-03-04', 0),
	('2028-03-05', 0),
	('2028-03-06', 1),
	('2028-03-07', 1),
	('2028-03-08', 1),
	('2028-03-09', 1),
	('2028-03-10', 1),
	('2028-03-11', 0),
	('2028-03-12', 0),
	('2028-03-13', 1),
	('2028-03-14', 1),
	('2028-03-15', 1),
	('2028-03-16', 1),
	('2028-03-17', 1),
	('2028-03-18', 0),
	('2028-03-19', 0),
	('2028-03-20', 1),
	('2028-03-21', 1),
	('2028-03-22', 1),
	('2028-03-23', 1),
	('2028-03-24', 1),
	('2028-03-25', 0),
	('2028-03-26', 0),
	('2028-03-27', 1),
	('2028-03-28', 1),
	('2028-03-29', 1),
	('2028-03-30', 1),
	('2028-03-31', 1),
	('2028-04-01', 0),
	('2028-04-02', 0),
	('2028-04-03', 1),
	('2028-04-04', 1),
	('2028-04-05', 1),
	('2028-04-06', 1),
	('2028-04-07', 1),
	('2028-04-08', 0),
	('2028-04-09', 0),
	('2028-04-10', 1),
	('2028-04-11', 1),
	('2028-04-12', 1),
	('2028-04-13', 1),
	('2028-04-14', 1),
	('2028-04-15', 0),
	('2028-04-16', 0),
	('2028-04-17', 1),
	('2028-04-18', 1),
	('2028-04-19', 1),
	('2028-04-20', 1),
	('2028-04-21', 1),
	('2028-04-22', 0),
	('2028-04-23', 0),
	('2028-04-24', 1),
	('2028-04-25', 1),
	('2028-04-26', 1),
	('2028-04-27', 1),
	('2028-04-28', 1),
	('2028-04-29', 0),
	('2028-04-30', 0),
	('2028-05-01', 1),
	('2028-05-02', 1),
	('2028-05-03', 1),
	('2028-05-04', 1),
	('2028-05-05', 1),
	('2028-05-06', 0),
	('2028-05-07', 0),
	('2028-05-08', 1),
	('2028-05-09', 1),
	('2028-05-10', 1),
	('2028-05-11', 1),
	('2028-05-12', 1),
	('2028-05-13', 0),
	('2028-05-14', 0),
	('2028-05-15', 1),
	('2028-05-16', 1),
	('2028-05-17', 1),
	('2028-05-18', 1),
	('2028-05-19', 1),
	('2028-05-20', 0),
	('2028-05-21', 0),
	('2028-05-22', 1),
	('2028-05-23', 1),
	('2028-05-24', 1),
	('2028-05-25', 1),
	('2028-05-26', 1),
	('2028-05-27', 0),
	('2028-05-28', 0),
	('2028-05-29', 1),
	('2028-05-30', 1),
	('2028-05-31', 1),
	('2028-06-01', 1),
	('2028-06-02', 1),
	('2028-06-03', 0),
	('2028-06-04', 0),
	('2028-06-05', 1),
	('2028-06-06', 1),
	('2028-06-07', 1),
	('2028-06-08', 1),
	('2028-06-09', 1),
	('2028-06-10', 0),
	('2028-06-11', 0),
	('2028-06-12', 1),
	('2028-06-13', 1),
	('2028-06-14', 1),
	('2028-06-15', 1),
	('2028-06-16', 1),
	('2028-06-17', 0),
	('2028-06-18', 0),
	('2028-06-19', 1),
	('2028-06-20', 1),
	('2028-06-21', 1),
	('2028-06-22', 1),
	('2028-06-23', 1),
	('2028-06-24', 0),
	('2028-06-25', 0),
	('2028-06-26', 1),
	('2028-06-27', 1),
	('2028-06-28', 1),
	('2028-06-29', 1),
	('2028-06-30', 1),
	('2028-07-01', 0),
	('2028-07-02', 0),
	('2028-07-03', 1),
	('2028-07-04', 1),
	('2028-07-05', 1),
	('2028-07-06', 1),
	('2028-07-07', 1),
	('2028-07-08', 0),
	('2028-07-09', 0),
	('2028-07-10', 1),
	('2028-07-11', 1),
	('2028-07-12', 1),
	('2028-07-13', 1),
	('2028-07-14', 1),
	('2028-07-15', 0),
	('2028-07-16', 0),
	('2028-07-17', 1),
	('2028-07-18', 1),
	('2028-07-19', 1),
	('2028-07-20', 1),
	('2028-07-21', 1),
	('2028-07-22', 0),
	('2028-07-23', 0),
	('2028-07-24', 1),
	('2028-07-25', 1),
	('2028-07-26', 1),
	('2028-07-27', 1),
	('2028-07-28', 1),
	('2028-07-29', 0),
	('2028-07-30', 0),
	('2028-07-31', 1),
	('2028-08-01', 1),
	('2028-08-02', 1),
	('2028-08-03', 1),
	('2028-08-04', 1),
	('2028-08-05', 0),
	('2028-08-06', 0),
	('2028-08-07', 1),
	('2028-08-08', 1),
	('2028-08-09', 1),
	('2028-08-10', 1),
	('2028-08-11', 1),
	('2028-08-12', 0),
	('2028-08-13', 0),
	('2028-08-14', 1),
	('2028-08-15', 1),
	('2028-08-16', 1),
	('2028-08-17', 1),
	('2028-08-18', 1),
	('2028-08-19', 0),
	('2028-08-20', 0),
	('2028-08-21', 1),
	('2028-08-22', 1),
	('2028-08-23', 1),
	('2028-08-24', 1),
	('2028-08-25', 1),
	('2028-08-26', 0),
	('2028-08-27', 0),
	('2028-08-28', 1),
	('2028-08-29', 1),
	('2028-08-30', 1),
	('2028-08-31', 1),
	('2028-09-01', 1),
	('2028-09-02', 0),
	('2028-09-03', 0),
	('2028-09-04', 1),
	('2028-09-05', 1),
	('2028-09-06', 1),
	('2028-09-07', 1),
	('2028-09-08', 1),
	('2028-09-09', 0),
	('2028-09-10', 0),
	('2028-09-11', 1),
	('2028-09-12', 1),
	('2028-09-13', 1),
	('2028-09-14', 1),
	('2028-09-15', 1),
	('2028-09-16', 0),
	('2028-09-17', 0),
	('2028-09-18', 1),
	('2028-09-19', 1),
	('2028-09-20', 1),
	('2028-09-21', 1),
	('2028-09-22', 1),
	('2028-09-23', 0),
	('2028-09-24', 0),
	('2028-09-25', 1),
	('2028-09-26', 1),
	('2028-09-27', 1),
	('2028-09-28', 1),
	('2028-09-29', 1),
	('2028-09-30', 0),
	('2028-10-01', 0),
	('2028-10-02', 1),
	('2028-10-03', 1),
	('2028-10-04', 1),
	('2028-10-05', 1),
	('2028-10-06', 1),
	('2028-10-07', 0),
	('2028-10-08', 0),
	('2028-10-09', 1),
	('2028-10-10', 1),
	('2028-10-11', 1),
	('2028-10-12', 1),
	('2028-10-13', 1),
	('2028-10-14', 0),
	('2028-10-15', 0),
	('2028-10-16', 1),
	('2028-10-17', 1),
	('2028-10-18', 1),
	('2028-10-19', 1),
	('2028-10-20', 1),
	('2028-10-21', 0),
	('2028-10-22', 0),
	('2028-10-23', 1),
	('2028-10-24', 1),
	('2028-10-25', 1),
	('2028-10-26', 1),
	('2028-10-27', 1),
	('2028-10-28', 0),
	('2028-10-29', 0),
	('2028-10-30', 1),
	('2028-10-31', 1),
	('2028-11-01', 1),
	('2028-11-02', 1),
	('2028-11-03', 1),
	('2028-11-04', 0),
	('2028-11-05', 0),
	('2028-11-06', 1),
	('2028-11-07', 1),
	('2028-11-08', 1),
	('2028-11-09', 1),
	('2028-11-10', 1),
	('2028-11-11', 0),
	('2028-11-12', 0),
	('2028-11-13', 1),
	('2028-11-14', 1),
	('2028-11-15', 1),
	('2028-11-16', 1),
	('2028-11-17', 1),
	('2028-11-18', 0),
	('2028-11-19', 0),
	('2028-11-20', 1),
	('2028-11-21', 1),
	('2028-11-22', 1),
	('2028-11-23', 1),
	('2028-11-24', 1),
	('2028-11-25', 0),
	('2028-11-26', 0),
	('2028-11-27', 1),
	('2028-11-28', 1),
	('2028-11-29', 1),
	('2028-11-30', 1),
	('2028-12-01', 1),
	('2028-12-02', 0),
	('2028-12-03', 0),
	('2028-12-04', 1),
	('2028-12-05', 1),
	('2028-12-06', 1),
	('2028-12-07', 1),
	('2028-12-08', 1),
	('2028-12-09', 0),
	('2028-12-10', 0),
	('2028-12-11', 1),
	('2028-12-12', 1),
	('2028-12-13', 1),
	('2028-12-14', 1),
	('2028-12-15', 1),
	('2028-12-16', 0),
	('2028-12-17', 0),
	('2028-12-18', 1),
	('2028-12-19', 1),
	('2028-12-20', 1),
	('2028-12-21', 1),
	('2028-12-22', 1),
	('2028-12-23', 0),
	('2028-12-24', 0),
	('2028-12-25', 1),
	('2028-12-26', 1),
	('2028-12-27', 1),
	('2028-12-28', 1),
	('2028-12-29', 1),
	('2028-12-30', 0),
	('2028-12-31', 0),
	('2029-01-01', 1),
	('2029-01-02', 1),
	('2029-01-03', 1),
	('2029-01-04', 1),
	('2029-01-05', 1),
	('2029-01-06', 0),
	('2029-01-07', 0),
	('2029-01-08', 1),
	('2029-01-09', 1),
	('2029-01-10', 1),
	('2029-01-11', 1),
	('2029-01-12', 1),
	('2029-01-13', 0),
	('2029-01-14', 0),
	('2029-01-15', 1),
	('2029-01-16', 1),
	('2029-01-17', 1),
	('2029-01-18', 1),
	('2029-01-19', 1),
	('2029-01-20', 0),
	('2029-01-21', 0),
	('2029-01-22', 1),
	('2029-01-23', 1),
	('2029-01-24', 1),
	('2029-01-25', 1),
	('2029-01-26', 1),
	('2029-01-27', 0),
	('2029-01-28', 0),
	('2029-01-29', 1),
	('2029-01-30', 1),
	('2029-01-31', 1),
	('2029-02-01', 1),
	('2029-02-02', 1),
	('2029-02-03', 0),
	('2029-02-04', 0),
	('2029-02-05', 1),
	('2029-02-06', 1),
	('2029-02-07', 1),
	('2029-02-08', 1),
	('2029-02-09', 1),
	('2029-02-10', 0),
	('2029-02-11', 0),
	('2029-02-12', 1),
	('2029-02-13', 1),
	('2029-02-14', 1),
	('2029-02-15', 1),
	('2029-02-16', 1),
	('2029-02-17', 0),
	('2029-02-18', 0),
	('2029-02-19', 1),
	('2029-02-20', 1),
	('2029-02-21', 1),
	('2029-02-22', 1),
	('2029-02-23', 1),
	('2029-02-24', 0),
	('2029-02-25', 0),
	('2029-02-26', 1),
	('2029-02-27', 1),
	('2029-02-28', 1),
	('2029-03-01', 1),
	('2029-03-02', 1),
	('2029-03-03', 0),
	('2029-03-04', 0),
	('2029-03-05', 1),
	('2029-03-06', 1),
	('2029-03-07', 1),
	('2029-03-08', 1),
	('2029-03-09', 1),
	('2029-03-10', 0),
	('2029-03-11', 0),
	('2029-03-12', 1),
	('2029-03-13', 1),
	('2029-03-14', 1),
	('2029-03-15', 1),
	('2029-03-16', 1),
	('2029-03-17', 0),
	('2029-03-18', 0),
	('2029-03-19', 1),
	('2029-03-20', 1),
	('2029-03-21', 1),
	('2029-03-22', 1),
	('2029-03-23', 1),
	('2029-03-24', 0),
	('2029-03-25', 0),
	('2029-03-26', 1),
	('2029-03-27', 1),
	('2029-03-28', 1),
	('2029-03-29', 1),
	('2029-03-30', 1),
	('2029-03-31', 0),
	('2029-04-01', 0),
	('2029-04-02', 1),
	('2029-04-03', 1),
	('2029-04-04', 1),
	('2029-04-05', 1),
	('2029-04-06', 1),
	('2029-04-07', 0),
	('2029-04-08', 0),
	('2029-04-09', 1),
	('2029-04-10', 1),
	('2029-04-11', 1),
	('2029-04-12', 1),
	('2029-04-13', 1),
	('2029-04-14', 0),
	('2029-04-15', 0),
	('2029-04-16', 1),
	('2029-04-17', 1),
	('2029-04-18', 1),
	('2029-04-19', 1),
	('2029-04-20', 1),
	('2029-04-21', 0),
	('2029-04-22', 0),
	('2029-04-23', 1),
	('2029-04-24', 1),
	('2029-04-25', 1),
	('2029-04-26', 1),
	('2029-04-27', 1),
	('2029-04-28', 0),
	('2029-04-29', 0),
	('2029-04-30', 1),
	('2029-05-01', 1),
	('2029-05-02', 1),
	('2029-05-03', 1),
	('2029-05-04', 1),
	('2029-05-05', 0),
	('2029-05-06', 0),
	('2029-05-07', 1),
	('2029-05-08', 1),
	('2029-05-09', 1),
	('2029-05-10', 1),
	('2029-05-11', 1),
	('2029-05-12', 0),
	('2029-05-13', 0),
	('2029-05-14', 1),
	('2029-05-15', 1),
	('2029-05-16', 1),
	('2029-05-17', 1),
	('2029-05-18', 1),
	('2029-05-19', 0),
	('2029-05-20', 0),
	('2029-05-21', 1),
	('2029-05-22', 1),
	('2029-05-23', 1),
	('2029-05-24', 1),
	('2029-05-25', 1),
	('2029-05-26', 0),
	('2029-05-27', 0),
	('2029-05-28', 1),
	('2029-05-29', 1),
	('2029-05-30', 1),
	('2029-05-31', 1),
	('2029-06-01', 1),
	('2029-06-02', 0),
	('2029-06-03', 0),
	('2029-06-04', 1),
	('2029-06-05', 1),
	('2029-06-06', 1),
	('2029-06-07', 1),
	('2029-06-08', 1),
	('2029-06-09', 0),
	('2029-06-10', 0),
	('2029-06-11', 1),
	('2029-06-12', 1),
	('2029-06-13', 1),
	('2029-06-14', 1),
	('2029-06-15', 1),
	('2029-06-16', 0),
	('2029-06-17', 0),
	('2029-06-18', 1),
	('2029-06-19', 1),
	('2029-06-20', 1),
	('2029-06-21', 1),
	('2029-06-22', 1),
	('2029-06-23', 0),
	('2029-06-24', 0),
	('2029-06-25', 1),
	('2029-06-26', 1),
	('2029-06-27', 1),
	('2029-06-28', 1),
	('2029-06-29', 1),
	('2029-06-30', 0),
	('2029-07-01', 0),
	('2029-07-02', 1),
	('2029-07-03', 1),
	('2029-07-04', 1),
	('2029-07-05', 1),
	('2029-07-06', 1),
	('2029-07-07', 0),
	('2029-07-08', 0),
	('2029-07-09', 1),
	('2029-07-10', 1),
	('2029-07-11', 1),
	('2029-07-12', 1),
	('2029-07-13', 1),
	('2029-07-14', 0),
	('2029-07-15', 0),
	('2029-07-16', 1),
	('2029-07-17', 1),
	('2029-07-18', 1),
	('2029-07-19', 1),
	('2029-07-20', 1),
	('2029-07-21', 0),
	('2029-07-22', 0),
	('2029-07-23', 1),
	('2029-07-24', 1),
	('2029-07-25', 1),
	('2029-07-26', 1),
	('2029-07-27', 1),
	('2029-07-28', 0),
	('2029-07-29', 0),
	('2029-07-30', 1),
	('2029-07-31', 1),
	('2029-08-01', 1),
	('2029-08-02', 1),
	('2029-08-03', 1),
	('2029-08-04', 0),
	('2029-08-05', 0),
	('2029-08-06', 1),
	('2029-08-07', 1),
	('2029-08-08', 1),
	('2029-08-09', 1),
	('2029-08-10', 1),
	('2029-08-11', 0),
	('2029-08-12', 0),
	('2029-08-13', 1),
	('2029-08-14', 1),
	('2029-08-15', 1),
	('2029-08-16', 1),
	('2029-08-17', 1),
	('2029-08-18', 0),
	('2029-08-19', 0),
	('2029-08-20', 1),
	('2029-08-21', 1),
	('2029-08-22', 1),
	('2029-08-23', 1),
	('2029-08-24', 1),
	('2029-08-25', 0),
	('2029-08-26', 0),
	('2029-08-27', 1),
	('2029-08-28', 1),
	('2029-08-29', 1),
	('2029-08-30', 1),
	('2029-08-31', 1),
	('2029-09-01', 0),
	('2029-09-02', 0),
	('2029-09-03', 1),
	('2029-09-04', 1),
	('2029-09-05', 1),
	('2029-09-06', 1),
	('2029-09-07', 1),
	('2029-09-08', 0),
	('2029-09-09', 0),
	('2029-09-10', 1),
	('2029-09-11', 1),
	('2029-09-12', 1),
	('2029-09-13', 1),
	('2029-09-14', 1),
	('2029-09-15', 0),
	('2029-09-16', 0),
	('2029-09-17', 1),
	('2029-09-18', 1),
	('2029-09-19', 1),
	('2029-09-20', 1),
	('2029-09-21', 1),
	('2029-09-22', 0),
	('2029-09-23', 0),
	('2029-09-24', 1),
	('2029-09-25', 1),
	('2029-09-26', 1),
	('2029-09-27', 1),
	('2029-09-28', 1),
	('2029-09-29', 0),
	('2029-09-30', 0),
	('2029-10-01', 1),
	('2029-10-02', 1),
	('2029-10-03', 1),
	('2029-10-04', 1),
	('2029-10-05', 1),
	('2029-10-06', 0),
	('2029-10-07', 0),
	('2029-10-08', 1),
	('2029-10-09', 1),
	('2029-10-10', 1),
	('2029-10-11', 1),
	('2029-10-12', 1),
	('2029-10-13', 0),
	('2029-10-14', 0),
	('2029-10-15', 1),
	('2029-10-16', 1),
	('2029-10-17', 1),
	('2029-10-18', 1),
	('2029-10-19', 1),
	('2029-10-20', 0),
	('2029-10-21', 0),
	('2029-10-22', 1),
	('2029-10-23', 1),
	('2029-10-24', 1),
	('2029-10-25', 1),
	('2029-10-26', 1),
	('2029-10-27', 0),
	('2029-10-28', 0),
	('2029-10-29', 1),
	('2029-10-30', 1),
	('2029-10-31', 1),
	('2029-11-01', 1),
	('2029-11-02', 1),
	('2029-11-03', 0),
	('2029-11-04', 0),
	('2029-11-05', 1),
	('2029-11-06', 1),
	('2029-11-07', 1),
	('2029-11-08', 1),
	('2029-11-09', 1),
	('2029-11-10', 0),
	('2029-11-11', 0),
	('2029-11-12', 1),
	('2029-11-13', 1),
	('2029-11-14', 1),
	('2029-11-15', 1),
	('2029-11-16', 1),
	('2029-11-17', 0),
	('2029-11-18', 0),
	('2029-11-19', 1),
	('2029-11-20', 1),
	('2029-11-21', 1),
	('2029-11-22', 1),
	('2029-11-23', 1),
	('2029-11-24', 0),
	('2029-11-25', 0),
	('2029-11-26', 1),
	('2029-11-27', 1),
	('2029-11-28', 1),
	('2029-11-29', 1),
	('2029-11-30', 1),
	('2029-12-01', 0),
	('2029-12-02', 0),
	('2029-12-03', 1),
	('2029-12-04', 1),
	('2029-12-05', 1),
	('2029-12-06', 1),
	('2029-12-07', 1),
	('2029-12-08', 0),
	('2029-12-09', 0),
	('2029-12-10', 1),
	('2029-12-11', 1),
	('2029-12-12', 1),
	('2029-12-13', 1),
	('2029-12-14', 1),
	('2029-12-15', 0),
	('2029-12-16', 0),
	('2029-12-17', 1),
	('2029-12-18', 1),
	('2029-12-19', 1),
	('2029-12-20', 1),
	('2029-12-21', 1),
	('2029-12-22', 0),
	('2029-12-23', 0),
	('2029-12-24', 1),
	('2029-12-25', 1),
	('2029-12-26', 1),
	('2029-12-27', 1),
	('2029-12-28', 1),
	('2029-12-29', 0),
	('2029-12-30', 0),
	('2029-12-31', 1),
	('2030-01-01', 1),
	('2030-01-02', 1),
	('2030-01-03', 1),
	('2030-01-04', 1),
	('2030-01-05', 0),
	('2030-01-06', 0),
	('2030-01-07', 1),
	('2030-01-08', 1),
	('2030-01-09', 1),
	('2030-01-10', 1),
	('2030-01-11', 1),
	('2030-01-12', 0),
	('2030-01-13', 0),
	('2030-01-14', 1),
	('2030-01-15', 1),
	('2030-01-16', 1),
	('2030-01-17', 1),
	('2030-01-18', 1),
	('2030-01-19', 0),
	('2030-01-20', 0),
	('2030-01-21', 1),
	('2030-01-22', 1),
	('2030-01-23', 1),
	('2030-01-24', 1),
	('2030-01-25', 1),
	('2030-01-26', 0),
	('2030-01-27', 0),
	('2030-01-28', 1),
	('2030-01-29', 1),
	('2030-01-30', 1),
	('2030-01-31', 1),
	('2030-02-01', 1),
	('2030-02-02', 0),
	('2030-02-03', 0),
	('2030-02-04', 1),
	('2030-02-05', 1),
	('2030-02-06', 1),
	('2030-02-07', 1),
	('2030-02-08', 1),
	('2030-02-09', 0),
	('2030-02-10', 0),
	('2030-02-11', 1),
	('2030-02-12', 1),
	('2030-02-13', 1),
	('2030-02-14', 1),
	('2030-02-15', 1),
	('2030-02-16', 0),
	('2030-02-17', 0),
	('2030-02-18', 1),
	('2030-02-19', 1),
	('2030-02-20', 1),
	('2030-02-21', 1),
	('2030-02-22', 1),
	('2030-02-23', 0),
	('2030-02-24', 0),
	('2030-02-25', 1),
	('2030-02-26', 1),
	('2030-02-27', 1),
	('2030-02-28', 1),
	('2030-03-01', 1),
	('2030-03-02', 0),
	('2030-03-03', 0),
	('2030-03-04', 1),
	('2030-03-05', 1),
	('2030-03-06', 1),
	('2030-03-07', 1),
	('2030-03-08', 1),
	('2030-03-09', 0),
	('2030-03-10', 0),
	('2030-03-11', 1),
	('2030-03-12', 1),
	('2030-03-13', 1),
	('2030-03-14', 1),
	('2030-03-15', 1),
	('2030-03-16', 0),
	('2030-03-17', 0),
	('2030-03-18', 1),
	('2030-03-19', 1),
	('2030-03-20', 1),
	('2030-03-21', 1),
	('2030-03-22', 1),
	('2030-03-23', 0),
	('2030-03-24', 0),
	('2030-03-25', 1),
	('2030-03-26', 1),
	('2030-03-27', 1),
	('2030-03-28', 1),
	('2030-03-29', 1),
	('2030-03-30', 0),
	('2030-03-31', 0),
	('2030-04-01', 1),
	('2030-04-02', 1),
	('2030-04-03', 1),
	('2030-04-04', 1),
	('2030-04-05', 1),
	('2030-04-06', 0),
	('2030-04-07', 0),
	('2030-04-08', 1),
	('2030-04-09', 1),
	('2030-04-10', 1),
	('2030-04-11', 1),
	('2030-04-12', 1),
	('2030-04-13', 0),
	('2030-04-14', 0),
	('2030-04-15', 1),
	('2030-04-16', 1),
	('2030-04-17', 1),
	('2030-04-18', 1),
	('2030-04-19', 1),
	('2030-04-20', 0),
	('2030-04-21', 0),
	('2030-04-22', 1),
	('2030-04-23', 1),
	('2030-04-24', 1),
	('2030-04-25', 1),
	('2030-04-26', 1),
	('2030-04-27', 0),
	('2030-04-28', 0),
	('2030-04-29', 1),
	('2030-04-30', 1),
	('2030-05-01', 1),
	('2030-05-02', 1),
	('2030-05-03', 1),
	('2030-05-04', 0),
	('2030-05-05', 0),
	('2030-05-06', 1),
	('2030-05-07', 1),
	('2030-05-08', 1),
	('2030-05-09', 1),
	('2030-05-10', 1),
	('2030-05-11', 0),
	('2030-05-12', 0),
	('2030-05-13', 1),
	('2030-05-14', 1),
	('2030-05-15', 1),
	('2030-05-16', 1),
	('2030-05-17', 1),
	('2030-05-18', 0),
	('2030-05-19', 0),
	('2030-05-20', 1),
	('2030-05-21', 1),
	('2030-05-22', 1),
	('2030-05-23', 1),
	('2030-05-24', 1),
	('2030-05-25', 0),
	('2030-05-26', 0),
	('2030-05-27', 1),
	('2030-05-28', 1),
	('2030-05-29', 1),
	('2030-05-30', 1),
	('2030-05-31', 1),
	('2030-06-01', 0),
	('2030-06-02', 0),
	('2030-06-03', 1),
	('2030-06-04', 1),
	('2030-06-05', 1),
	('2030-06-06', 1),
	('2030-06-07', 1),
	('2030-06-08', 0),
	('2030-06-09', 0),
	('2030-06-10', 1),
	('2030-06-11', 1),
	('2030-06-12', 1),
	('2030-06-13', 1),
	('2030-06-14', 1),
	('2030-06-15', 0),
	('2030-06-16', 0),
	('2030-06-17', 1),
	('2030-06-18', 1),
	('2030-06-19', 1),
	('2030-06-20', 1),
	('2030-06-21', 1),
	('2030-06-22', 0),
	('2030-06-23', 0),
	('2030-06-24', 1),
	('2030-06-25', 1),
	('2030-06-26', 1),
	('2030-06-27', 1),
	('2030-06-28', 1),
	('2030-06-29', 0),
	('2030-06-30', 0),
	('2030-07-01', 1),
	('2030-07-02', 1),
	('2030-07-03', 1),
	('2030-07-04', 1),
	('2030-07-05', 1),
	('2030-07-06', 0),
	('2030-07-07', 0),
	('2030-07-08', 1),
	('2030-07-09', 1),
	('2030-07-10', 1),
	('2030-07-11', 1),
	('2030-07-12', 1),
	('2030-07-13', 0),
	('2030-07-14', 0),
	('2030-07-15', 1),
	('2030-07-16', 1),
	('2030-07-17', 1),
	('2030-07-18', 1),
	('2030-07-19', 1),
	('2030-07-20', 0),
	('2030-07-21', 0),
	('2030-07-22', 1),
	('2030-07-23', 1),
	('2030-07-24', 1),
	('2030-07-25', 1),
	('2030-07-26', 1),
	('2030-07-27', 0),
	('2030-07-28', 0),
	('2030-07-29', 1),
	('2030-07-30', 1),
	('2030-07-31', 1),
	('2030-08-01', 1),
	('2030-08-02', 1),
	('2030-08-03', 0),
	('2030-08-04', 0),
	('2030-08-05', 1),
	('2030-08-06', 1),
	('2030-08-07', 1),
	('2030-08-08', 1),
	('2030-08-09', 1),
	('2030-08-10', 0),
	('2030-08-11', 0),
	('2030-08-12', 1),
	('2030-08-13', 1),
	('2030-08-14', 1),
	('2030-08-15', 1),
	('2030-08-16', 1),
	('2030-08-17', 0),
	('2030-08-18', 0),
	('2030-08-19', 1),
	('2030-08-20', 1),
	('2030-08-21', 1),
	('2030-08-22', 1),
	('2030-08-23', 1),
	('2030-08-24', 0),
	('2030-08-25', 0),
	('2030-08-26', 1),
	('2030-08-27', 1),
	('2030-08-28', 1),
	('2030-08-29', 1),
	('2030-08-30', 1),
	('2030-08-31', 0),
	('2030-09-01', 0),
	('2030-09-02', 1),
	('2030-09-03', 1),
	('2030-09-04', 1),
	('2030-09-05', 1),
	('2030-09-06', 1),
	('2030-09-07', 0),
	('2030-09-08', 0),
	('2030-09-09', 1),
	('2030-09-10', 1),
	('2030-09-11', 1),
	('2030-09-12', 1),
	('2030-09-13', 1),
	('2030-09-14', 0),
	('2030-09-15', 0),
	('2030-09-16', 1),
	('2030-09-17', 1),
	('2030-09-18', 1),
	('2030-09-19', 1),
	('2030-09-20', 1),
	('2030-09-21', 0),
	('2030-09-22', 0),
	('2030-09-23', 1),
	('2030-09-24', 1),
	('2030-09-25', 1),
	('2030-09-26', 1),
	('2030-09-27', 1),
	('2030-09-28', 0),
	('2030-09-29', 0),
	('2030-09-30', 1),
	('2030-10-01', 1),
	('2030-10-02', 1),
	('2030-10-03', 1),
	('2030-10-04', 1),
	('2030-10-05', 0),
	('2030-10-06', 0),
	('2030-10-07', 1),
	('2030-10-08', 1),
	('2030-10-09', 1),
	('2030-10-10', 1),
	('2030-10-11', 1),
	('2030-10-12', 0),
	('2030-10-13', 0),
	('2030-10-14', 1),
	('2030-10-15', 1),
	('2030-10-16', 1),
	('2030-10-17', 1),
	('2030-10-18', 1),
	('2030-10-19', 0),
	('2030-10-20', 0),
	('2030-10-21', 1),
	('2030-10-22', 1),
	('2030-10-23', 1),
	('2030-10-24', 1),
	('2030-10-25', 1),
	('2030-10-26', 0),
	('2030-10-27', 0),
	('2030-10-28', 1),
	('2030-10-29', 1),
	('2030-10-30', 1),
	('2030-10-31', 1),
	('2030-11-01', 1),
	('2030-11-02', 0),
	('2030-11-03', 0),
	('2030-11-04', 1),
	('2030-11-05', 1),
	('2030-11-06', 1),
	('2030-11-07', 1),
	('2030-11-08', 1),
	('2030-11-09', 0),
	('2030-11-10', 0),
	('2030-11-11', 1),
	('2030-11-12', 1),
	('2030-11-13', 1),
	('2030-11-14', 1),
	('2030-11-15', 1),
	('2030-11-16', 0),
	('2030-11-17', 0),
	('2030-11-18', 1),
	('2030-11-19', 1),
	('2030-11-20', 1),
	('2030-11-21', 1),
	('2030-11-22', 1),
	('2030-11-23', 0),
	('2030-11-24', 0),
	('2030-11-25', 1),
	('2030-11-26', 1),
	('2030-11-27', 1),
	('2030-11-28', 1),
	('2030-11-29', 1),
	('2030-11-30', 0),
	('2030-12-01', 0),
	('2030-12-02', 1),
	('2030-12-03', 1),
	('2030-12-04', 1),
	('2030-12-05', 1),
	('2030-12-06', 1),
	('2030-12-07', 0),
	('2030-12-08', 0),
	('2030-12-09', 1),
	('2030-12-10', 1),
	('2030-12-11', 1),
	('2030-12-12', 1),
	('2030-12-13', 1),
	('2030-12-14', 0),
	('2030-12-15', 0),
	('2030-12-16', 1),
	('2030-12-17', 1),
	('2030-12-18', 1),
	('2030-12-19', 1),
	('2030-12-20', 1),
	('2030-12-21', 0),
	('2030-12-22', 0),
	('2030-12-23', 1),
	('2030-12-24', 1),
	('2030-12-25', 1),
	('2030-12-26', 1),
	('2030-12-27', 1),
	('2030-12-28', 0),
	('2030-12-29', 0),
	('2030-12-30', 1),
	('2030-12-31', 1),
	('2031-01-01', 1),
	('2031-01-02', 1),
	('2031-01-03', 1),
	('2031-01-04', 0),
	('2031-01-05', 0),
	('2031-01-06', 1),
	('2031-01-07', 1),
	('2031-01-08', 1),
	('2031-01-09', 1),
	('2031-01-10', 1),
	('2031-01-11', 0),
	('2031-01-12', 0),
	('2031-01-13', 1),
	('2031-01-14', 1),
	('2031-01-15', 1),
	('2031-01-16', 1),
	('2031-01-17', 1),
	('2031-01-18', 0),
	('2031-01-19', 0),
	('2031-01-20', 1),
	('2031-01-21', 1),
	('2031-01-22', 1),
	('2031-01-23', 1),
	('2031-01-24', 1),
	('2031-01-25', 0),
	('2031-01-26', 0),
	('2031-01-27', 1),
	('2031-01-28', 1),
	('2031-01-29', 1),
	('2031-01-30', 1),
	('2031-01-31', 1),
	('2031-02-01', 0),
	('2031-02-02', 0),
	('2031-02-03', 1),
	('2031-02-04', 1),
	('2031-02-05', 1),
	('2031-02-06', 1),
	('2031-02-07', 1),
	('2031-02-08', 0),
	('2031-02-09', 0),
	('2031-02-10', 1),
	('2031-02-11', 1),
	('2031-02-12', 1),
	('2031-02-13', 1),
	('2031-02-14', 1),
	('2031-02-15', 0),
	('2031-02-16', 0),
	('2031-02-17', 1),
	('2031-02-18', 1),
	('2031-02-19', 1),
	('2031-02-20', 1),
	('2031-02-21', 1),
	('2031-02-22', 0),
	('2031-02-23', 0),
	('2031-02-24', 1),
	('2031-02-25', 1),
	('2031-02-26', 1),
	('2031-02-27', 1),
	('2031-02-28', 1),
	('2031-03-01', 0),
	('2031-03-02', 0),
	('2031-03-03', 1),
	('2031-03-04', 1),
	('2031-03-05', 1),
	('2031-03-06', 1),
	('2031-03-07', 1),
	('2031-03-08', 0),
	('2031-03-09', 0),
	('2031-03-10', 1),
	('2031-03-11', 1),
	('2031-03-12', 1),
	('2031-03-13', 1),
	('2031-03-14', 1),
	('2031-03-15', 0),
	('2031-03-16', 0),
	('2031-03-17', 1),
	('2031-03-18', 1),
	('2031-03-19', 1),
	('2031-03-20', 1),
	('2031-03-21', 1),
	('2031-03-22', 0),
	('2031-03-23', 0),
	('2031-03-24', 1),
	('2031-03-25', 1),
	('2031-03-26', 1),
	('2031-03-27', 1),
	('2031-03-28', 1),
	('2031-03-29', 0),
	('2031-03-30', 0),
	('2031-03-31', 1),
	('2031-04-01', 1),
	('2031-04-02', 1),
	('2031-04-03', 1),
	('2031-04-04', 1),
	('2031-04-05', 0),
	('2031-04-06', 0),
	('2031-04-07', 1),
	('2031-04-08', 1),
	('2031-04-09', 1),
	('2031-04-10', 1),
	('2031-04-11', 1),
	('2031-04-12', 0),
	('2031-04-13', 0),
	('2031-04-14', 1),
	('2031-04-15', 1),
	('2031-04-16', 1),
	('2031-04-17', 1),
	('2031-04-18', 1),
	('2031-04-19', 0),
	('2031-04-20', 0),
	('2031-04-21', 1),
	('2031-04-22', 1),
	('2031-04-23', 1),
	('2031-04-24', 1),
	('2031-04-25', 1),
	('2031-04-26', 0),
	('2031-04-27', 0),
	('2031-04-28', 1),
	('2031-04-29', 1),
	('2031-04-30', 1),
	('2031-05-01', 1),
	('2031-05-02', 1),
	('2031-05-03', 0),
	('2031-05-04', 0),
	('2031-05-05', 1),
	('2031-05-06', 1),
	('2031-05-07', 1),
	('2031-05-08', 1),
	('2031-05-09', 1),
	('2031-05-10', 0),
	('2031-05-11', 0),
	('2031-05-12', 1),
	('2031-05-13', 1),
	('2031-05-14', 1),
	('2031-05-15', 1),
	('2031-05-16', 1),
	('2031-05-17', 0),
	('2031-05-18', 0),
	('2031-05-19', 1),
	('2031-05-20', 1),
	('2031-05-21', 1),
	('2031-05-22', 1),
	('2031-05-23', 1),
	('2031-05-24', 0),
	('2031-05-25', 0),
	('2031-05-26', 1),
	('2031-05-27', 1),
	('2031-05-28', 1),
	('2031-05-29', 1),
	('2031-05-30', 1),
	('2031-05-31', 0),
	('2031-06-01', 0),
	('2031-06-02', 1),
	('2031-06-03', 1),
	('2031-06-04', 1),
	('2031-06-05', 1),
	('2031-06-06', 1),
	('2031-06-07', 0),
	('2031-06-08', 0),
	('2031-06-09', 1),
	('2031-06-10', 1),
	('2031-06-11', 1),
	('2031-06-12', 1),
	('2031-06-13', 1),
	('2031-06-14', 0),
	('2031-06-15', 0),
	('2031-06-16', 1),
	('2031-06-17', 1),
	('2031-06-18', 1),
	('2031-06-19', 1),
	('2031-06-20', 1),
	('2031-06-21', 0),
	('2031-06-22', 0),
	('2031-06-23', 1),
	('2031-06-24', 1),
	('2031-06-25', 1),
	('2031-06-26', 1),
	('2031-06-27', 1),
	('2031-06-28', 0),
	('2031-06-29', 0),
	('2031-06-30', 1),
	('2031-07-01', 1),
	('2031-07-02', 1),
	('2031-07-03', 1),
	('2031-07-04', 1),
	('2031-07-05', 0),
	('2031-07-06', 0),
	('2031-07-07', 1),
	('2031-07-08', 1),
	('2031-07-09', 1),
	('2031-07-10', 1),
	('2031-07-11', 1),
	('2031-07-12', 0),
	('2031-07-13', 0),
	('2031-07-14', 1),
	('2031-07-15', 1),
	('2031-07-16', 1),
	('2031-07-17', 1),
	('2031-07-18', 1),
	('2031-07-19', 0),
	('2031-07-20', 0),
	('2031-07-21', 1),
	('2031-07-22', 1),
	('2031-07-23', 1),
	('2031-07-24', 1),
	('2031-07-25', 1),
	('2031-07-26', 0),
	('2031-07-27', 0),
	('2031-07-28', 1),
	('2031-07-29', 1),
	('2031-07-30', 1),
	('2031-07-31', 1),
	('2031-08-01', 1),
	('2031-08-02', 0),
	('2031-08-03', 0),
	('2031-08-04', 1),
	('2031-08-05', 1),
	('2031-08-06', 1),
	('2031-08-07', 1),
	('2031-08-08', 1),
	('2031-08-09', 0),
	('2031-08-10', 0),
	('2031-08-11', 1),
	('2031-08-12', 1),
	('2031-08-13', 1),
	('2031-08-14', 1),
	('2031-08-15', 1),
	('2031-08-16', 0),
	('2031-08-17', 0),
	('2031-08-18', 1),
	('2031-08-19', 1),
	('2031-08-20', 1),
	('2031-08-21', 1),
	('2031-08-22', 1),
	('2031-08-23', 0),
	('2031-08-24', 0),
	('2031-08-25', 1),
	('2031-08-26', 1),
	('2031-08-27', 1),
	('2031-08-28', 1),
	('2031-08-29', 1),
	('2031-08-30', 0),
	('2031-08-31', 0),
	('2031-09-01', 1),
	('2031-09-02', 1),
	('2031-09-03', 1),
	('2031-09-04', 1),
	('2031-09-05', 1),
	('2031-09-06', 0),
	('2031-09-07', 0),
	('2031-09-08', 1),
	('2031-09-09', 1),
	('2031-09-10', 1),
	('2031-09-11', 1),
	('2031-09-12', 1),
	('2031-09-13', 0),
	('2031-09-14', 0),
	('2031-09-15', 1),
	('2031-09-16', 1),
	('2031-09-17', 1),
	('2031-09-18', 1),
	('2031-09-19', 1),
	('2031-09-20', 0),
	('2031-09-21', 0),
	('2031-09-22', 1),
	('2031-09-23', 1),
	('2031-09-24', 1),
	('2031-09-25', 1),
	('2031-09-26', 1),
	('2031-09-27', 0),
	('2031-09-28', 0),
	('2031-09-29', 1),
	('2031-09-30', 1),
	('2031-10-01', 1),
	('2031-10-02', 1),
	('2031-10-03', 1),
	('2031-10-04', 0),
	('2031-10-05', 0),
	('2031-10-06', 1),
	('2031-10-07', 1),
	('2031-10-08', 1),
	('2031-10-09', 1),
	('2031-10-10', 1),
	('2031-10-11', 0),
	('2031-10-12', 0),
	('2031-10-13', 1),
	('2031-10-14', 1),
	('2031-10-15', 1),
	('2031-10-16', 1),
	('2031-10-17', 1),
	('2031-10-18', 0),
	('2031-10-19', 0),
	('2031-10-20', 1),
	('2031-10-21', 1),
	('2031-10-22', 1),
	('2031-10-23', 1),
	('2031-10-24', 1),
	('2031-10-25', 0),
	('2031-10-26', 0),
	('2031-10-27', 1),
	('2031-10-28', 1),
	('2031-10-29', 1),
	('2031-10-30', 1),
	('2031-10-31', 1),
	('2031-11-01', 0),
	('2031-11-02', 0),
	('2031-11-03', 1),
	('2031-11-04', 1),
	('2031-11-05', 1),
	('2031-11-06', 1),
	('2031-11-07', 1),
	('2031-11-08', 0),
	('2031-11-09', 0),
	('2031-11-10', 1),
	('2031-11-11', 1),
	('2031-11-12', 1),
	('2031-11-13', 1),
	('2031-11-14', 1),
	('2031-11-15', 0),
	('2031-11-16', 0),
	('2031-11-17', 1),
	('2031-11-18', 1),
	('2031-11-19', 1),
	('2031-11-20', 1),
	('2031-11-21', 1),
	('2031-11-22', 0),
	('2031-11-23', 0),
	('2031-11-24', 1),
	('2031-11-25', 1),
	('2031-11-26', 1),
	('2031-11-27', 1),
	('2031-11-28', 1),
	('2031-11-29', 0),
	('2031-11-30', 0),
	('2031-12-01', 1),
	('2031-12-02', 1),
	('2031-12-03', 1),
	('2031-12-04', 1),
	('2031-12-05', 1),
	('2031-12-06', 0),
	('2031-12-07', 0),
	('2031-12-08', 1),
	('2031-12-09', 1),
	('2031-12-10', 1),
	('2031-12-11', 1),
	('2031-12-12', 1),
	('2031-12-13', 0),
	('2031-12-14', 0),
	('2031-12-15', 1),
	('2031-12-16', 1),
	('2031-12-17', 1),
	('2031-12-18', 1),
	('2031-12-19', 1),
	('2031-12-20', 0),
	('2031-12-21', 0),
	('2031-12-22', 1),
	('2031-12-23', 1),
	('2031-12-24', 1),
	('2031-12-25', 1),
	('2031-12-26', 1),
	('2031-12-27', 0),
	('2031-12-28', 0),
	('2031-12-29', 1),
	('2031-12-30', 1),
	('2031-12-31', 1),
	('2032-01-01', 1),
	('2032-01-02', 1),
	('2032-01-03', 0),
	('2032-01-04', 0),
	('2032-01-05', 1),
	('2032-01-06', 1),
	('2032-01-07', 1),
	('2032-01-08', 1),
	('2032-01-09', 1),
	('2032-01-10', 0),
	('2032-01-11', 0),
	('2032-01-12', 1),
	('2032-01-13', 1),
	('2032-01-14', 1),
	('2032-01-15', 1),
	('2032-01-16', 1),
	('2032-01-17', 0),
	('2032-01-18', 0),
	('2032-01-19', 1),
	('2032-01-20', 1),
	('2032-01-21', 1),
	('2032-01-22', 1),
	('2032-01-23', 1),
	('2032-01-24', 0),
	('2032-01-25', 0),
	('2032-01-26', 1),
	('2032-01-27', 1),
	('2032-01-28', 1),
	('2032-01-29', 1),
	('2032-01-30', 1),
	('2032-01-31', 0),
	('2032-02-01', 0),
	('2032-02-02', 1),
	('2032-02-03', 1),
	('2032-02-04', 1),
	('2032-02-05', 1),
	('2032-02-06', 1),
	('2032-02-07', 0),
	('2032-02-08', 0),
	('2032-02-09', 1),
	('2032-02-10', 1),
	('2032-02-11', 1),
	('2032-02-12', 1),
	('2032-02-13', 1),
	('2032-02-14', 0),
	('2032-02-15', 0),
	('2032-02-16', 1),
	('2032-02-17', 1),
	('2032-02-18', 1),
	('2032-02-19', 1),
	('2032-02-20', 1),
	('2032-02-21', 0),
	('2032-02-22', 0),
	('2032-02-23', 1),
	('2032-02-24', 1),
	('2032-02-25', 1),
	('2032-02-26', 1),
	('2032-02-27', 1),
	('2032-02-28', 0),
	('2032-02-29', 0),
	('2032-03-01', 1),
	('2032-03-02', 1),
	('2032-03-03', 1),
	('2032-03-04', 1),
	('2032-03-05', 1),
	('2032-03-06', 0),
	('2032-03-07', 0),
	('2032-03-08', 1),
	('2032-03-09', 1),
	('2032-03-10', 1),
	('2032-03-11', 1),
	('2032-03-12', 1),
	('2032-03-13', 0),
	('2032-03-14', 0),
	('2032-03-15', 1),
	('2032-03-16', 1),
	('2032-03-17', 1),
	('2032-03-18', 1),
	('2032-03-19', 1),
	('2032-03-20', 0),
	('2032-03-21', 0),
	('2032-03-22', 1),
	('2032-03-23', 1),
	('2032-03-24', 1),
	('2032-03-25', 1),
	('2032-03-26', 1),
	('2032-03-27', 0),
	('2032-03-28', 0),
	('2032-03-29', 1),
	('2032-03-30', 1),
	('2032-03-31', 1),
	('2032-04-01', 1),
	('2032-04-02', 1),
	('2032-04-03', 0),
	('2032-04-04', 0),
	('2032-04-05', 1),
	('2032-04-06', 1),
	('2032-04-07', 1),
	('2032-04-08', 1),
	('2032-04-09', 1),
	('2032-04-10', 0),
	('2032-04-11', 0),
	('2032-04-12', 1),
	('2032-04-13', 1),
	('2032-04-14', 1),
	('2032-04-15', 1),
	('2032-04-16', 1),
	('2032-04-17', 0),
	('2032-04-18', 0),
	('2032-04-19', 1),
	('2032-04-20', 1),
	('2032-04-21', 1),
	('2032-04-22', 1),
	('2032-04-23', 1),
	('2032-04-24', 0),
	('2032-04-25', 0),
	('2032-04-26', 1),
	('2032-04-27', 1),
	('2032-04-28', 1),
	('2032-04-29', 1),
	('2032-04-30', 1),
	('2032-05-01', 0),
	('2032-05-02', 0),
	('2032-05-03', 1),
	('2032-05-04', 1),
	('2032-05-05', 1),
	('2032-05-06', 1),
	('2032-05-07', 1),
	('2032-05-08', 0),
	('2032-05-09', 0),
	('2032-05-10', 1),
	('2032-05-11', 1),
	('2032-05-12', 1),
	('2032-05-13', 1),
	('2032-05-14', 1),
	('2032-05-15', 0),
	('2032-05-16', 0),
	('2032-05-17', 1),
	('2032-05-18', 1),
	('2032-05-19', 1),
	('2032-05-20', 1),
	('2032-05-21', 1),
	('2032-05-22', 0),
	('2032-05-23', 0),
	('2032-05-24', 1),
	('2032-05-25', 1),
	('2032-05-26', 1),
	('2032-05-27', 1),
	('2032-05-28', 1),
	('2032-05-29', 0),
	('2032-05-30', 0),
	('2032-05-31', 1),
	('2032-06-01', 1),
	('2032-06-02', 1),
	('2032-06-03', 1),
	('2032-06-04', 1),
	('2032-06-05', 0),
	('2032-06-06', 0),
	('2032-06-07', 1),
	('2032-06-08', 1),
	('2032-06-09', 1),
	('2032-06-10', 1),
	('2032-06-11', 1),
	('2032-06-12', 0),
	('2032-06-13', 0),
	('2032-06-14', 1),
	('2032-06-15', 1),
	('2032-06-16', 1),
	('2032-06-17', 1),
	('2032-06-18', 1),
	('2032-06-19', 0),
	('2032-06-20', 0),
	('2032-06-21', 1),
	('2032-06-22', 1),
	('2032-06-23', 1),
	('2032-06-24', 1),
	('2032-06-25', 1),
	('2032-06-26', 0),
	('2032-06-27', 0),
	('2032-06-28', 1),
	('2032-06-29', 1),
	('2032-06-30', 1),
	('2032-07-01', 1),
	('2032-07-02', 1),
	('2032-07-03', 0),
	('2032-07-04', 0),
	('2032-07-05', 1),
	('2032-07-06', 1),
	('2032-07-07', 1),
	('2032-07-08', 1),
	('2032-07-09', 1),
	('2032-07-10', 0),
	('2032-07-11', 0),
	('2032-07-12', 1),
	('2032-07-13', 1),
	('2032-07-14', 1),
	('2032-07-15', 1),
	('2032-07-16', 1),
	('2032-07-17', 0),
	('2032-07-18', 0),
	('2032-07-19', 1),
	('2032-07-20', 1),
	('2032-07-21', 1),
	('2032-07-22', 1),
	('2032-07-23', 1),
	('2032-07-24', 0),
	('2032-07-25', 0),
	('2032-07-26', 1),
	('2032-07-27', 1),
	('2032-07-28', 1),
	('2032-07-29', 1),
	('2032-07-30', 1),
	('2032-07-31', 0),
	('2032-08-01', 0),
	('2032-08-02', 1),
	('2032-08-03', 1),
	('2032-08-04', 1),
	('2032-08-05', 1),
	('2032-08-06', 1),
	('2032-08-07', 0),
	('2032-08-08', 0),
	('2032-08-09', 1),
	('2032-08-10', 1),
	('2032-08-11', 1),
	('2032-08-12', 1),
	('2032-08-13', 1),
	('2032-08-14', 0),
	('2032-08-15', 0),
	('2032-08-16', 1),
	('2032-08-17', 1),
	('2032-08-18', 1),
	('2032-08-19', 1),
	('2032-08-20', 1),
	('2032-08-21', 0),
	('2032-08-22', 0),
	('2032-08-23', 1),
	('2032-08-24', 1),
	('2032-08-25', 1),
	('2032-08-26', 1),
	('2032-08-27', 1),
	('2032-08-28', 0),
	('2032-08-29', 0),
	('2032-08-30', 1),
	('2032-08-31', 1),
	('2032-09-01', 1),
	('2032-09-02', 1),
	('2032-09-03', 1),
	('2032-09-04', 0),
	('2032-09-05', 0),
	('2032-09-06', 1),
	('2032-09-07', 1),
	('2032-09-08', 1),
	('2032-09-09', 1),
	('2032-09-10', 1),
	('2032-09-11', 0),
	('2032-09-12', 0),
	('2032-09-13', 1),
	('2032-09-14', 1),
	('2032-09-15', 1),
	('2032-09-16', 1),
	('2032-09-17', 1),
	('2032-09-18', 0),
	('2032-09-19', 0),
	('2032-09-20', 1),
	('2032-09-21', 1),
	('2032-09-22', 1),
	('2032-09-23', 1),
	('2032-09-24', 1),
	('2032-09-25', 0),
	('2032-09-26', 0),
	('2032-09-27', 1),
	('2032-09-28', 1),
	('2032-09-29', 1),
	('2032-09-30', 1),
	('2032-10-01', 1),
	('2032-10-02', 0),
	('2032-10-03', 0),
	('2032-10-04', 1),
	('2032-10-05', 1),
	('2032-10-06', 1),
	('2032-10-07', 1),
	('2032-10-08', 1),
	('2032-10-09', 0),
	('2032-10-10', 0),
	('2032-10-11', 1),
	('2032-10-12', 1),
	('2032-10-13', 1),
	('2032-10-14', 1),
	('2032-10-15', 1),
	('2032-10-16', 0),
	('2032-10-17', 0),
	('2032-10-18', 1),
	('2032-10-19', 1),
	('2032-10-20', 1),
	('2032-10-21', 1),
	('2032-10-22', 1),
	('2032-10-23', 0),
	('2032-10-24', 0),
	('2032-10-25', 1),
	('2032-10-26', 1),
	('2032-10-27', 1),
	('2032-10-28', 1),
	('2032-10-29', 1),
	('2032-10-30', 0),
	('2032-10-31', 0),
	('2032-11-01', 1),
	('2032-11-02', 1),
	('2032-11-03', 1),
	('2032-11-04', 1),
	('2032-11-05', 1),
	('2032-11-06', 0),
	('2032-11-07', 0),
	('2032-11-08', 1),
	('2032-11-09', 1),
	('2032-11-10', 1),
	('2032-11-11', 1),
	('2032-11-12', 1),
	('2032-11-13', 0),
	('2032-11-14', 0),
	('2032-11-15', 1),
	('2032-11-16', 1),
	('2032-11-17', 1),
	('2032-11-18', 1),
	('2032-11-19', 1),
	('2032-11-20', 0),
	('2032-11-21', 0),
	('2032-11-22', 1),
	('2032-11-23', 1),
	('2032-11-24', 1),
	('2032-11-25', 1),
	('2032-11-26', 1),
	('2032-11-27', 0),
	('2032-11-28', 0),
	('2032-11-29', 1),
	('2032-11-30', 1),
	('2032-12-01', 1),
	('2032-12-02', 1),
	('2032-12-03', 1),
	('2032-12-04', 0),
	('2032-12-05', 0),
	('2032-12-06', 1),
	('2032-12-07', 1),
	('2032-12-08', 1),
	('2032-12-09', 1),
	('2032-12-10', 1),
	('2032-12-11', 0),
	('2032-12-12', 0),
	('2032-12-13', 1),
	('2032-12-14', 1),
	('2032-12-15', 1),
	('2032-12-16', 1),
	('2032-12-17', 1),
	('2032-12-18', 0),
	('2032-12-19', 0),
	('2032-12-20', 1),
	('2032-12-21', 1),
	('2032-12-22', 1),
	('2032-12-23', 1),
	('2032-12-24', 1),
	('2032-12-25', 0),
	('2032-12-26', 0),
	('2032-12-27', 1),
	('2032-12-28', 1),
	('2032-12-29', 1),
	('2032-12-30', 1),
	('2032-12-31', 1),
	('2033-01-01', 0),
	('2033-01-02', 0),
	('2033-01-03', 1),
	('2033-01-04', 1),
	('2033-01-05', 1),
	('2033-01-06', 1),
	('2033-01-07', 1),
	('2033-01-08', 0),
	('2033-01-09', 0),
	('2033-01-10', 1),
	('2033-01-11', 1),
	('2033-01-12', 1),
	('2033-01-13', 1),
	('2033-01-14', 1),
	('2033-01-15', 0),
	('2033-01-16', 0),
	('2033-01-17', 1),
	('2033-01-18', 1),
	('2033-01-19', 1),
	('2033-01-20', 1),
	('2033-01-21', 1),
	('2033-01-22', 0),
	('2033-01-23', 0),
	('2033-01-24', 1),
	('2033-01-25', 1),
	('2033-01-26', 1),
	('2033-01-27', 1),
	('2033-01-28', 1),
	('2033-01-29', 0),
	('2033-01-30', 0),
	('2033-01-31', 1),
	('2033-02-01', 1),
	('2033-02-02', 1),
	('2033-02-03', 1),
	('2033-02-04', 1),
	('2033-02-05', 0),
	('2033-02-06', 0),
	('2033-02-07', 1),
	('2033-02-08', 1),
	('2033-02-09', 1),
	('2033-02-10', 1),
	('2033-02-11', 1),
	('2033-02-12', 0),
	('2033-02-13', 0),
	('2033-02-14', 1),
	('2033-02-15', 1),
	('2033-02-16', 1),
	('2033-02-17', 1),
	('2033-02-18', 1),
	('2033-02-19', 0),
	('2033-02-20', 0),
	('2033-02-21', 1),
	('2033-02-22', 1),
	('2033-02-23', 1),
	('2033-02-24', 1),
	('2033-02-25', 1),
	('2033-02-26', 0),
	('2033-02-27', 0),
	('2033-02-28', 1),
	('2033-03-01', 1),
	('2033-03-02', 1),
	('2033-03-03', 1),
	('2033-03-04', 1),
	('2033-03-05', 0),
	('2033-03-06', 0),
	('2033-03-07', 1),
	('2033-03-08', 1),
	('2033-03-09', 1),
	('2033-03-10', 1),
	('2033-03-11', 1),
	('2033-03-12', 0),
	('2033-03-13', 0),
	('2033-03-14', 1),
	('2033-03-15', 1),
	('2033-03-16', 1),
	('2033-03-17', 1),
	('2033-03-18', 1),
	('2033-03-19', 0),
	('2033-03-20', 0),
	('2033-03-21', 1),
	('2033-03-22', 1),
	('2033-03-23', 1),
	('2033-03-24', 1),
	('2033-03-25', 1),
	('2033-03-26', 0),
	('2033-03-27', 0),
	('2033-03-28', 1),
	('2033-03-29', 1),
	('2033-03-30', 1),
	('2033-03-31', 1),
	('2033-04-01', 1),
	('2033-04-02', 0),
	('2033-04-03', 0),
	('2033-04-04', 1),
	('2033-04-05', 1),
	('2033-04-06', 1),
	('2033-04-07', 1),
	('2033-04-08', 1),
	('2033-04-09', 0),
	('2033-04-10', 0),
	('2033-04-11', 1),
	('2033-04-12', 1),
	('2033-04-13', 1),
	('2033-04-14', 1),
	('2033-04-15', 1),
	('2033-04-16', 0),
	('2033-04-17', 0),
	('2033-04-18', 1),
	('2033-04-19', 1),
	('2033-04-20', 1),
	('2033-04-21', 1),
	('2033-04-22', 1),
	('2033-04-23', 0),
	('2033-04-24', 0),
	('2033-04-25', 1),
	('2033-04-26', 1),
	('2033-04-27', 1),
	('2033-04-28', 1),
	('2033-04-29', 1),
	('2033-04-30', 0),
	('2033-05-01', 0),
	('2033-05-02', 1),
	('2033-05-03', 1),
	('2033-05-04', 1),
	('2033-05-05', 1),
	('2033-05-06', 1),
	('2033-05-07', 0),
	('2033-05-08', 0),
	('2033-05-09', 1),
	('2033-05-10', 1),
	('2033-05-11', 1),
	('2033-05-12', 1),
	('2033-05-13', 1),
	('2033-05-14', 0),
	('2033-05-15', 0),
	('2033-05-16', 1),
	('2033-05-17', 1),
	('2033-05-18', 1),
	('2033-05-19', 1),
	('2033-05-20', 1),
	('2033-05-21', 0),
	('2033-05-22', 0),
	('2033-05-23', 1),
	('2033-05-24', 1),
	('2033-05-25', 1),
	('2033-05-26', 1),
	('2033-05-27', 1),
	('2033-05-28', 0),
	('2033-05-29', 0),
	('2033-05-30', 1),
	('2033-05-31', 1),
	('2033-06-01', 1),
	('2033-06-02', 1),
	('2033-06-03', 1),
	('2033-06-04', 0),
	('2033-06-05', 0),
	('2033-06-06', 1),
	('2033-06-07', 1),
	('2033-06-08', 1),
	('2033-06-09', 1),
	('2033-06-10', 1),
	('2033-06-11', 0),
	('2033-06-12', 0),
	('2033-06-13', 1),
	('2033-06-14', 1),
	('2033-06-15', 1),
	('2033-06-16', 1),
	('2033-06-17', 1),
	('2033-06-18', 0),
	('2033-06-19', 0),
	('2033-06-20', 1),
	('2033-06-21', 1),
	('2033-06-22', 1),
	('2033-06-23', 1),
	('2033-06-24', 1),
	('2033-06-25', 0),
	('2033-06-26', 0),
	('2033-06-27', 1),
	('2033-06-28', 1),
	('2033-06-29', 1),
	('2033-06-30', 1),
	('2033-07-01', 1),
	('2033-07-02', 0),
	('2033-07-03', 0),
	('2033-07-04', 1),
	('2033-07-05', 1),
	('2033-07-06', 1),
	('2033-07-07', 1),
	('2033-07-08', 1),
	('2033-07-09', 0),
	('2033-07-10', 0),
	('2033-07-11', 1),
	('2033-07-12', 1),
	('2033-07-13', 1),
	('2033-07-14', 1),
	('2033-07-15', 1),
	('2033-07-16', 0),
	('2033-07-17', 0),
	('2033-07-18', 1),
	('2033-07-19', 1),
	('2033-07-20', 1),
	('2033-07-21', 1),
	('2033-07-22', 1),
	('2033-07-23', 0),
	('2033-07-24', 0),
	('2033-07-25', 1),
	('2033-07-26', 1),
	('2033-07-27', 1),
	('2033-07-28', 1),
	('2033-07-29', 1),
	('2033-07-30', 0),
	('2033-07-31', 0),
	('2033-08-01', 1),
	('2033-08-02', 1),
	('2033-08-03', 1),
	('2033-08-04', 1),
	('2033-08-05', 1),
	('2033-08-06', 0),
	('2033-08-07', 0),
	('2033-08-08', 1),
	('2033-08-09', 1),
	('2033-08-10', 1),
	('2033-08-11', 1),
	('2033-08-12', 1),
	('2033-08-13', 0),
	('2033-08-14', 0),
	('2033-08-15', 1),
	('2033-08-16', 1),
	('2033-08-17', 1),
	('2033-08-18', 1),
	('2033-08-19', 1),
	('2033-08-20', 0),
	('2033-08-21', 0),
	('2033-08-22', 1),
	('2033-08-23', 1),
	('2033-08-24', 1),
	('2033-08-25', 1),
	('2033-08-26', 1),
	('2033-08-27', 0),
	('2033-08-28', 0),
	('2033-08-29', 1),
	('2033-08-30', 1),
	('2033-08-31', 1),
	('2033-09-01', 1),
	('2033-09-02', 1),
	('2033-09-03', 0),
	('2033-09-04', 0),
	('2033-09-05', 1),
	('2033-09-06', 1),
	('2033-09-07', 1),
	('2033-09-08', 1),
	('2033-09-09', 1),
	('2033-09-10', 0),
	('2033-09-11', 0),
	('2033-09-12', 1),
	('2033-09-13', 1),
	('2033-09-14', 1),
	('2033-09-15', 1),
	('2033-09-16', 1),
	('2033-09-17', 0),
	('2033-09-18', 0),
	('2033-09-19', 1),
	('2033-09-20', 1),
	('2033-09-21', 1),
	('2033-09-22', 1),
	('2033-09-23', 1),
	('2033-09-24', 0),
	('2033-09-25', 0),
	('2033-09-26', 1),
	('2033-09-27', 1),
	('2033-09-28', 1),
	('2033-09-29', 1),
	('2033-09-30', 1),
	('2033-10-01', 0),
	('2033-10-02', 0),
	('2033-10-03', 1),
	('2033-10-04', 1),
	('2033-10-05', 1),
	('2033-10-06', 1),
	('2033-10-07', 1),
	('2033-10-08', 0),
	('2033-10-09', 0),
	('2033-10-10', 1),
	('2033-10-11', 1),
	('2033-10-12', 1),
	('2033-10-13', 1),
	('2033-10-14', 1),
	('2033-10-15', 0),
	('2033-10-16', 0),
	('2033-10-17', 1),
	('2033-10-18', 1),
	('2033-10-19', 1),
	('2033-10-20', 1),
	('2033-10-21', 1),
	('2033-10-22', 0),
	('2033-10-23', 0),
	('2033-10-24', 1),
	('2033-10-25', 1),
	('2033-10-26', 1),
	('2033-10-27', 1),
	('2033-10-28', 1),
	('2033-10-29', 0),
	('2033-10-30', 0),
	('2033-10-31', 1),
	('2033-11-01', 1),
	('2033-11-02', 1),
	('2033-11-03', 1),
	('2033-11-04', 1),
	('2033-11-05', 0),
	('2033-11-06', 0),
	('2033-11-07', 1),
	('2033-11-08', 1),
	('2033-11-09', 1),
	('2033-11-10', 1),
	('2033-11-11', 1),
	('2033-11-12', 0),
	('2033-11-13', 0),
	('2033-11-14', 1),
	('2033-11-15', 1),
	('2033-11-16', 1),
	('2033-11-17', 1),
	('2033-11-18', 1),
	('2033-11-19', 0),
	('2033-11-20', 0),
	('2033-11-21', 1),
	('2033-11-22', 1),
	('2033-11-23', 1),
	('2033-11-24', 1),
	('2033-11-25', 1),
	('2033-11-26', 0),
	('2033-11-27', 0),
	('2033-11-28', 1),
	('2033-11-29', 1),
	('2033-11-30', 1),
	('2033-12-01', 1),
	('2033-12-02', 1),
	('2033-12-03', 0),
	('2033-12-04', 0),
	('2033-12-05', 1),
	('2033-12-06', 1),
	('2033-12-07', 1),
	('2033-12-08', 1),
	('2033-12-09', 1),
	('2033-12-10', 0),
	('2033-12-11', 0),
	('2033-12-12', 1),
	('2033-12-13', 1),
	('2033-12-14', 1),
	('2033-12-15', 1),
	('2033-12-16', 1),
	('2033-12-17', 0),
	('2033-12-18', 0),
	('2033-12-19', 1),
	('2033-12-20', 1),
	('2033-12-21', 1),
	('2033-12-22', 1),
	('2033-12-23', 1),
	('2033-12-24', 0),
	('2033-12-25', 0),
	('2033-12-26', 1),
	('2033-12-27', 1),
	('2033-12-28', 1),
	('2033-12-29', 1),
	('2033-12-30', 1),
	('2033-12-31', 0),
	('2034-01-01', 0),
	('2034-01-02', 1),
	('2034-01-03', 1),
	('2034-01-04', 1),
	('2034-01-05', 1),
	('2034-01-06', 1),
	('2034-01-07', 0),
	('2034-01-08', 0),
	('2034-01-09', 1),
	('2034-01-10', 1),
	('2034-01-11', 1),
	('2034-01-12', 1),
	('2034-01-13', 1),
	('2034-01-14', 0),
	('2034-01-15', 0),
	('2034-01-16', 1),
	('2034-01-17', 1),
	('2034-01-18', 1),
	('2034-01-19', 1),
	('2034-01-20', 1),
	('2034-01-21', 0),
	('2034-01-22', 0),
	('2034-01-23', 1),
	('2034-01-24', 1),
	('2034-01-25', 1),
	('2034-01-26', 1),
	('2034-01-27', 1),
	('2034-01-28', 0),
	('2034-01-29', 0),
	('2034-01-30', 1),
	('2034-01-31', 1),
	('2034-02-01', 1),
	('2034-02-02', 1),
	('2034-02-03', 1),
	('2034-02-04', 0),
	('2034-02-05', 0),
	('2034-02-06', 1),
	('2034-02-07', 1),
	('2034-02-08', 1),
	('2034-02-09', 1),
	('2034-02-10', 1),
	('2034-02-11', 0),
	('2034-02-12', 0),
	('2034-02-13', 1),
	('2034-02-14', 1),
	('2034-02-15', 1),
	('2034-02-16', 1),
	('2034-02-17', 1),
	('2034-02-18', 0),
	('2034-02-19', 0),
	('2034-02-20', 1),
	('2034-02-21', 1),
	('2034-02-22', 1),
	('2034-02-23', 1),
	('2034-02-24', 1),
	('2034-02-25', 0),
	('2034-02-26', 0),
	('2034-02-27', 1),
	('2034-02-28', 1),
	('2034-03-01', 1),
	('2034-03-02', 1),
	('2034-03-03', 1),
	('2034-03-04', 0),
	('2034-03-05', 0),
	('2034-03-06', 1),
	('2034-03-07', 1),
	('2034-03-08', 1),
	('2034-03-09', 1),
	('2034-03-10', 1),
	('2034-03-11', 0),
	('2034-03-12', 0),
	('2034-03-13', 1),
	('2034-03-14', 1),
	('2034-03-15', 1),
	('2034-03-16', 1),
	('2034-03-17', 1),
	('2034-03-18', 0),
	('2034-03-19', 0),
	('2034-03-20', 1),
	('2034-03-21', 1),
	('2034-03-22', 1),
	('2034-03-23', 1),
	('2034-03-24', 1),
	('2034-03-25', 0),
	('2034-03-26', 0),
	('2034-03-27', 1),
	('2034-03-28', 1),
	('2034-03-29', 1),
	('2034-03-30', 1),
	('2034-03-31', 1),
	('2034-04-01', 0),
	('2034-04-02', 0),
	('2034-04-03', 1),
	('2034-04-04', 1),
	('2034-04-05', 1),
	('2034-04-06', 1),
	('2034-04-07', 1),
	('2034-04-08', 0),
	('2034-04-09', 0),
	('2034-04-10', 1),
	('2034-04-11', 1),
	('2034-04-12', 1),
	('2034-04-13', 1),
	('2034-04-14', 1),
	('2034-04-15', 0),
	('2034-04-16', 0),
	('2034-04-17', 1),
	('2034-04-18', 1),
	('2034-04-19', 1),
	('2034-04-20', 1),
	('2034-04-21', 1),
	('2034-04-22', 0),
	('2034-04-23', 0),
	('2034-04-24', 1),
	('2034-04-25', 1),
	('2034-04-26', 1),
	('2034-04-27', 1),
	('2034-04-28', 1),
	('2034-04-29', 0),
	('2034-04-30', 0),
	('2034-05-01', 1),
	('2034-05-02', 1),
	('2034-05-03', 1),
	('2034-05-04', 1),
	('2034-05-05', 1),
	('2034-05-06', 0),
	('2034-05-07', 0),
	('2034-05-08', 1),
	('2034-05-09', 1),
	('2034-05-10', 1),
	('2034-05-11', 1),
	('2034-05-12', 1),
	('2034-05-13', 0),
	('2034-05-14', 0),
	('2034-05-15', 1),
	('2034-05-16', 1),
	('2034-05-17', 1),
	('2034-05-18', 1),
	('2034-05-19', 1),
	('2034-05-20', 0),
	('2034-05-21', 0),
	('2034-05-22', 1),
	('2034-05-23', 1),
	('2034-05-24', 1),
	('2034-05-25', 1),
	('2034-05-26', 1),
	('2034-05-27', 0),
	('2034-05-28', 0),
	('2034-05-29', 1),
	('2034-05-30', 1),
	('2034-05-31', 1),
	('2034-06-01', 1),
	('2034-06-02', 1),
	('2034-06-03', 0),
	('2034-06-04', 0),
	('2034-06-05', 1),
	('2034-06-06', 1),
	('2034-06-07', 1),
	('2034-06-08', 1),
	('2034-06-09', 1),
	('2034-06-10', 0),
	('2034-06-11', 0),
	('2034-06-12', 1),
	('2034-06-13', 1),
	('2034-06-14', 1),
	('2034-06-15', 1),
	('2034-06-16', 1),
	('2034-06-17', 0),
	('2034-06-18', 0),
	('2034-06-19', 1),
	('2034-06-20', 1),
	('2034-06-21', 1),
	('2034-06-22', 1),
	('2034-06-23', 1),
	('2034-06-24', 0),
	('2034-06-25', 0),
	('2034-06-26', 1),
	('2034-06-27', 1),
	('2034-06-28', 1),
	('2034-06-29', 1),
	('2034-06-30', 1),
	('2034-07-01', 0),
	('2034-07-02', 0),
	('2034-07-03', 1),
	('2034-07-04', 1),
	('2034-07-05', 1),
	('2034-07-06', 1),
	('2034-07-07', 1),
	('2034-07-08', 0),
	('2034-07-09', 0),
	('2034-07-10', 1),
	('2034-07-11', 1),
	('2034-07-12', 1),
	('2034-07-13', 1),
	('2034-07-14', 1),
	('2034-07-15', 0),
	('2034-07-16', 0),
	('2034-07-17', 1),
	('2034-07-18', 1),
	('2034-07-19', 1),
	('2034-07-20', 1),
	('2034-07-21', 1),
	('2034-07-22', 0),
	('2034-07-23', 0),
	('2034-07-24', 1),
	('2034-07-25', 1),
	('2034-07-26', 1),
	('2034-07-27', 1),
	('2034-07-28', 1),
	('2034-07-29', 0),
	('2034-07-30', 0),
	('2034-07-31', 1),
	('2034-08-01', 1),
	('2034-08-02', 1),
	('2034-08-03', 1),
	('2034-08-04', 1),
	('2034-08-05', 0),
	('2034-08-06', 0),
	('2034-08-07', 1),
	('2034-08-08', 1),
	('2034-08-09', 1),
	('2034-08-10', 1),
	('2034-08-11', 1),
	('2034-08-12', 0),
	('2034-08-13', 0),
	('2034-08-14', 1),
	('2034-08-15', 1),
	('2034-08-16', 1),
	('2034-08-17', 1),
	('2034-08-18', 1),
	('2034-08-19', 0),
	('2034-08-20', 0),
	('2034-08-21', 1),
	('2034-08-22', 1),
	('2034-08-23', 1),
	('2034-08-24', 1),
	('2034-08-25', 1),
	('2034-08-26', 0),
	('2034-08-27', 0),
	('2034-08-28', 1),
	('2034-08-29', 1),
	('2034-08-30', 1),
	('2034-08-31', 1),
	('2034-09-01', 1),
	('2034-09-02', 0),
	('2034-09-03', 0),
	('2034-09-04', 1),
	('2034-09-05', 1),
	('2034-09-06', 1),
	('2034-09-07', 1),
	('2034-09-08', 1),
	('2034-09-09', 0),
	('2034-09-10', 0),
	('2034-09-11', 1),
	('2034-09-12', 1),
	('2034-09-13', 1),
	('2034-09-14', 1),
	('2034-09-15', 1),
	('2034-09-16', 0),
	('2034-09-17', 0),
	('2034-09-18', 1),
	('2034-09-19', 1),
	('2034-09-20', 1),
	('2034-09-21', 1),
	('2034-09-22', 1),
	('2034-09-23', 0),
	('2034-09-24', 0),
	('2034-09-25', 1),
	('2034-09-26', 1),
	('2034-09-27', 1),
	('2034-09-28', 1),
	('2034-09-29', 1),
	('2034-09-30', 0),
	('2034-10-01', 0),
	('2034-10-02', 1),
	('2034-10-03', 1),
	('2034-10-04', 1),
	('2034-10-05', 1),
	('2034-10-06', 1),
	('2034-10-07', 0),
	('2034-10-08', 0),
	('2034-10-09', 1),
	('2034-10-10', 1),
	('2034-10-11', 1),
	('2034-10-12', 1),
	('2034-10-13', 1),
	('2034-10-14', 0),
	('2034-10-15', 0),
	('2034-10-16', 1),
	('2034-10-17', 1),
	('2034-10-18', 1),
	('2034-10-19', 1),
	('2034-10-20', 1),
	('2034-10-21', 0),
	('2034-10-22', 0),
	('2034-10-23', 1),
	('2034-10-24', 1),
	('2034-10-25', 1),
	('2034-10-26', 1),
	('2034-10-27', 1),
	('2034-10-28', 0),
	('2034-10-29', 0),
	('2034-10-30', 1),
	('2034-10-31', 1),
	('2034-11-01', 1),
	('2034-11-02', 1),
	('2034-11-03', 1),
	('2034-11-04', 0),
	('2034-11-05', 0),
	('2034-11-06', 1),
	('2034-11-07', 1),
	('2034-11-08', 1),
	('2034-11-09', 1),
	('2034-11-10', 1),
	('2034-11-11', 0),
	('2034-11-12', 0),
	('2034-11-13', 1),
	('2034-11-14', 1),
	('2034-11-15', 1),
	('2034-11-16', 1),
	('2034-11-17', 1),
	('2034-11-18', 0),
	('2034-11-19', 0),
	('2034-11-20', 1),
	('2034-11-21', 1),
	('2034-11-22', 1),
	('2034-11-23', 1),
	('2034-11-24', 1),
	('2034-11-25', 0),
	('2034-11-26', 0),
	('2034-11-27', 1),
	('2034-11-28', 1),
	('2034-11-29', 1),
	('2034-11-30', 1),
	('2034-12-01', 1),
	('2034-12-02', 0),
	('2034-12-03', 0),
	('2034-12-04', 1),
	('2034-12-05', 1),
	('2034-12-06', 1),
	('2034-12-07', 1),
	('2034-12-08', 1),
	('2034-12-09', 0),
	('2034-12-10', 0),
	('2034-12-11', 1),
	('2034-12-12', 1),
	('2034-12-13', 1),
	('2034-12-14', 1),
	('2034-12-15', 1),
	('2034-12-16', 0),
	('2034-12-17', 0),
	('2034-12-18', 1),
	('2034-12-19', 1),
	('2034-12-20', 1),
	('2034-12-21', 1),
	('2034-12-22', 1),
	('2034-12-23', 0),
	('2034-12-24', 0),
	('2034-12-25', 1),
	('2034-12-26', 1),
	('2034-12-27', 1),
	('2034-12-28', 1),
	('2034-12-29', 1),
	('2034-12-30', 0),
	('2034-12-31', 0),
	('2035-01-01', 1),
	('2035-01-02', 1),
	('2035-01-03', 1),
	('2035-01-04', 1),
	('2035-01-05', 1),
	('2035-01-06', 0),
	('2035-01-07', 0),
	('2035-01-08', 1),
	('2035-01-09', 1),
	('2035-01-10', 1),
	('2035-01-11', 1),
	('2035-01-12', 1),
	('2035-01-13', 0),
	('2035-01-14', 0),
	('2035-01-15', 1),
	('2035-01-16', 1),
	('2035-01-17', 1),
	('2035-01-18', 1),
	('2035-01-19', 1),
	('2035-01-20', 0),
	('2035-01-21', 0),
	('2035-01-22', 1),
	('2035-01-23', 1),
	('2035-01-24', 1),
	('2035-01-25', 1),
	('2035-01-26', 1),
	('2035-01-27', 0),
	('2035-01-28', 0),
	('2035-01-29', 1),
	('2035-01-30', 1),
	('2035-01-31', 1),
	('2035-02-01', 1),
	('2035-02-02', 1),
	('2035-02-03', 0),
	('2035-02-04', 0),
	('2035-02-05', 1),
	('2035-02-06', 1),
	('2035-02-07', 1),
	('2035-02-08', 1),
	('2035-02-09', 1),
	('2035-02-10', 0),
	('2035-02-11', 0),
	('2035-02-12', 1),
	('2035-02-13', 1),
	('2035-02-14', 1),
	('2035-02-15', 1),
	('2035-02-16', 1),
	('2035-02-17', 0),
	('2035-02-18', 0),
	('2035-02-19', 1),
	('2035-02-20', 1),
	('2035-02-21', 1),
	('2035-02-22', 1),
	('2035-02-23', 1),
	('2035-02-24', 0),
	('2035-02-25', 0),
	('2035-02-26', 1),
	('2035-02-27', 1),
	('2035-02-28', 1),
	('2035-03-01', 1),
	('2035-03-02', 1),
	('2035-03-03', 0),
	('2035-03-04', 0),
	('2035-03-05', 1),
	('2035-03-06', 1),
	('2035-03-07', 1),
	('2035-03-08', 1),
	('2035-03-09', 1),
	('2035-03-10', 0),
	('2035-03-11', 0),
	('2035-03-12', 1),
	('2035-03-13', 1),
	('2035-03-14', 1),
	('2035-03-15', 1),
	('2035-03-16', 1),
	('2035-03-17', 0),
	('2035-03-18', 0),
	('2035-03-19', 1),
	('2035-03-20', 1),
	('2035-03-21', 1),
	('2035-03-22', 1),
	('2035-03-23', 1),
	('2035-03-24', 0),
	('2035-03-25', 0),
	('2035-03-26', 1),
	('2035-03-27', 1),
	('2035-03-28', 1),
	('2035-03-29', 1),
	('2035-03-30', 1),
	('2035-03-31', 0),
	('2035-04-01', 0),
	('2035-04-02', 1),
	('2035-04-03', 1),
	('2035-04-04', 1),
	('2035-04-05', 1),
	('2035-04-06', 1),
	('2035-04-07', 0),
	('2035-04-08', 0),
	('2035-04-09', 1),
	('2035-04-10', 1),
	('2035-04-11', 1),
	('2035-04-12', 1),
	('2035-04-13', 1),
	('2035-04-14', 0),
	('2035-04-15', 0),
	('2035-04-16', 1),
	('2035-04-17', 1),
	('2035-04-18', 1),
	('2035-04-19', 1),
	('2035-04-20', 1),
	('2035-04-21', 0),
	('2035-04-22', 0),
	('2035-04-23', 1),
	('2035-04-24', 1),
	('2035-04-25', 1),
	('2035-04-26', 1),
	('2035-04-27', 1),
	('2035-04-28', 0),
	('2035-04-29', 0),
	('2035-04-30', 1),
	('2035-05-01', 1),
	('2035-05-02', 1),
	('2035-05-03', 1),
	('2035-05-04', 1),
	('2035-05-05', 0),
	('2035-05-06', 0),
	('2035-05-07', 1),
	('2035-05-08', 1),
	('2035-05-09', 1),
	('2035-05-10', 1),
	('2035-05-11', 1),
	('2035-05-12', 0),
	('2035-05-13', 0),
	('2035-05-14', 1),
	('2035-05-15', 1),
	('2035-05-16', 1),
	('2035-05-17', 1),
	('2035-05-18', 1),
	('2035-05-19', 0),
	('2035-05-20', 0),
	('2035-05-21', 1),
	('2035-05-22', 1),
	('2035-05-23', 1),
	('2035-05-24', 1),
	('2035-05-25', 1),
	('2035-05-26', 0),
	('2035-05-27', 0),
	('2035-05-28', 1),
	('2035-05-29', 1),
	('2035-05-30', 1),
	('2035-05-31', 1),
	('2035-06-01', 1),
	('2035-06-02', 0),
	('2035-06-03', 0),
	('2035-06-04', 1),
	('2035-06-05', 1),
	('2035-06-06', 1),
	('2035-06-07', 1),
	('2035-06-08', 1),
	('2035-06-09', 0),
	('2035-06-10', 0),
	('2035-06-11', 1),
	('2035-06-12', 1),
	('2035-06-13', 1),
	('2035-06-14', 1),
	('2035-06-15', 1),
	('2035-06-16', 0),
	('2035-06-17', 0),
	('2035-06-18', 1),
	('2035-06-19', 1),
	('2035-06-20', 1),
	('2035-06-21', 1),
	('2035-06-22', 1),
	('2035-06-23', 0),
	('2035-06-24', 0),
	('2035-06-25', 1),
	('2035-06-26', 1),
	('2035-06-27', 1),
	('2035-06-28', 1),
	('2035-06-29', 1),
	('2035-06-30', 0),
	('2035-07-01', 0),
	('2035-07-02', 1),
	('2035-07-03', 1),
	('2035-07-04', 1),
	('2035-07-05', 1),
	('2035-07-06', 1),
	('2035-07-07', 0),
	('2035-07-08', 0),
	('2035-07-09', 1),
	('2035-07-10', 1),
	('2035-07-11', 1),
	('2035-07-12', 1),
	('2035-07-13', 1),
	('2035-07-14', 0),
	('2035-07-15', 0),
	('2035-07-16', 1),
	('2035-07-17', 1),
	('2035-07-18', 1),
	('2035-07-19', 1),
	('2035-07-20', 1),
	('2035-07-21', 0),
	('2035-07-22', 0),
	('2035-07-23', 1),
	('2035-07-24', 1),
	('2035-07-25', 1),
	('2035-07-26', 1),
	('2035-07-27', 1),
	('2035-07-28', 0),
	('2035-07-29', 0),
	('2035-07-30', 1),
	('2035-07-31', 1),
	('2035-08-01', 1),
	('2035-08-02', 1),
	('2035-08-03', 1),
	('2035-08-04', 0),
	('2035-08-05', 0),
	('2035-08-06', 1),
	('2035-08-07', 1),
	('2035-08-08', 1),
	('2035-08-09', 1),
	('2035-08-10', 1),
	('2035-08-11', 0),
	('2035-08-12', 0),
	('2035-08-13', 1),
	('2035-08-14', 1),
	('2035-08-15', 1),
	('2035-08-16', 1),
	('2035-08-17', 1),
	('2035-08-18', 0),
	('2035-08-19', 0),
	('2035-08-20', 1),
	('2035-08-21', 1),
	('2035-08-22', 1),
	('2035-08-23', 1),
	('2035-08-24', 1),
	('2035-08-25', 0),
	('2035-08-26', 0),
	('2035-08-27', 1),
	('2035-08-28', 1),
	('2035-08-29', 1),
	('2035-08-30', 1),
	('2035-08-31', 1),
	('2035-09-01', 0),
	('2035-09-02', 0),
	('2035-09-03', 1),
	('2035-09-04', 1),
	('2035-09-05', 1),
	('2035-09-06', 1),
	('2035-09-07', 1),
	('2035-09-08', 0),
	('2035-09-09', 0),
	('2035-09-10', 1),
	('2035-09-11', 1),
	('2035-09-12', 1),
	('2035-09-13', 1),
	('2035-09-14', 1),
	('2035-09-15', 0),
	('2035-09-16', 0),
	('2035-09-17', 1),
	('2035-09-18', 1),
	('2035-09-19', 1),
	('2035-09-20', 1),
	('2035-09-21', 1),
	('2035-09-22', 0),
	('2035-09-23', 0),
	('2035-09-24', 1),
	('2035-09-25', 1),
	('2035-09-26', 1),
	('2035-09-27', 1),
	('2035-09-28', 1),
	('2035-09-29', 0),
	('2035-09-30', 0),
	('2035-10-01', 1),
	('2035-10-02', 1),
	('2035-10-03', 1),
	('2035-10-04', 1),
	('2035-10-05', 1),
	('2035-10-06', 0),
	('2035-10-07', 0),
	('2035-10-08', 1),
	('2035-10-09', 1),
	('2035-10-10', 1),
	('2035-10-11', 1),
	('2035-10-12', 1),
	('2035-10-13', 0),
	('2035-10-14', 0),
	('2035-10-15', 1),
	('2035-10-16', 1),
	('2035-10-17', 1),
	('2035-10-18', 1),
	('2035-10-19', 1),
	('2035-10-20', 0),
	('2035-10-21', 0),
	('2035-10-22', 1),
	('2035-10-23', 1),
	('2035-10-24', 1),
	('2035-10-25', 1),
	('2035-10-26', 1),
	('2035-10-27', 0),
	('2035-10-28', 0),
	('2035-10-29', 1),
	('2035-10-30', 1),
	('2035-10-31', 1),
	('2035-11-01', 1),
	('2035-11-02', 1),
	('2035-11-03', 0),
	('2035-11-04', 0),
	('2035-11-05', 1),
	('2035-11-06', 1),
	('2035-11-07', 1),
	('2035-11-08', 1),
	('2035-11-09', 1),
	('2035-11-10', 0),
	('2035-11-11', 0),
	('2035-11-12', 1),
	('2035-11-13', 1),
	('2035-11-14', 1),
	('2035-11-15', 1),
	('2035-11-16', 1),
	('2035-11-17', 0),
	('2035-11-18', 0),
	('2035-11-19', 1),
	('2035-11-20', 1),
	('2035-11-21', 1),
	('2035-11-22', 1),
	('2035-11-23', 1),
	('2035-11-24', 0),
	('2035-11-25', 0),
	('2035-11-26', 1),
	('2035-11-27', 1),
	('2035-11-28', 1),
	('2035-11-29', 1),
	('2035-11-30', 1),
	('2035-12-01', 0),
	('2035-12-02', 0),
	('2035-12-03', 1),
	('2035-12-04', 1),
	('2035-12-05', 1),
	('2035-12-06', 1),
	('2035-12-07', 1),
	('2035-12-08', 0),
	('2035-12-09', 0),
	('2035-12-10', 1),
	('2035-12-11', 1),
	('2035-12-12', 1),
	('2035-12-13', 1),
	('2035-12-14', 1),
	('2035-12-15', 0),
	('2035-12-16', 0),
	('2035-12-17', 1),
	('2035-12-18', 1),
	('2035-12-19', 1),
	('2035-12-20', 1),
	('2035-12-21', 1),
	('2035-12-22', 0),
	('2035-12-23', 0),
	('2035-12-24', 1),
	('2035-12-25', 1),
	('2035-12-26', 1),
	('2035-12-27', 1),
	('2035-12-28', 1),
	('2035-12-29', 0),
	('2035-12-30', 0),
	('2035-12-31', 1),
	('2036-01-01', 1),
	('2036-01-02', 1),
	('2036-01-03', 1),
	('2036-01-04', 1),
	('2036-01-05', 0),
	('2036-01-06', 0),
	('2036-01-07', 1),
	('2036-01-08', 1),
	('2036-01-09', 1),
	('2036-01-10', 1),
	('2036-01-11', 1),
	('2036-01-12', 0),
	('2036-01-13', 0),
	('2036-01-14', 1),
	('2036-01-15', 1),
	('2036-01-16', 1),
	('2036-01-17', 1),
	('2036-01-18', 1),
	('2036-01-19', 0),
	('2036-01-20', 0),
	('2036-01-21', 1),
	('2036-01-22', 1),
	('2036-01-23', 1),
	('2036-01-24', 1),
	('2036-01-25', 1),
	('2036-01-26', 0),
	('2036-01-27', 0),
	('2036-01-28', 1),
	('2036-01-29', 1),
	('2036-01-30', 1),
	('2036-01-31', 1),
	('2036-02-01', 1),
	('2036-02-02', 0),
	('2036-02-03', 0),
	('2036-02-04', 1),
	('2036-02-05', 1),
	('2036-02-06', 1),
	('2036-02-07', 1),
	('2036-02-08', 1),
	('2036-02-09', 0),
	('2036-02-10', 0),
	('2036-02-11', 1),
	('2036-02-12', 1),
	('2036-02-13', 1),
	('2036-02-14', 1),
	('2036-02-15', 1),
	('2036-02-16', 0),
	('2036-02-17', 0),
	('2036-02-18', 1),
	('2036-02-19', 1),
	('2036-02-20', 1),
	('2036-02-21', 1),
	('2036-02-22', 1),
	('2036-02-23', 0),
	('2036-02-24', 0),
	('2036-02-25', 1),
	('2036-02-26', 1),
	('2036-02-27', 1),
	('2036-02-28', 1),
	('2036-02-29', 1),
	('2036-03-01', 0),
	('2036-03-02', 0),
	('2036-03-03', 1),
	('2036-03-04', 1),
	('2036-03-05', 1),
	('2036-03-06', 1),
	('2036-03-07', 1),
	('2036-03-08', 0),
	('2036-03-09', 0),
	('2036-03-10', 1),
	('2036-03-11', 1),
	('2036-03-12', 1),
	('2036-03-13', 1),
	('2036-03-14', 1),
	('2036-03-15', 0),
	('2036-03-16', 0),
	('2036-03-17', 1),
	('2036-03-18', 1),
	('2036-03-19', 1),
	('2036-03-20', 1),
	('2036-03-21', 1),
	('2036-03-22', 0),
	('2036-03-23', 0),
	('2036-03-24', 1),
	('2036-03-25', 1),
	('2036-03-26', 1),
	('2036-03-27', 1),
	('2036-03-28', 1),
	('2036-03-29', 0),
	('2036-03-30', 0),
	('2036-03-31', 1),
	('2036-04-01', 1),
	('2036-04-02', 1),
	('2036-04-03', 1),
	('2036-04-04', 1),
	('2036-04-05', 0),
	('2036-04-06', 0),
	('2036-04-07', 1),
	('2036-04-08', 1),
	('2036-04-09', 1),
	('2036-04-10', 1),
	('2036-04-11', 1),
	('2036-04-12', 0),
	('2036-04-13', 0),
	('2036-04-14', 1),
	('2036-04-15', 1),
	('2036-04-16', 1),
	('2036-04-17', 1),
	('2036-04-18', 1),
	('2036-04-19', 0),
	('2036-04-20', 0),
	('2036-04-21', 1),
	('2036-04-22', 1),
	('2036-04-23', 1),
	('2036-04-24', 1),
	('2036-04-25', 1),
	('2036-04-26', 0),
	('2036-04-27', 0),
	('2036-04-28', 1),
	('2036-04-29', 1),
	('2036-04-30', 1),
	('2036-05-01', 1),
	('2036-05-02', 1),
	('2036-05-03', 0),
	('2036-05-04', 0),
	('2036-05-05', 1),
	('2036-05-06', 1),
	('2036-05-07', 1),
	('2036-05-08', 1),
	('2036-05-09', 1),
	('2036-05-10', 0),
	('2036-05-11', 0),
	('2036-05-12', 1),
	('2036-05-13', 1),
	('2036-05-14', 1),
	('2036-05-15', 1),
	('2036-05-16', 1),
	('2036-05-17', 0),
	('2036-05-18', 0),
	('2036-05-19', 1),
	('2036-05-20', 1),
	('2036-05-21', 1),
	('2036-05-22', 1),
	('2036-05-23', 1),
	('2036-05-24', 0),
	('2036-05-25', 0),
	('2036-05-26', 1),
	('2036-05-27', 1),
	('2036-05-28', 1),
	('2036-05-29', 1),
	('2036-05-30', 1),
	('2036-05-31', 0),
	('2036-06-01', 0),
	('2036-06-02', 1),
	('2036-06-03', 1),
	('2036-06-04', 1),
	('2036-06-05', 1),
	('2036-06-06', 1),
	('2036-06-07', 0),
	('2036-06-08', 0),
	('2036-06-09', 1),
	('2036-06-10', 1),
	('2036-06-11', 1),
	('2036-06-12', 1),
	('2036-06-13', 1),
	('2036-06-14', 0),
	('2036-06-15', 0),
	('2036-06-16', 1),
	('2036-06-17', 1),
	('2036-06-18', 1),
	('2036-06-19', 1),
	('2036-06-20', 1),
	('2036-06-21', 0),
	('2036-06-22', 0),
	('2036-06-23', 1),
	('2036-06-24', 1),
	('2036-06-25', 1),
	('2036-06-26', 1),
	('2036-06-27', 1),
	('2036-06-28', 0),
	('2036-06-29', 0),
	('2036-06-30', 1),
	('2036-07-01', 1),
	('2036-07-02', 1),
	('2036-07-03', 1),
	('2036-07-04', 1),
	('2036-07-05', 0),
	('2036-07-06', 0),
	('2036-07-07', 1),
	('2036-07-08', 1),
	('2036-07-09', 1),
	('2036-07-10', 1),
	('2036-07-11', 1),
	('2036-07-12', 0),
	('2036-07-13', 0),
	('2036-07-14', 1),
	('2036-07-15', 1),
	('2036-07-16', 1),
	('2036-07-17', 1),
	('2036-07-18', 1),
	('2036-07-19', 0),
	('2036-07-20', 0),
	('2036-07-21', 1),
	('2036-07-22', 1),
	('2036-07-23', 1),
	('2036-07-24', 1),
	('2036-07-25', 1),
	('2036-07-26', 0),
	('2036-07-27', 0),
	('2036-07-28', 1),
	('2036-07-29', 1),
	('2036-07-30', 1),
	('2036-07-31', 1),
	('2036-08-01', 1),
	('2036-08-02', 0),
	('2036-08-03', 0),
	('2036-08-04', 1),
	('2036-08-05', 1),
	('2036-08-06', 1),
	('2036-08-07', 1),
	('2036-08-08', 1),
	('2036-08-09', 0),
	('2036-08-10', 0),
	('2036-08-11', 1),
	('2036-08-12', 1),
	('2036-08-13', 1),
	('2036-08-14', 1),
	('2036-08-15', 1),
	('2036-08-16', 0),
	('2036-08-17', 0),
	('2036-08-18', 1),
	('2036-08-19', 1),
	('2036-08-20', 1),
	('2036-08-21', 1),
	('2036-08-22', 1),
	('2036-08-23', 0),
	('2036-08-24', 0),
	('2036-08-25', 1),
	('2036-08-26', 1),
	('2036-08-27', 1),
	('2036-08-28', 1),
	('2036-08-29', 1),
	('2036-08-30', 0),
	('2036-08-31', 0),
	('2036-09-01', 1),
	('2036-09-02', 1),
	('2036-09-03', 1),
	('2036-09-04', 1),
	('2036-09-05', 1),
	('2036-09-06', 0),
	('2036-09-07', 0),
	('2036-09-08', 1),
	('2036-09-09', 1),
	('2036-09-10', 1),
	('2036-09-11', 1),
	('2036-09-12', 1),
	('2036-09-13', 0),
	('2036-09-14', 0),
	('2036-09-15', 1),
	('2036-09-16', 1),
	('2036-09-17', 1),
	('2036-09-18', 1),
	('2036-09-19', 1),
	('2036-09-20', 0),
	('2036-09-21', 0),
	('2036-09-22', 1),
	('2036-09-23', 1),
	('2036-09-24', 1),
	('2036-09-25', 1),
	('2036-09-26', 1),
	('2036-09-27', 0),
	('2036-09-28', 0),
	('2036-09-29', 1),
	('2036-09-30', 1),
	('2036-10-01', 1),
	('2036-10-02', 1),
	('2036-10-03', 1),
	('2036-10-04', 0),
	('2036-10-05', 0),
	('2036-10-06', 1),
	('2036-10-07', 1),
	('2036-10-08', 1),
	('2036-10-09', 1),
	('2036-10-10', 1),
	('2036-10-11', 0),
	('2036-10-12', 0),
	('2036-10-13', 1),
	('2036-10-14', 1),
	('2036-10-15', 1),
	('2036-10-16', 1),
	('2036-10-17', 1),
	('2036-10-18', 0),
	('2036-10-19', 0),
	('2036-10-20', 1),
	('2036-10-21', 1),
	('2036-10-22', 1),
	('2036-10-23', 1),
	('2036-10-24', 1),
	('2036-10-25', 0),
	('2036-10-26', 0),
	('2036-10-27', 1),
	('2036-10-28', 1),
	('2036-10-29', 1),
	('2036-10-30', 1),
	('2036-10-31', 1),
	('2036-11-01', 0),
	('2036-11-02', 0),
	('2036-11-03', 1),
	('2036-11-04', 1),
	('2036-11-05', 1),
	('2036-11-06', 1),
	('2036-11-07', 1),
	('2036-11-08', 0),
	('2036-11-09', 0),
	('2036-11-10', 1),
	('2036-11-11', 1),
	('2036-11-12', 1),
	('2036-11-13', 1),
	('2036-11-14', 1),
	('2036-11-15', 0),
	('2036-11-16', 0),
	('2036-11-17', 1),
	('2036-11-18', 1),
	('2036-11-19', 1),
	('2036-11-20', 1),
	('2036-11-21', 1),
	('2036-11-22', 0),
	('2036-11-23', 0),
	('2036-11-24', 1),
	('2036-11-25', 1),
	('2036-11-26', 1),
	('2036-11-27', 1),
	('2036-11-28', 1),
	('2036-11-29', 0),
	('2036-11-30', 0),
	('2036-12-01', 1),
	('2036-12-02', 1),
	('2036-12-03', 1),
	('2036-12-04', 1),
	('2036-12-05', 1),
	('2036-12-06', 0),
	('2036-12-07', 0),
	('2036-12-08', 1),
	('2036-12-09', 1),
	('2036-12-10', 1),
	('2036-12-11', 1),
	('2036-12-12', 1),
	('2036-12-13', 0),
	('2036-12-14', 0),
	('2036-12-15', 1),
	('2036-12-16', 1),
	('2036-12-17', 1),
	('2036-12-18', 1),
	('2036-12-19', 1),
	('2036-12-20', 0),
	('2036-12-21', 0),
	('2036-12-22', 1),
	('2036-12-23', 1),
	('2036-12-24', 1),
	('2036-12-25', 1),
	('2036-12-26', 1),
	('2036-12-27', 0),
	('2036-12-28', 0),
	('2036-12-29', 1),
	('2036-12-30', 1),
	('2036-12-31', 1),
	('2037-01-01', 1),
	('2037-01-02', 1),
	('2037-01-03', 0),
	('2037-01-04', 0),
	('2037-01-05', 1),
	('2037-01-06', 1),
	('2037-01-07', 1),
	('2037-01-08', 1),
	('2037-01-09', 1),
	('2037-01-10', 0),
	('2037-01-11', 0),
	('2037-01-12', 1),
	('2037-01-13', 1),
	('2037-01-14', 1),
	('2037-01-15', 1),
	('2037-01-16', 1),
	('2037-01-17', 0),
	('2037-01-18', 0),
	('2037-01-19', 1),
	('2037-01-20', 1),
	('2037-01-21', 1),
	('2037-01-22', 1),
	('2037-01-23', 1),
	('2037-01-24', 0),
	('2037-01-25', 0),
	('2037-01-26', 1),
	('2037-01-27', 1),
	('2037-01-28', 1),
	('2037-01-29', 1),
	('2037-01-30', 1),
	('2037-01-31', 0),
	('2037-02-01', 0),
	('2037-02-02', 1),
	('2037-02-03', 1),
	('2037-02-04', 1),
	('2037-02-05', 1),
	('2037-02-06', 1),
	('2037-02-07', 0),
	('2037-02-08', 0),
	('2037-02-09', 1),
	('2037-02-10', 1),
	('2037-02-11', 1),
	('2037-02-12', 1),
	('2037-02-13', 1),
	('2037-02-14', 0),
	('2037-02-15', 0),
	('2037-02-16', 1),
	('2037-02-17', 1),
	('2037-02-18', 1),
	('2037-02-19', 1),
	('2037-02-20', 1),
	('2037-02-21', 0),
	('2037-02-22', 0),
	('2037-02-23', 1),
	('2037-02-24', 1),
	('2037-02-25', 1),
	('2037-02-26', 1),
	('2037-02-27', 1),
	('2037-02-28', 0),
	('2037-03-01', 0),
	('2037-03-02', 1),
	('2037-03-03', 1),
	('2037-03-04', 1),
	('2037-03-05', 1),
	('2037-03-06', 1),
	('2037-03-07', 0),
	('2037-03-08', 0),
	('2037-03-09', 1),
	('2037-03-10', 1),
	('2037-03-11', 1),
	('2037-03-12', 1),
	('2037-03-13', 1),
	('2037-03-14', 0),
	('2037-03-15', 0),
	('2037-03-16', 1),
	('2037-03-17', 1),
	('2037-03-18', 1),
	('2037-03-19', 1),
	('2037-03-20', 1),
	('2037-03-21', 0),
	('2037-03-22', 0),
	('2037-03-23', 1),
	('2037-03-24', 1),
	('2037-03-25', 1),
	('2037-03-26', 1),
	('2037-03-27', 1),
	('2037-03-28', 0),
	('2037-03-29', 0),
	('2037-03-30', 1),
	('2037-03-31', 1),
	('2037-04-01', 1),
	('2037-04-02', 1),
	('2037-04-03', 1),
	('2037-04-04', 0),
	('2037-04-05', 0),
	('2037-04-06', 1),
	('2037-04-07', 1),
	('2037-04-08', 1),
	('2037-04-09', 1),
	('2037-04-10', 1),
	('2037-04-11', 0),
	('2037-04-12', 0),
	('2037-04-13', 1),
	('2037-04-14', 1),
	('2037-04-15', 1),
	('2037-04-16', 1),
	('2037-04-17', 1),
	('2037-04-18', 0),
	('2037-04-19', 0),
	('2037-04-20', 1),
	('2037-04-21', 1),
	('2037-04-22', 1),
	('2037-04-23', 1),
	('2037-04-24', 1),
	('2037-04-25', 0),
	('2037-04-26', 0),
	('2037-04-27', 1),
	('2037-04-28', 1),
	('2037-04-29', 1),
	('2037-04-30', 1),
	('2037-05-01', 1),
	('2037-05-02', 0),
	('2037-05-03', 0),
	('2037-05-04', 1),
	('2037-05-05', 1),
	('2037-05-06', 1),
	('2037-05-07', 1),
	('2037-05-08', 1),
	('2037-05-09', 0),
	('2037-05-10', 0),
	('2037-05-11', 1),
	('2037-05-12', 1),
	('2037-05-13', 1),
	('2037-05-14', 1),
	('2037-05-15', 1),
	('2037-05-16', 0),
	('2037-05-17', 0),
	('2037-05-18', 1),
	('2037-05-19', 1),
	('2037-05-20', 1),
	('2037-05-21', 1),
	('2037-05-22', 1),
	('2037-05-23', 0),
	('2037-05-24', 0),
	('2037-05-25', 1),
	('2037-05-26', 1),
	('2037-05-27', 1),
	('2037-05-28', 1),
	('2037-05-29', 1),
	('2037-05-30', 0),
	('2037-05-31', 0),
	('2037-06-01', 1),
	('2037-06-02', 1),
	('2037-06-03', 1),
	('2037-06-04', 1),
	('2037-06-05', 1),
	('2037-06-06', 0),
	('2037-06-07', 0),
	('2037-06-08', 1),
	('2037-06-09', 1),
	('2037-06-10', 1),
	('2037-06-11', 1),
	('2037-06-12', 1),
	('2037-06-13', 0),
	('2037-06-14', 0),
	('2037-06-15', 1),
	('2037-06-16', 1),
	('2037-06-17', 1),
	('2037-06-18', 1),
	('2037-06-19', 1),
	('2037-06-20', 0),
	('2037-06-21', 0),
	('2037-06-22', 1),
	('2037-06-23', 1),
	('2037-06-24', 1),
	('2037-06-25', 1),
	('2037-06-26', 1),
	('2037-06-27', 0),
	('2037-06-28', 0),
	('2037-06-29', 1),
	('2037-06-30', 1),
	('2037-07-01', 1),
	('2037-07-02', 1),
	('2037-07-03', 1),
	('2037-07-04', 0),
	('2037-07-05', 0),
	('2037-07-06', 1),
	('2037-07-07', 1),
	('2037-07-08', 1),
	('2037-07-09', 1),
	('2037-07-10', 1),
	('2037-07-11', 0),
	('2037-07-12', 0),
	('2037-07-13', 1),
	('2037-07-14', 1),
	('2037-07-15', 1),
	('2037-07-16', 1),
	('2037-07-17', 1),
	('2037-07-18', 0),
	('2037-07-19', 0),
	('2037-07-20', 1),
	('2037-07-21', 1),
	('2037-07-22', 1),
	('2037-07-23', 1),
	('2037-07-24', 1),
	('2037-07-25', 0),
	('2037-07-26', 0),
	('2037-07-27', 1),
	('2037-07-28', 1),
	('2037-07-29', 1),
	('2037-07-30', 1),
	('2037-07-31', 1),
	('2037-08-01', 0),
	('2037-08-02', 0),
	('2037-08-03', 1),
	('2037-08-04', 1),
	('2037-08-05', 1),
	('2037-08-06', 1),
	('2037-08-07', 1),
	('2037-08-08', 0),
	('2037-08-09', 0),
	('2037-08-10', 1),
	('2037-08-11', 1),
	('2037-08-12', 1),
	('2037-08-13', 1),
	('2037-08-14', 1),
	('2037-08-15', 0),
	('2037-08-16', 0),
	('2037-08-17', 1),
	('2037-08-18', 1),
	('2037-08-19', 1),
	('2037-08-20', 1),
	('2037-08-21', 1),
	('2037-08-22', 0),
	('2037-08-23', 0),
	('2037-08-24', 1),
	('2037-08-25', 1),
	('2037-08-26', 1),
	('2037-08-27', 1),
	('2037-08-28', 1),
	('2037-08-29', 0),
	('2037-08-30', 0),
	('2037-08-31', 1),
	('2037-09-01', 1),
	('2037-09-02', 1),
	('2037-09-03', 1),
	('2037-09-04', 1),
	('2037-09-05', 0),
	('2037-09-06', 0),
	('2037-09-07', 1),
	('2037-09-08', 1),
	('2037-09-09', 1),
	('2037-09-10', 1),
	('2037-09-11', 1),
	('2037-09-12', 0),
	('2037-09-13', 0),
	('2037-09-14', 1),
	('2037-09-15', 1),
	('2037-09-16', 1),
	('2037-09-17', 1),
	('2037-09-18', 1),
	('2037-09-19', 0),
	('2037-09-20', 0),
	('2037-09-21', 1),
	('2037-09-22', 1),
	('2037-09-23', 1),
	('2037-09-24', 1),
	('2037-09-25', 1),
	('2037-09-26', 0),
	('2037-09-27', 0),
	('2037-09-28', 1),
	('2037-09-29', 1),
	('2037-09-30', 1),
	('2037-10-01', 1),
	('2037-10-02', 1),
	('2037-10-03', 0),
	('2037-10-04', 0),
	('2037-10-05', 1),
	('2037-10-06', 1),
	('2037-10-07', 1),
	('2037-10-08', 1),
	('2037-10-09', 1),
	('2037-10-10', 0),
	('2037-10-11', 0),
	('2037-10-12', 1),
	('2037-10-13', 1),
	('2037-10-14', 1),
	('2037-10-15', 1),
	('2037-10-16', 1),
	('2037-10-17', 0),
	('2037-10-18', 0),
	('2037-10-19', 1),
	('2037-10-20', 1),
	('2037-10-21', 1),
	('2037-10-22', 1),
	('2037-10-23', 1),
	('2037-10-24', 0),
	('2037-10-25', 0),
	('2037-10-26', 1),
	('2037-10-27', 1),
	('2037-10-28', 1),
	('2037-10-29', 1),
	('2037-10-30', 1),
	('2037-10-31', 0),
	('2037-11-01', 0),
	('2037-11-02', 1),
	('2037-11-03', 1),
	('2037-11-04', 1),
	('2037-11-05', 1),
	('2037-11-06', 1),
	('2037-11-07', 0),
	('2037-11-08', 0),
	('2037-11-09', 1),
	('2037-11-10', 1),
	('2037-11-11', 1),
	('2037-11-12', 1),
	('2037-11-13', 1),
	('2037-11-14', 0),
	('2037-11-15', 0),
	('2037-11-16', 1),
	('2037-11-17', 1),
	('2037-11-18', 1),
	('2037-11-19', 1),
	('2037-11-20', 1),
	('2037-11-21', 0),
	('2037-11-22', 0),
	('2037-11-23', 1),
	('2037-11-24', 1),
	('2037-11-25', 1),
	('2037-11-26', 1),
	('2037-11-27', 1),
	('2037-11-28', 0),
	('2037-11-29', 0),
	('2037-11-30', 1),
	('2037-12-01', 1),
	('2037-12-02', 1),
	('2037-12-03', 1),
	('2037-12-04', 1),
	('2037-12-05', 0),
	('2037-12-06', 0),
	('2037-12-07', 1),
	('2037-12-08', 1),
	('2037-12-09', 1),
	('2037-12-10', 1),
	('2037-12-11', 1),
	('2037-12-12', 0),
	('2037-12-13', 0),
	('2037-12-14', 1),
	('2037-12-15', 1),
	('2037-12-16', 1),
	('2037-12-17', 1),
	('2037-12-18', 1),
	('2037-12-19', 0),
	('2037-12-20', 0),
	('2037-12-21', 1),
	('2037-12-22', 1),
	('2037-12-23', 1),
	('2037-12-24', 1),
	('2037-12-25', 1),
	('2037-12-26', 0),
	('2037-12-27', 0),
	('2037-12-28', 1),
	('2037-12-29', 1),
	('2037-12-30', 1),
	('2037-12-31', 1),
	('2038-01-01', 1),
	('2038-01-02', 0),
	('2038-01-03', 0),
	('2038-01-04', 1),
	('2038-01-05', 1),
	('2038-01-06', 1),
	('2038-01-07', 1),
	('2038-01-08', 1),
	('2038-01-09', 0),
	('2038-01-10', 0),
	('2038-01-11', 1),
	('2038-01-12', 1),
	('2038-01-13', 1),
	('2038-01-14', 1),
	('2038-01-15', 1),
	('2038-01-16', 0),
	('2038-01-17', 0),
	('2038-01-18', 1),
	('2038-01-19', 1),
	('2038-01-20', 1),
	('2038-01-21', 1),
	('2038-01-22', 1),
	('2038-01-23', 0),
	('2038-01-24', 0),
	('2038-01-25', 1),
	('2038-01-26', 1),
	('2038-01-27', 1),
	('2038-01-28', 1),
	('2038-01-29', 1),
	('2038-01-30', 0),
	('2038-01-31', 0),
	('2038-02-01', 1),
	('2038-02-02', 1),
	('2038-02-03', 1),
	('2038-02-04', 1),
	('2038-02-05', 1),
	('2038-02-06', 0),
	('2038-02-07', 0),
	('2038-02-08', 1),
	('2038-02-09', 1),
	('2038-02-10', 1),
	('2038-02-11', 1),
	('2038-02-12', 1),
	('2038-02-13', 0),
	('2038-02-14', 0),
	('2038-02-15', 1),
	('2038-02-16', 1),
	('2038-02-17', 1),
	('2038-02-18', 1),
	('2038-02-19', 1),
	('2038-02-20', 0),
	('2038-02-21', 0),
	('2038-02-22', 1),
	('2038-02-23', 1),
	('2038-02-24', 1),
	('2038-02-25', 1),
	('2038-02-26', 1),
	('2038-02-27', 0),
	('2038-02-28', 0),
	('2038-03-01', 1),
	('2038-03-02', 1),
	('2038-03-03', 1),
	('2038-03-04', 1),
	('2038-03-05', 1),
	('2038-03-06', 0),
	('2038-03-07', 0),
	('2038-03-08', 1),
	('2038-03-09', 1),
	('2038-03-10', 1),
	('2038-03-11', 1),
	('2038-03-12', 1),
	('2038-03-13', 0),
	('2038-03-14', 0),
	('2038-03-15', 1),
	('2038-03-16', 1),
	('2038-03-17', 1),
	('2038-03-18', 1),
	('2038-03-19', 1),
	('2038-03-20', 0),
	('2038-03-21', 0),
	('2038-03-22', 1),
	('2038-03-23', 1),
	('2038-03-24', 1),
	('2038-03-25', 1),
	('2038-03-26', 1),
	('2038-03-27', 0),
	('2038-03-28', 0),
	('2038-03-29', 1),
	('2038-03-30', 1),
	('2038-03-31', 1),
	('2038-04-01', 1),
	('2038-04-02', 1),
	('2038-04-03', 0),
	('2038-04-04', 0),
	('2038-04-05', 1),
	('2038-04-06', 1),
	('2038-04-07', 1),
	('2038-04-08', 1),
	('2038-04-09', 1),
	('2038-04-10', 0),
	('2038-04-11', 0),
	('2038-04-12', 1),
	('2038-04-13', 1),
	('2038-04-14', 1),
	('2038-04-15', 1),
	('2038-04-16', 1),
	('2038-04-17', 0),
	('2038-04-18', 0),
	('2038-04-19', 1),
	('2038-04-20', 1),
	('2038-04-21', 1),
	('2038-04-22', 1),
	('2038-04-23', 1),
	('2038-04-24', 0),
	('2038-04-25', 0),
	('2038-04-26', 1),
	('2038-04-27', 1),
	('2038-04-28', 1),
	('2038-04-29', 1),
	('2038-04-30', 1),
	('2038-05-01', 0),
	('2038-05-02', 0),
	('2038-05-03', 1),
	('2038-05-04', 1),
	('2038-05-05', 1),
	('2038-05-06', 1),
	('2038-05-07', 1),
	('2038-05-08', 0),
	('2038-05-09', 0),
	('2038-05-10', 1),
	('2038-05-11', 1),
	('2038-05-12', 1),
	('2038-05-13', 1),
	('2038-05-14', 1),
	('2038-05-15', 0),
	('2038-05-16', 0),
	('2038-05-17', 1),
	('2038-05-18', 1),
	('2038-05-19', 1),
	('2038-05-20', 1),
	('2038-05-21', 1),
	('2038-05-22', 0),
	('2038-05-23', 0),
	('2038-05-24', 1),
	('2038-05-25', 1),
	('2038-05-26', 1),
	('2038-05-27', 1),
	('2038-05-28', 1),
	('2038-05-29', 0),
	('2038-05-30', 0),
	('2038-05-31', 1),
	('2038-06-01', 1),
	('2038-06-02', 1),
	('2038-06-03', 1),
	('2038-06-04', 1),
	('2038-06-05', 0),
	('2038-06-06', 0),
	('2038-06-07', 1),
	('2038-06-08', 1),
	('2038-06-09', 1),
	('2038-06-10', 1),
	('2038-06-11', 1),
	('2038-06-12', 0),
	('2038-06-13', 0),
	('2038-06-14', 1),
	('2038-06-15', 1),
	('2038-06-16', 1),
	('2038-06-17', 1),
	('2038-06-18', 1),
	('2038-06-19', 0),
	('2038-06-20', 0),
	('2038-06-21', 1),
	('2038-06-22', 1),
	('2038-06-23', 1),
	('2038-06-24', 1),
	('2038-06-25', 1),
	('2038-06-26', 0),
	('2038-06-27', 0),
	('2038-06-28', 1),
	('2038-06-29', 1),
	('2038-06-30', 1),
	('2038-07-01', 1),
	('2038-07-02', 1),
	('2038-07-03', 0),
	('2038-07-04', 0),
	('2038-07-05', 1),
	('2038-07-06', 1),
	('2038-07-07', 1),
	('2038-07-08', 1),
	('2038-07-09', 1),
	('2038-07-10', 0),
	('2038-07-11', 0),
	('2038-07-12', 1),
	('2038-07-13', 1),
	('2038-07-14', 1),
	('2038-07-15', 1),
	('2038-07-16', 1),
	('2038-07-17', 0),
	('2038-07-18', 0),
	('2038-07-19', 1),
	('2038-07-20', 1),
	('2038-07-21', 1),
	('2038-07-22', 1),
	('2038-07-23', 1),
	('2038-07-24', 0),
	('2038-07-25', 0),
	('2038-07-26', 1),
	('2038-07-27', 1),
	('2038-07-28', 1),
	('2038-07-29', 1),
	('2038-07-30', 1),
	('2038-07-31', 0),
	('2038-08-01', 0),
	('2038-08-02', 1),
	('2038-08-03', 1),
	('2038-08-04', 1),
	('2038-08-05', 1),
	('2038-08-06', 1),
	('2038-08-07', 0),
	('2038-08-08', 0),
	('2038-08-09', 1),
	('2038-08-10', 1),
	('2038-08-11', 1),
	('2038-08-12', 1),
	('2038-08-13', 1),
	('2038-08-14', 0),
	('2038-08-15', 0),
	('2038-08-16', 1),
	('2038-08-17', 1),
	('2038-08-18', 1),
	('2038-08-19', 1),
	('2038-08-20', 1),
	('2038-08-21', 0),
	('2038-08-22', 0),
	('2038-08-23', 1),
	('2038-08-24', 1),
	('2038-08-25', 1),
	('2038-08-26', 1),
	('2038-08-27', 1),
	('2038-08-28', 0),
	('2038-08-29', 0),
	('2038-08-30', 1),
	('2038-08-31', 1),
	('2038-09-01', 1),
	('2038-09-02', 1),
	('2038-09-03', 1),
	('2038-09-04', 0),
	('2038-09-05', 0),
	('2038-09-06', 1),
	('2038-09-07', 1),
	('2038-09-08', 1),
	('2038-09-09', 1),
	('2038-09-10', 1),
	('2038-09-11', 0),
	('2038-09-12', 0),
	('2038-09-13', 1),
	('2038-09-14', 1),
	('2038-09-15', 1),
	('2038-09-16', 1),
	('2038-09-17', 1),
	('2038-09-18', 0),
	('2038-09-19', 0),
	('2038-09-20', 1),
	('2038-09-21', 1),
	('2038-09-22', 1),
	('2038-09-23', 1),
	('2038-09-24', 1),
	('2038-09-25', 0),
	('2038-09-26', 0),
	('2038-09-27', 1),
	('2038-09-28', 1),
	('2038-09-29', 1),
	('2038-09-30', 1),
	('2038-10-01', 1),
	('2038-10-02', 0),
	('2038-10-03', 0),
	('2038-10-04', 1),
	('2038-10-05', 1),
	('2038-10-06', 1),
	('2038-10-07', 1),
	('2038-10-08', 1),
	('2038-10-09', 0),
	('2038-10-10', 0),
	('2038-10-11', 1),
	('2038-10-12', 1),
	('2038-10-13', 1),
	('2038-10-14', 1),
	('2038-10-15', 1),
	('2038-10-16', 0),
	('2038-10-17', 0),
	('2038-10-18', 1),
	('2038-10-19', 1),
	('2038-10-20', 1),
	('2038-10-21', 1),
	('2038-10-22', 1),
	('2038-10-23', 0),
	('2038-10-24', 0),
	('2038-10-25', 1),
	('2038-10-26', 1),
	('2038-10-27', 1),
	('2038-10-28', 1),
	('2038-10-29', 1),
	('2038-10-30', 0),
	('2038-10-31', 0),
	('2038-11-01', 1),
	('2038-11-02', 1),
	('2038-11-03', 1),
	('2038-11-04', 1),
	('2038-11-05', 1),
	('2038-11-06', 0),
	('2038-11-07', 0),
	('2038-11-08', 1),
	('2038-11-09', 1),
	('2038-11-10', 1),
	('2038-11-11', 1),
	('2038-11-12', 1),
	('2038-11-13', 0),
	('2038-11-14', 0),
	('2038-11-15', 1),
	('2038-11-16', 1),
	('2038-11-17', 1),
	('2038-11-18', 1),
	('2038-11-19', 1),
	('2038-11-20', 0),
	('2038-11-21', 0),
	('2038-11-22', 1),
	('2038-11-23', 1),
	('2038-11-24', 1),
	('2038-11-25', 1),
	('2038-11-26', 1),
	('2038-11-27', 0),
	('2038-11-28', 0),
	('2038-11-29', 1),
	('2038-11-30', 1),
	('2038-12-01', 1),
	('2038-12-02', 1),
	('2038-12-03', 1),
	('2038-12-04', 0),
	('2038-12-05', 0),
	('2038-12-06', 1),
	('2038-12-07', 1),
	('2038-12-08', 1),
	('2038-12-09', 1),
	('2038-12-10', 1),
	('2038-12-11', 0),
	('2038-12-12', 0),
	('2038-12-13', 1),
	('2038-12-14', 1),
	('2038-12-15', 1),
	('2038-12-16', 1),
	('2038-12-17', 1),
	('2038-12-18', 0),
	('2038-12-19', 0),
	('2038-12-20', 1),
	('2038-12-21', 1),
	('2038-12-22', 1),
	('2038-12-23', 1),
	('2038-12-24', 1),
	('2038-12-25', 0),
	('2038-12-26', 0),
	('2038-12-27', 1),
	('2038-12-28', 1),
	('2038-12-29', 1),
	('2038-12-30', 1),
	('2038-12-31', 1),
	('2039-01-01', 0),
	('2039-01-02', 0),
	('2039-01-03', 1),
	('2039-01-04', 1),
	('2039-01-05', 1),
	('2039-01-06', 1),
	('2039-01-07', 1),
	('2039-01-08', 0),
	('2039-01-09', 0),
	('2039-01-10', 1),
	('2039-01-11', 1),
	('2039-01-12', 1),
	('2039-01-13', 1),
	('2039-01-14', 1),
	('2039-01-15', 0),
	('2039-01-16', 0),
	('2039-01-17', 1),
	('2039-01-18', 1),
	('2039-01-19', 1),
	('2039-01-20', 1),
	('2039-01-21', 1),
	('2039-01-22', 0),
	('2039-01-23', 0),
	('2039-01-24', 1),
	('2039-01-25', 1),
	('2039-01-26', 1),
	('2039-01-27', 1),
	('2039-01-28', 1),
	('2039-01-29', 0),
	('2039-01-30', 0),
	('2039-01-31', 1),
	('2039-02-01', 1),
	('2039-02-02', 1),
	('2039-02-03', 1),
	('2039-02-04', 1),
	('2039-02-05', 0),
	('2039-02-06', 0),
	('2039-02-07', 1),
	('2039-02-08', 1),
	('2039-02-09', 1),
	('2039-02-10', 1),
	('2039-02-11', 1),
	('2039-02-12', 0),
	('2039-02-13', 0),
	('2039-02-14', 1),
	('2039-02-15', 1),
	('2039-02-16', 1),
	('2039-02-17', 1),
	('2039-02-18', 1),
	('2039-02-19', 0),
	('2039-02-20', 0),
	('2039-02-21', 1),
	('2039-02-22', 1),
	('2039-02-23', 1),
	('2039-02-24', 1),
	('2039-02-25', 1),
	('2039-02-26', 0),
	('2039-02-27', 0),
	('2039-02-28', 1),
	('2039-03-01', 1),
	('2039-03-02', 1),
	('2039-03-03', 1),
	('2039-03-04', 1),
	('2039-03-05', 0),
	('2039-03-06', 0),
	('2039-03-07', 1),
	('2039-03-08', 1),
	('2039-03-09', 1),
	('2039-03-10', 1),
	('2039-03-11', 1),
	('2039-03-12', 0),
	('2039-03-13', 0),
	('2039-03-14', 1),
	('2039-03-15', 1),
	('2039-03-16', 1),
	('2039-03-17', 1),
	('2039-03-18', 1),
	('2039-03-19', 0),
	('2039-03-20', 0),
	('2039-03-21', 1),
	('2039-03-22', 1),
	('2039-03-23', 1),
	('2039-03-24', 1),
	('2039-03-25', 1),
	('2039-03-26', 0),
	('2039-03-27', 0),
	('2039-03-28', 1),
	('2039-03-29', 1),
	('2039-03-30', 1),
	('2039-03-31', 1),
	('2039-04-01', 1),
	('2039-04-02', 0),
	('2039-04-03', 0),
	('2039-04-04', 1),
	('2039-04-05', 1),
	('2039-04-06', 1),
	('2039-04-07', 1),
	('2039-04-08', 1),
	('2039-04-09', 0),
	('2039-04-10', 0),
	('2039-04-11', 1),
	('2039-04-12', 1),
	('2039-04-13', 1),
	('2039-04-14', 1),
	('2039-04-15', 1),
	('2039-04-16', 0),
	('2039-04-17', 0),
	('2039-04-18', 1),
	('2039-04-19', 1),
	('2039-04-20', 1),
	('2039-04-21', 1),
	('2039-04-22', 1),
	('2039-04-23', 0),
	('2039-04-24', 0),
	('2039-04-25', 1),
	('2039-04-26', 1),
	('2039-04-27', 1),
	('2039-04-28', 1),
	('2039-04-29', 1),
	('2039-04-30', 0),
	('2039-05-01', 0),
	('2039-05-02', 1),
	('2039-05-03', 1),
	('2039-05-04', 1),
	('2039-05-05', 1),
	('2039-05-06', 1),
	('2039-05-07', 0),
	('2039-05-08', 0),
	('2039-05-09', 1),
	('2039-05-10', 1),
	('2039-05-11', 1),
	('2039-05-12', 1),
	('2039-05-13', 1),
	('2039-05-14', 0),
	('2039-05-15', 0),
	('2039-05-16', 1),
	('2039-05-17', 1),
	('2039-05-18', 1),
	('2039-05-19', 1),
	('2039-05-20', 1),
	('2039-05-21', 0),
	('2039-05-22', 0),
	('2039-05-23', 1),
	('2039-05-24', 1),
	('2039-05-25', 1),
	('2039-05-26', 1),
	('2039-05-27', 1),
	('2039-05-28', 0),
	('2039-05-29', 0),
	('2039-05-30', 1),
	('2039-05-31', 1),
	('2039-06-01', 1),
	('2039-06-02', 1),
	('2039-06-03', 1),
	('2039-06-04', 0),
	('2039-06-05', 0),
	('2039-06-06', 1),
	('2039-06-07', 1),
	('2039-06-08', 1),
	('2039-06-09', 1),
	('2039-06-10', 1),
	('2039-06-11', 0),
	('2039-06-12', 0),
	('2039-06-13', 1),
	('2039-06-14', 1),
	('2039-06-15', 1),
	('2039-06-16', 1),
	('2039-06-17', 1),
	('2039-06-18', 0),
	('2039-06-19', 0),
	('2039-06-20', 1),
	('2039-06-21', 1),
	('2039-06-22', 1),
	('2039-06-23', 1),
	('2039-06-24', 1),
	('2039-06-25', 0),
	('2039-06-26', 0),
	('2039-06-27', 1),
	('2039-06-28', 1),
	('2039-06-29', 1),
	('2039-06-30', 1),
	('2039-07-01', 1),
	('2039-07-02', 0),
	('2039-07-03', 0),
	('2039-07-04', 1),
	('2039-07-05', 1),
	('2039-07-06', 1),
	('2039-07-07', 1),
	('2039-07-08', 1),
	('2039-07-09', 0),
	('2039-07-10', 0),
	('2039-07-11', 1),
	('2039-07-12', 1),
	('2039-07-13', 1),
	('2039-07-14', 1),
	('2039-07-15', 1),
	('2039-07-16', 0),
	('2039-07-17', 0),
	('2039-07-18', 1),
	('2039-07-19', 1),
	('2039-07-20', 1),
	('2039-07-21', 1),
	('2039-07-22', 1),
	('2039-07-23', 0),
	('2039-07-24', 0),
	('2039-07-25', 1),
	('2039-07-26', 1),
	('2039-07-27', 1),
	('2039-07-28', 1),
	('2039-07-29', 1),
	('2039-07-30', 0),
	('2039-07-31', 0),
	('2039-08-01', 1),
	('2039-08-02', 1),
	('2039-08-03', 1),
	('2039-08-04', 1),
	('2039-08-05', 1),
	('2039-08-06', 0),
	('2039-08-07', 0),
	('2039-08-08', 1),
	('2039-08-09', 1),
	('2039-08-10', 1),
	('2039-08-11', 1),
	('2039-08-12', 1),
	('2039-08-13', 0),
	('2039-08-14', 0),
	('2039-08-15', 1),
	('2039-08-16', 1),
	('2039-08-17', 1),
	('2039-08-18', 1),
	('2039-08-19', 1),
	('2039-08-20', 0),
	('2039-08-21', 0),
	('2039-08-22', 1),
	('2039-08-23', 1),
	('2039-08-24', 1),
	('2039-08-25', 1),
	('2039-08-26', 1),
	('2039-08-27', 0),
	('2039-08-28', 0),
	('2039-08-29', 1),
	('2039-08-30', 1),
	('2039-08-31', 1),
	('2039-09-01', 1),
	('2039-09-02', 1),
	('2039-09-03', 0),
	('2039-09-04', 0),
	('2039-09-05', 1),
	('2039-09-06', 1),
	('2039-09-07', 1),
	('2039-09-08', 1),
	('2039-09-09', 1),
	('2039-09-10', 0),
	('2039-09-11', 0),
	('2039-09-12', 1),
	('2039-09-13', 1),
	('2039-09-14', 1),
	('2039-09-15', 1),
	('2039-09-16', 1),
	('2039-09-17', 0),
	('2039-09-18', 0),
	('2039-09-19', 1),
	('2039-09-20', 1),
	('2039-09-21', 1),
	('2039-09-22', 1),
	('2039-09-23', 1),
	('2039-09-24', 0),
	('2039-09-25', 0),
	('2039-09-26', 1),
	('2039-09-27', 1),
	('2039-09-28', 1),
	('2039-09-29', 1),
	('2039-09-30', 1),
	('2039-10-01', 0),
	('2039-10-02', 0),
	('2039-10-03', 1),
	('2039-10-04', 1),
	('2039-10-05', 1),
	('2039-10-06', 1),
	('2039-10-07', 1),
	('2039-10-08', 0),
	('2039-10-09', 0),
	('2039-10-10', 1),
	('2039-10-11', 1),
	('2039-10-12', 1),
	('2039-10-13', 1),
	('2039-10-14', 1),
	('2039-10-15', 0),
	('2039-10-16', 0),
	('2039-10-17', 1),
	('2039-10-18', 1),
	('2039-10-19', 1),
	('2039-10-20', 1),
	('2039-10-21', 1),
	('2039-10-22', 0),
	('2039-10-23', 0),
	('2039-10-24', 1),
	('2039-10-25', 1),
	('2039-10-26', 1),
	('2039-10-27', 1),
	('2039-10-28', 1),
	('2039-10-29', 0),
	('2039-10-30', 0),
	('2039-10-31', 1),
	('2039-11-01', 1),
	('2039-11-02', 1),
	('2039-11-03', 1),
	('2039-11-04', 1),
	('2039-11-05', 0),
	('2039-11-06', 0),
	('2039-11-07', 1),
	('2039-11-08', 1),
	('2039-11-09', 1),
	('2039-11-10', 1),
	('2039-11-11', 1),
	('2039-11-12', 0),
	('2039-11-13', 0),
	('2039-11-14', 1),
	('2039-11-15', 1),
	('2039-11-16', 1),
	('2039-11-17', 1),
	('2039-11-18', 1),
	('2039-11-19', 0),
	('2039-11-20', 0),
	('2039-11-21', 1),
	('2039-11-22', 1),
	('2039-11-23', 1),
	('2039-11-24', 1),
	('2039-11-25', 1),
	('2039-11-26', 0),
	('2039-11-27', 0),
	('2039-11-28', 1),
	('2039-11-29', 1),
	('2039-11-30', 1),
	('2039-12-01', 1),
	('2039-12-02', 1),
	('2039-12-03', 0),
	('2039-12-04', 0),
	('2039-12-05', 1),
	('2039-12-06', 1),
	('2039-12-07', 1),
	('2039-12-08', 1),
	('2039-12-09', 1),
	('2039-12-10', 0),
	('2039-12-11', 0),
	('2039-12-12', 1),
	('2039-12-13', 1),
	('2039-12-14', 1),
	('2039-12-15', 1),
	('2039-12-16', 1),
	('2039-12-17', 0),
	('2039-12-18', 0),
	('2039-12-19', 1),
	('2039-12-20', 1),
	('2039-12-21', 1),
	('2039-12-22', 1),
	('2039-12-23', 1),
	('2039-12-24', 0),
	('2039-12-25', 0),
	('2039-12-26', 1),
	('2039-12-27', 1),
	('2039-12-28', 1),
	('2039-12-29', 1),
	('2039-12-30', 1),
	('2039-12-31', 0),
	('2040-01-01', 0),
	('2040-01-02', 1),
	('2040-01-03', 1),
	('2040-01-04', 1),
	('2040-01-05', 1),
	('2040-01-06', 1),
	('2040-01-07', 0),
	('2040-01-08', 0),
	('2040-01-09', 1),
	('2040-01-10', 1),
	('2040-01-11', 1),
	('2040-01-12', 1),
	('2040-01-13', 1),
	('2040-01-14', 0),
	('2040-01-15', 0),
	('2040-01-16', 1),
	('2040-01-17', 1),
	('2040-01-18', 1),
	('2040-01-19', 1),
	('2040-01-20', 1),
	('2040-01-21', 0),
	('2040-01-22', 0),
	('2040-01-23', 1),
	('2040-01-24', 1),
	('2040-01-25', 1),
	('2040-01-26', 1),
	('2040-01-27', 1),
	('2040-01-28', 0),
	('2040-01-29', 0),
	('2040-01-30', 1),
	('2040-01-31', 1),
	('2040-02-01', 1),
	('2040-02-02', 1),
	('2040-02-03', 1),
	('2040-02-04', 0),
	('2040-02-05', 0),
	('2040-02-06', 1),
	('2040-02-07', 1),
	('2040-02-08', 1),
	('2040-02-09', 1),
	('2040-02-10', 1),
	('2040-02-11', 0),
	('2040-02-12', 0),
	('2040-02-13', 1),
	('2040-02-14', 1),
	('2040-02-15', 1),
	('2040-02-16', 1),
	('2040-02-17', 1),
	('2040-02-18', 0),
	('2040-02-19', 0),
	('2040-02-20', 1),
	('2040-02-21', 1),
	('2040-02-22', 1),
	('2040-02-23', 1),
	('2040-02-24', 1),
	('2040-02-25', 0),
	('2040-02-26', 0),
	('2040-02-27', 1),
	('2040-02-28', 1),
	('2040-02-29', 1),
	('2040-03-01', 1),
	('2040-03-02', 1),
	('2040-03-03', 0),
	('2040-03-04', 0),
	('2040-03-05', 1),
	('2040-03-06', 1),
	('2040-03-07', 1),
	('2040-03-08', 1),
	('2040-03-09', 1),
	('2040-03-10', 0),
	('2040-03-11', 0),
	('2040-03-12', 1),
	('2040-03-13', 1),
	('2040-03-14', 1),
	('2040-03-15', 1),
	('2040-03-16', 1),
	('2040-03-17', 0),
	('2040-03-18', 0),
	('2040-03-19', 1),
	('2040-03-20', 1),
	('2040-03-21', 1),
	('2040-03-22', 1),
	('2040-03-23', 1),
	('2040-03-24', 0),
	('2040-03-25', 0),
	('2040-03-26', 1),
	('2040-03-27', 1),
	('2040-03-28', 1),
	('2040-03-29', 1),
	('2040-03-30', 1),
	('2040-03-31', 0),
	('2040-04-01', 0),
	('2040-04-02', 1),
	('2040-04-03', 1),
	('2040-04-04', 1),
	('2040-04-05', 1),
	('2040-04-06', 1),
	('2040-04-07', 0),
	('2040-04-08', 0),
	('2040-04-09', 1),
	('2040-04-10', 1),
	('2040-04-11', 1),
	('2040-04-12', 1),
	('2040-04-13', 1),
	('2040-04-14', 0),
	('2040-04-15', 0),
	('2040-04-16', 1),
	('2040-04-17', 1),
	('2040-04-18', 1),
	('2040-04-19', 1),
	('2040-04-20', 1),
	('2040-04-21', 0),
	('2040-04-22', 0),
	('2040-04-23', 1),
	('2040-04-24', 1),
	('2040-04-25', 1),
	('2040-04-26', 1),
	('2040-04-27', 1),
	('2040-04-28', 0),
	('2040-04-29', 0),
	('2040-04-30', 1),
	('2040-05-01', 1),
	('2040-05-02', 1),
	('2040-05-03', 1),
	('2040-05-04', 1),
	('2040-05-05', 0),
	('2040-05-06', 0),
	('2040-05-07', 1),
	('2040-05-08', 1),
	('2040-05-09', 1),
	('2040-05-10', 1),
	('2040-05-11', 1),
	('2040-05-12', 0),
	('2040-05-13', 0),
	('2040-05-14', 1),
	('2040-05-15', 1),
	('2040-05-16', 1),
	('2040-05-17', 1),
	('2040-05-18', 1),
	('2040-05-19', 0),
	('2040-05-20', 0),
	('2040-05-21', 1),
	('2040-05-22', 1),
	('2040-05-23', 1),
	('2040-05-24', 1),
	('2040-05-25', 1),
	('2040-05-26', 0),
	('2040-05-27', 0),
	('2040-05-28', 1),
	('2040-05-29', 1),
	('2040-05-30', 1),
	('2040-05-31', 1),
	('2040-06-01', 1),
	('2040-06-02', 0),
	('2040-06-03', 0),
	('2040-06-04', 1),
	('2040-06-05', 1),
	('2040-06-06', 1),
	('2040-06-07', 1),
	('2040-06-08', 1),
	('2040-06-09', 0),
	('2040-06-10', 0),
	('2040-06-11', 1),
	('2040-06-12', 1),
	('2040-06-13', 1),
	('2040-06-14', 1),
	('2040-06-15', 1),
	('2040-06-16', 0),
	('2040-06-17', 0),
	('2040-06-18', 1),
	('2040-06-19', 1),
	('2040-06-20', 1),
	('2040-06-21', 1),
	('2040-06-22', 1),
	('2040-06-23', 0),
	('2040-06-24', 0),
	('2040-06-25', 1),
	('2040-06-26', 1),
	('2040-06-27', 1),
	('2040-06-28', 1),
	('2040-06-29', 1),
	('2040-06-30', 0),
	('2040-07-01', 0),
	('2040-07-02', 1),
	('2040-07-03', 1),
	('2040-07-04', 1),
	('2040-07-05', 1),
	('2040-07-06', 1),
	('2040-07-07', 0),
	('2040-07-08', 0),
	('2040-07-09', 1),
	('2040-07-10', 1),
	('2040-07-11', 1),
	('2040-07-12', 1),
	('2040-07-13', 1),
	('2040-07-14', 0),
	('2040-07-15', 0),
	('2040-07-16', 1),
	('2040-07-17', 1),
	('2040-07-18', 1),
	('2040-07-19', 1),
	('2040-07-20', 1),
	('2040-07-21', 0),
	('2040-07-22', 0),
	('2040-07-23', 1),
	('2040-07-24', 1),
	('2040-07-25', 1),
	('2040-07-26', 1),
	('2040-07-27', 1),
	('2040-07-28', 0),
	('2040-07-29', 0),
	('2040-07-30', 1),
	('2040-07-31', 1),
	('2040-08-01', 1),
	('2040-08-02', 1),
	('2040-08-03', 1),
	('2040-08-04', 0),
	('2040-08-05', 0),
	('2040-08-06', 1),
	('2040-08-07', 1),
	('2040-08-08', 1),
	('2040-08-09', 1),
	('2040-08-10', 1),
	('2040-08-11', 0),
	('2040-08-12', 0),
	('2040-08-13', 1),
	('2040-08-14', 1),
	('2040-08-15', 1),
	('2040-08-16', 1),
	('2040-08-17', 1),
	('2040-08-18', 0),
	('2040-08-19', 0),
	('2040-08-20', 1),
	('2040-08-21', 1),
	('2040-08-22', 1),
	('2040-08-23', 1),
	('2040-08-24', 1),
	('2040-08-25', 0),
	('2040-08-26', 0),
	('2040-08-27', 1),
	('2040-08-28', 1),
	('2040-08-29', 1),
	('2040-08-30', 1),
	('2040-08-31', 1),
	('2040-09-01', 0),
	('2040-09-02', 0),
	('2040-09-03', 1),
	('2040-09-04', 1),
	('2040-09-05', 1),
	('2040-09-06', 1),
	('2040-09-07', 1),
	('2040-09-08', 0),
	('2040-09-09', 0),
	('2040-09-10', 1),
	('2040-09-11', 1),
	('2040-09-12', 1),
	('2040-09-13', 1),
	('2040-09-14', 1),
	('2040-09-15', 0),
	('2040-09-16', 0),
	('2040-09-17', 1),
	('2040-09-18', 1),
	('2040-09-19', 1),
	('2040-09-20', 1),
	('2040-09-21', 1),
	('2040-09-22', 0),
	('2040-09-23', 0),
	('2040-09-24', 1),
	('2040-09-25', 1),
	('2040-09-26', 1),
	('2040-09-27', 1),
	('2040-09-28', 1),
	('2040-09-29', 0),
	('2040-09-30', 0),
	('2040-10-01', 1),
	('2040-10-02', 1),
	('2040-10-03', 1),
	('2040-10-04', 1),
	('2040-10-05', 1),
	('2040-10-06', 0),
	('2040-10-07', 0),
	('2040-10-08', 1),
	('2040-10-09', 1),
	('2040-10-10', 1),
	('2040-10-11', 1),
	('2040-10-12', 1),
	('2040-10-13', 0),
	('2040-10-14', 0),
	('2040-10-15', 1),
	('2040-10-16', 1),
	('2040-10-17', 1),
	('2040-10-18', 1),
	('2040-10-19', 1),
	('2040-10-20', 0),
	('2040-10-21', 0),
	('2040-10-22', 1),
	('2040-10-23', 1),
	('2040-10-24', 1),
	('2040-10-25', 1),
	('2040-10-26', 1),
	('2040-10-27', 0),
	('2040-10-28', 0),
	('2040-10-29', 1),
	('2040-10-30', 1),
	('2040-10-31', 1),
	('2040-11-01', 1),
	('2040-11-02', 1),
	('2040-11-03', 0),
	('2040-11-04', 0),
	('2040-11-05', 1),
	('2040-11-06', 1),
	('2040-11-07', 1),
	('2040-11-08', 1),
	('2040-11-09', 1),
	('2040-11-10', 0),
	('2040-11-11', 0),
	('2040-11-12', 1),
	('2040-11-13', 1),
	('2040-11-14', 1),
	('2040-11-15', 1),
	('2040-11-16', 1),
	('2040-11-17', 0),
	('2040-11-18', 0),
	('2040-11-19', 1),
	('2040-11-20', 1),
	('2040-11-21', 1),
	('2040-11-22', 1),
	('2040-11-23', 1),
	('2040-11-24', 0),
	('2040-11-25', 0),
	('2040-11-26', 1),
	('2040-11-27', 1),
	('2040-11-28', 1),
	('2040-11-29', 1),
	('2040-11-30', 1),
	('2040-12-01', 0),
	('2040-12-02', 0),
	('2040-12-03', 1),
	('2040-12-04', 1),
	('2040-12-05', 1),
	('2040-12-06', 1),
	('2040-12-07', 1),
	('2040-12-08', 0),
	('2040-12-09', 0),
	('2040-12-10', 1),
	('2040-12-11', 1),
	('2040-12-12', 1),
	('2040-12-13', 1),
	('2040-12-14', 1),
	('2040-12-15', 0),
	('2040-12-16', 0),
	('2040-12-17', 1),
	('2040-12-18', 1),
	('2040-12-19', 1),
	('2040-12-20', 1),
	('2040-12-21', 1),
	('2040-12-22', 0),
	('2040-12-23', 0),
	('2040-12-24', 1),
	('2040-12-25', 1),
	('2040-12-26', 1),
	('2040-12-27', 1),
	('2040-12-28', 1),
	('2040-12-29', 0),
	('2040-12-30', 0),
	('2040-12-31', 1),
	('2041-01-01', 1),
	('2041-01-02', 1),
	('2041-01-03', 1),
	('2041-01-04', 1),
	('2041-01-05', 0),
	('2041-01-06', 0),
	('2041-01-07', 1),
	('2041-01-08', 1),
	('2041-01-09', 1),
	('2041-01-10', 1),
	('2041-01-11', 1),
	('2041-01-12', 0),
	('2041-01-13', 0),
	('2041-01-14', 1),
	('2041-01-15', 1),
	('2041-01-16', 1),
	('2041-01-17', 1),
	('2041-01-18', 1),
	('2041-01-19', 0),
	('2041-01-20', 0),
	('2041-01-21', 1),
	('2041-01-22', 1),
	('2041-01-23', 1),
	('2041-01-24', 1),
	('2041-01-25', 1),
	('2041-01-26', 0),
	('2041-01-27', 0),
	('2041-01-28', 1),
	('2041-01-29', 1),
	('2041-01-30', 1),
	('2041-01-31', 1),
	('2041-02-01', 1),
	('2041-02-02', 0),
	('2041-02-03', 0),
	('2041-02-04', 1),
	('2041-02-05', 1),
	('2041-02-06', 1),
	('2041-02-07', 1),
	('2041-02-08', 1),
	('2041-02-09', 0),
	('2041-02-10', 0),
	('2041-02-11', 1),
	('2041-02-12', 1),
	('2041-02-13', 1),
	('2041-02-14', 1),
	('2041-02-15', 1),
	('2041-02-16', 0),
	('2041-02-17', 0),
	('2041-02-18', 1),
	('2041-02-19', 1),
	('2041-02-20', 1),
	('2041-02-21', 1),
	('2041-02-22', 1),
	('2041-02-23', 0),
	('2041-02-24', 0),
	('2041-02-25', 1),
	('2041-02-26', 1),
	('2041-02-27', 1),
	('2041-02-28', 1),
	('2041-03-01', 1),
	('2041-03-02', 0),
	('2041-03-03', 0),
	('2041-03-04', 1),
	('2041-03-05', 1),
	('2041-03-06', 1),
	('2041-03-07', 1),
	('2041-03-08', 1),
	('2041-03-09', 0),
	('2041-03-10', 0),
	('2041-03-11', 1),
	('2041-03-12', 1),
	('2041-03-13', 1),
	('2041-03-14', 1),
	('2041-03-15', 1),
	('2041-03-16', 0),
	('2041-03-17', 0),
	('2041-03-18', 1),
	('2041-03-19', 1),
	('2041-03-20', 1),
	('2041-03-21', 1),
	('2041-03-22', 1),
	('2041-03-23', 0),
	('2041-03-24', 0),
	('2041-03-25', 1),
	('2041-03-26', 1),
	('2041-03-27', 1),
	('2041-03-28', 1),
	('2041-03-29', 1),
	('2041-03-30', 0),
	('2041-03-31', 0),
	('2041-04-01', 1),
	('2041-04-02', 1),
	('2041-04-03', 1),
	('2041-04-04', 1),
	('2041-04-05', 1),
	('2041-04-06', 0),
	('2041-04-07', 0),
	('2041-04-08', 1),
	('2041-04-09', 1),
	('2041-04-10', 1),
	('2041-04-11', 1),
	('2041-04-12', 1),
	('2041-04-13', 0),
	('2041-04-14', 0),
	('2041-04-15', 1),
	('2041-04-16', 1),
	('2041-04-17', 1),
	('2041-04-18', 1),
	('2041-04-19', 1),
	('2041-04-20', 0),
	('2041-04-21', 0),
	('2041-04-22', 1),
	('2041-04-23', 1),
	('2041-04-24', 1),
	('2041-04-25', 1),
	('2041-04-26', 1),
	('2041-04-27', 0),
	('2041-04-28', 0),
	('2041-04-29', 1),
	('2041-04-30', 1),
	('2041-05-01', 1),
	('2041-05-02', 1),
	('2041-05-03', 1),
	('2041-05-04', 0),
	('2041-05-05', 0),
	('2041-05-06', 1),
	('2041-05-07', 1),
	('2041-05-08', 1),
	('2041-05-09', 1),
	('2041-05-10', 1),
	('2041-05-11', 0),
	('2041-05-12', 0),
	('2041-05-13', 1),
	('2041-05-14', 1),
	('2041-05-15', 1),
	('2041-05-16', 1),
	('2041-05-17', 1),
	('2041-05-18', 0),
	('2041-05-19', 0),
	('2041-05-20', 1),
	('2041-05-21', 1),
	('2041-05-22', 1),
	('2041-05-23', 1),
	('2041-05-24', 1),
	('2041-05-25', 0),
	('2041-05-26', 0),
	('2041-05-27', 1),
	('2041-05-28', 1),
	('2041-05-29', 1),
	('2041-05-30', 1),
	('2041-05-31', 1),
	('2041-06-01', 0),
	('2041-06-02', 0),
	('2041-06-03', 1),
	('2041-06-04', 1),
	('2041-06-05', 1),
	('2041-06-06', 1),
	('2041-06-07', 1),
	('2041-06-08', 0),
	('2041-06-09', 0),
	('2041-06-10', 1),
	('2041-06-11', 1),
	('2041-06-12', 1),
	('2041-06-13', 1),
	('2041-06-14', 1),
	('2041-06-15', 0),
	('2041-06-16', 0),
	('2041-06-17', 1),
	('2041-06-18', 1),
	('2041-06-19', 1),
	('2041-06-20', 1),
	('2041-06-21', 1),
	('2041-06-22', 0),
	('2041-06-23', 0),
	('2041-06-24', 1),
	('2041-06-25', 1),
	('2041-06-26', 1),
	('2041-06-27', 1),
	('2041-06-28', 1),
	('2041-06-29', 0),
	('2041-06-30', 0),
	('2041-07-01', 1),
	('2041-07-02', 1),
	('2041-07-03', 1),
	('2041-07-04', 1),
	('2041-07-05', 1),
	('2041-07-06', 0),
	('2041-07-07', 0),
	('2041-07-08', 1),
	('2041-07-09', 1),
	('2041-07-10', 1),
	('2041-07-11', 1),
	('2041-07-12', 1),
	('2041-07-13', 0),
	('2041-07-14', 0),
	('2041-07-15', 1),
	('2041-07-16', 1),
	('2041-07-17', 1),
	('2041-07-18', 1),
	('2041-07-19', 1),
	('2041-07-20', 0),
	('2041-07-21', 0),
	('2041-07-22', 1),
	('2041-07-23', 1),
	('2041-07-24', 1),
	('2041-07-25', 1),
	('2041-07-26', 1),
	('2041-07-27', 0),
	('2041-07-28', 0),
	('2041-07-29', 1),
	('2041-07-30', 1),
	('2041-07-31', 1),
	('2041-08-01', 1),
	('2041-08-02', 1),
	('2041-08-03', 0),
	('2041-08-04', 0),
	('2041-08-05', 1),
	('2041-08-06', 1),
	('2041-08-07', 1),
	('2041-08-08', 1),
	('2041-08-09', 1),
	('2041-08-10', 0),
	('2041-08-11', 0),
	('2041-08-12', 1),
	('2041-08-13', 1),
	('2041-08-14', 1),
	('2041-08-15', 1),
	('2041-08-16', 1),
	('2041-08-17', 0),
	('2041-08-18', 0),
	('2041-08-19', 1),
	('2041-08-20', 1),
	('2041-08-21', 1),
	('2041-08-22', 1),
	('2041-08-23', 1),
	('2041-08-24', 0),
	('2041-08-25', 0),
	('2041-08-26', 1),
	('2041-08-27', 1),
	('2041-08-28', 1),
	('2041-08-29', 1),
	('2041-08-30', 1),
	('2041-08-31', 0),
	('2041-09-01', 0),
	('2041-09-02', 1),
	('2041-09-03', 1),
	('2041-09-04', 1),
	('2041-09-05', 1),
	('2041-09-06', 1),
	('2041-09-07', 0),
	('2041-09-08', 0),
	('2041-09-09', 1),
	('2041-09-10', 1),
	('2041-09-11', 1),
	('2041-09-12', 1),
	('2041-09-13', 1),
	('2041-09-14', 0),
	('2041-09-15', 0),
	('2041-09-16', 1),
	('2041-09-17', 1),
	('2041-09-18', 1),
	('2041-09-19', 1),
	('2041-09-20', 1),
	('2041-09-21', 0),
	('2041-09-22', 0),
	('2041-09-23', 1),
	('2041-09-24', 1),
	('2041-09-25', 1),
	('2041-09-26', 1),
	('2041-09-27', 1),
	('2041-09-28', 0),
	('2041-09-29', 0),
	('2041-09-30', 1),
	('2041-10-01', 1),
	('2041-10-02', 1),
	('2041-10-03', 1),
	('2041-10-04', 1),
	('2041-10-05', 0),
	('2041-10-06', 0),
	('2041-10-07', 1),
	('2041-10-08', 1),
	('2041-10-09', 1),
	('2041-10-10', 1),
	('2041-10-11', 1),
	('2041-10-12', 0),
	('2041-10-13', 0),
	('2041-10-14', 1),
	('2041-10-15', 1),
	('2041-10-16', 1),
	('2041-10-17', 1),
	('2041-10-18', 1),
	('2041-10-19', 0),
	('2041-10-20', 0),
	('2041-10-21', 1),
	('2041-10-22', 1),
	('2041-10-23', 1),
	('2041-10-24', 1),
	('2041-10-25', 1),
	('2041-10-26', 0),
	('2041-10-27', 0),
	('2041-10-28', 1),
	('2041-10-29', 1),
	('2041-10-30', 1),
	('2041-10-31', 1),
	('2041-11-01', 1),
	('2041-11-02', 0),
	('2041-11-03', 0),
	('2041-11-04', 1),
	('2041-11-05', 1),
	('2041-11-06', 1),
	('2041-11-07', 1),
	('2041-11-08', 1),
	('2041-11-09', 0),
	('2041-11-10', 0),
	('2041-11-11', 1),
	('2041-11-12', 1),
	('2041-11-13', 1),
	('2041-11-14', 1),
	('2041-11-15', 1),
	('2041-11-16', 0),
	('2041-11-17', 0),
	('2041-11-18', 1),
	('2041-11-19', 1),
	('2041-11-20', 1),
	('2041-11-21', 1),
	('2041-11-22', 1),
	('2041-11-23', 0),
	('2041-11-24', 0),
	('2041-11-25', 1),
	('2041-11-26', 1),
	('2041-11-27', 1),
	('2041-11-28', 1),
	('2041-11-29', 1),
	('2041-11-30', 0),
	('2041-12-01', 0),
	('2041-12-02', 1),
	('2041-12-03', 1),
	('2041-12-04', 1),
	('2041-12-05', 1),
	('2041-12-06', 1),
	('2041-12-07', 0),
	('2041-12-08', 0),
	('2041-12-09', 1),
	('2041-12-10', 1),
	('2041-12-11', 1),
	('2041-12-12', 1),
	('2041-12-13', 1),
	('2041-12-14', 0),
	('2041-12-15', 0),
	('2041-12-16', 1),
	('2041-12-17', 1),
	('2041-12-18', 1),
	('2041-12-19', 1),
	('2041-12-20', 1),
	('2041-12-21', 0),
	('2041-12-22', 0),
	('2041-12-23', 1),
	('2041-12-24', 1),
	('2041-12-25', 1),
	('2041-12-26', 1),
	('2041-12-27', 1),
	('2041-12-28', 0),
	('2041-12-29', 0),
	('2041-12-30', 1),
	('2041-12-31', 1),
	('2042-01-01', 1),
	('2042-01-02', 1),
	('2042-01-03', 1),
	('2042-01-04', 0),
	('2042-01-05', 0),
	('2042-01-06', 1),
	('2042-01-07', 1),
	('2042-01-08', 1),
	('2042-01-09', 1),
	('2042-01-10', 1),
	('2042-01-11', 0),
	('2042-01-12', 0),
	('2042-01-13', 1),
	('2042-01-14', 1),
	('2042-01-15', 1),
	('2042-01-16', 1),
	('2042-01-17', 1),
	('2042-01-18', 0),
	('2042-01-19', 0),
	('2042-01-20', 1),
	('2042-01-21', 1),
	('2042-01-22', 1),
	('2042-01-23', 1),
	('2042-01-24', 1),
	('2042-01-25', 0),
	('2042-01-26', 0),
	('2042-01-27', 1),
	('2042-01-28', 1),
	('2042-01-29', 1),
	('2042-01-30', 1),
	('2042-01-31', 1),
	('2042-02-01', 0),
	('2042-02-02', 0),
	('2042-02-03', 1),
	('2042-02-04', 1),
	('2042-02-05', 1),
	('2042-02-06', 1),
	('2042-02-07', 1),
	('2042-02-08', 0),
	('2042-02-09', 0),
	('2042-02-10', 1),
	('2042-02-11', 1),
	('2042-02-12', 1),
	('2042-02-13', 1),
	('2042-02-14', 1),
	('2042-02-15', 0),
	('2042-02-16', 0),
	('2042-02-17', 1),
	('2042-02-18', 1),
	('2042-02-19', 1),
	('2042-02-20', 1),
	('2042-02-21', 1),
	('2042-02-22', 0),
	('2042-02-23', 0),
	('2042-02-24', 1),
	('2042-02-25', 1),
	('2042-02-26', 1),
	('2042-02-27', 1),
	('2042-02-28', 1),
	('2042-03-01', 0),
	('2042-03-02', 0),
	('2042-03-03', 1),
	('2042-03-04', 1),
	('2042-03-05', 1),
	('2042-03-06', 1),
	('2042-03-07', 1),
	('2042-03-08', 0),
	('2042-03-09', 0),
	('2042-03-10', 1),
	('2042-03-11', 1),
	('2042-03-12', 1),
	('2042-03-13', 1),
	('2042-03-14', 1),
	('2042-03-15', 0),
	('2042-03-16', 0),
	('2042-03-17', 1),
	('2042-03-18', 1),
	('2042-03-19', 1),
	('2042-03-20', 1),
	('2042-03-21', 1),
	('2042-03-22', 0),
	('2042-03-23', 0),
	('2042-03-24', 1),
	('2042-03-25', 1),
	('2042-03-26', 1),
	('2042-03-27', 1),
	('2042-03-28', 1),
	('2042-03-29', 0),
	('2042-03-30', 0),
	('2042-03-31', 1),
	('2042-04-01', 1),
	('2042-04-02', 1),
	('2042-04-03', 1),
	('2042-04-04', 1),
	('2042-04-05', 0),
	('2042-04-06', 0),
	('2042-04-07', 1),
	('2042-04-08', 1),
	('2042-04-09', 1),
	('2042-04-10', 1),
	('2042-04-11', 1),
	('2042-04-12', 0),
	('2042-04-13', 0),
	('2042-04-14', 1),
	('2042-04-15', 1),
	('2042-04-16', 1),
	('2042-04-17', 1),
	('2042-04-18', 1),
	('2042-04-19', 0),
	('2042-04-20', 0),
	('2042-04-21', 1),
	('2042-04-22', 1),
	('2042-04-23', 1),
	('2042-04-24', 1),
	('2042-04-25', 1),
	('2042-04-26', 0),
	('2042-04-27', 0),
	('2042-04-28', 1),
	('2042-04-29', 1),
	('2042-04-30', 1),
	('2042-05-01', 1),
	('2042-05-02', 1),
	('2042-05-03', 0),
	('2042-05-04', 0),
	('2042-05-05', 1),
	('2042-05-06', 1),
	('2042-05-07', 1),
	('2042-05-08', 1),
	('2042-05-09', 1),
	('2042-05-10', 0),
	('2042-05-11', 0),
	('2042-05-12', 1),
	('2042-05-13', 1),
	('2042-05-14', 1),
	('2042-05-15', 1),
	('2042-05-16', 1),
	('2042-05-17', 0),
	('2042-05-18', 0),
	('2042-05-19', 1),
	('2042-05-20', 1),
	('2042-05-21', 1),
	('2042-05-22', 1),
	('2042-05-23', 1),
	('2042-05-24', 0),
	('2042-05-25', 0),
	('2042-05-26', 1),
	('2042-05-27', 1),
	('2042-05-28', 1),
	('2042-05-29', 1),
	('2042-05-30', 1),
	('2042-05-31', 0),
	('2042-06-01', 0),
	('2042-06-02', 1),
	('2042-06-03', 1),
	('2042-06-04', 1),
	('2042-06-05', 1),
	('2042-06-06', 1),
	('2042-06-07', 0),
	('2042-06-08', 0),
	('2042-06-09', 1),
	('2042-06-10', 1),
	('2042-06-11', 1),
	('2042-06-12', 1),
	('2042-06-13', 1),
	('2042-06-14', 0),
	('2042-06-15', 0),
	('2042-06-16', 1),
	('2042-06-17', 1),
	('2042-06-18', 1),
	('2042-06-19', 1),
	('2042-06-20', 1),
	('2042-06-21', 0),
	('2042-06-22', 0),
	('2042-06-23', 1),
	('2042-06-24', 1),
	('2042-06-25', 1),
	('2042-06-26', 1),
	('2042-06-27', 1),
	('2042-06-28', 0),
	('2042-06-29', 0),
	('2042-06-30', 1),
	('2042-07-01', 1),
	('2042-07-02', 1),
	('2042-07-03', 1),
	('2042-07-04', 1),
	('2042-07-05', 0),
	('2042-07-06', 0),
	('2042-07-07', 1),
	('2042-07-08', 1),
	('2042-07-09', 1),
	('2042-07-10', 1),
	('2042-07-11', 1),
	('2042-07-12', 0),
	('2042-07-13', 0),
	('2042-07-14', 1),
	('2042-07-15', 1),
	('2042-07-16', 1),
	('2042-07-17', 1),
	('2042-07-18', 1),
	('2042-07-19', 0),
	('2042-07-20', 0),
	('2042-07-21', 1),
	('2042-07-22', 1),
	('2042-07-23', 1),
	('2042-07-24', 1),
	('2042-07-25', 1),
	('2042-07-26', 0),
	('2042-07-27', 0),
	('2042-07-28', 1),
	('2042-07-29', 1),
	('2042-07-30', 1),
	('2042-07-31', 1),
	('2042-08-01', 1),
	('2042-08-02', 0),
	('2042-08-03', 0),
	('2042-08-04', 1),
	('2042-08-05', 1),
	('2042-08-06', 1),
	('2042-08-07', 1),
	('2042-08-08', 1),
	('2042-08-09', 0),
	('2042-08-10', 0),
	('2042-08-11', 1),
	('2042-08-12', 1),
	('2042-08-13', 1),
	('2042-08-14', 1),
	('2042-08-15', 1),
	('2042-08-16', 0),
	('2042-08-17', 0),
	('2042-08-18', 1),
	('2042-08-19', 1),
	('2042-08-20', 1),
	('2042-08-21', 1),
	('2042-08-22', 1),
	('2042-08-23', 0),
	('2042-08-24', 0),
	('2042-08-25', 1),
	('2042-08-26', 1),
	('2042-08-27', 1),
	('2042-08-28', 1),
	('2042-08-29', 1),
	('2042-08-30', 0),
	('2042-08-31', 0),
	('2042-09-01', 1),
	('2042-09-02', 1),
	('2042-09-03', 1),
	('2042-09-04', 1),
	('2042-09-05', 1),
	('2042-09-06', 0),
	('2042-09-07', 0),
	('2042-09-08', 1),
	('2042-09-09', 1),
	('2042-09-10', 1),
	('2042-09-11', 1),
	('2042-09-12', 1),
	('2042-09-13', 0),
	('2042-09-14', 0),
	('2042-09-15', 1),
	('2042-09-16', 1),
	('2042-09-17', 1),
	('2042-09-18', 1),
	('2042-09-19', 1),
	('2042-09-20', 0),
	('2042-09-21', 0),
	('2042-09-22', 1),
	('2042-09-23', 1),
	('2042-09-24', 1),
	('2042-09-25', 1),
	('2042-09-26', 1),
	('2042-09-27', 0),
	('2042-09-28', 0),
	('2042-09-29', 1),
	('2042-09-30', 1),
	('2042-10-01', 1),
	('2042-10-02', 1),
	('2042-10-03', 1),
	('2042-10-04', 0),
	('2042-10-05', 0),
	('2042-10-06', 1),
	('2042-10-07', 1),
	('2042-10-08', 1),
	('2042-10-09', 1),
	('2042-10-10', 1),
	('2042-10-11', 0),
	('2042-10-12', 0),
	('2042-10-13', 1),
	('2042-10-14', 1),
	('2042-10-15', 1),
	('2042-10-16', 1),
	('2042-10-17', 1),
	('2042-10-18', 0),
	('2042-10-19', 0),
	('2042-10-20', 1),
	('2042-10-21', 1),
	('2042-10-22', 1),
	('2042-10-23', 1),
	('2042-10-24', 1),
	('2042-10-25', 0),
	('2042-10-26', 0),
	('2042-10-27', 1),
	('2042-10-28', 1),
	('2042-10-29', 1),
	('2042-10-30', 1),
	('2042-10-31', 1),
	('2042-11-01', 0),
	('2042-11-02', 0),
	('2042-11-03', 1),
	('2042-11-04', 1),
	('2042-11-05', 1),
	('2042-11-06', 1),
	('2042-11-07', 1),
	('2042-11-08', 0),
	('2042-11-09', 0),
	('2042-11-10', 1),
	('2042-11-11', 1),
	('2042-11-12', 1),
	('2042-11-13', 1),
	('2042-11-14', 1),
	('2042-11-15', 0),
	('2042-11-16', 0),
	('2042-11-17', 1),
	('2042-11-18', 1),
	('2042-11-19', 1),
	('2042-11-20', 1),
	('2042-11-21', 1),
	('2042-11-22', 0),
	('2042-11-23', 0),
	('2042-11-24', 1),
	('2042-11-25', 1),
	('2042-11-26', 1),
	('2042-11-27', 1),
	('2042-11-28', 1),
	('2042-11-29', 0),
	('2042-11-30', 0),
	('2042-12-01', 1),
	('2042-12-02', 1),
	('2042-12-03', 1),
	('2042-12-04', 1),
	('2042-12-05', 1),
	('2042-12-06', 0),
	('2042-12-07', 0),
	('2042-12-08', 1),
	('2042-12-09', 1),
	('2042-12-10', 1),
	('2042-12-11', 1),
	('2042-12-12', 1),
	('2042-12-13', 0),
	('2042-12-14', 0),
	('2042-12-15', 1),
	('2042-12-16', 1),
	('2042-12-17', 1),
	('2042-12-18', 1),
	('2042-12-19', 1),
	('2042-12-20', 0),
	('2042-12-21', 0),
	('2042-12-22', 1),
	('2042-12-23', 1),
	('2042-12-24', 1),
	('2042-12-25', 1),
	('2042-12-26', 1),
	('2042-12-27', 0),
	('2042-12-28', 0),
	('2042-12-29', 1),
	('2042-12-30', 1),
	('2042-12-31', 1),
	('2043-01-01', 1),
	('2043-01-02', 1),
	('2043-01-03', 0),
	('2043-01-04', 0),
	('2043-01-05', 1),
	('2043-01-06', 1),
	('2043-01-07', 1),
	('2043-01-08', 1),
	('2043-01-09', 1),
	('2043-01-10', 0),
	('2043-01-11', 0),
	('2043-01-12', 1),
	('2043-01-13', 1),
	('2043-01-14', 1),
	('2043-01-15', 1),
	('2043-01-16', 1),
	('2043-01-17', 0),
	('2043-01-18', 0),
	('2043-01-19', 1),
	('2043-01-20', 1),
	('2043-01-21', 1),
	('2043-01-22', 1),
	('2043-01-23', 1),
	('2043-01-24', 0),
	('2043-01-25', 0),
	('2043-01-26', 1),
	('2043-01-27', 1),
	('2043-01-28', 1),
	('2043-01-29', 1),
	('2043-01-30', 1),
	('2043-01-31', 0),
	('2043-02-01', 0),
	('2043-02-02', 1),
	('2043-02-03', 1),
	('2043-02-04', 1),
	('2043-02-05', 1),
	('2043-02-06', 1),
	('2043-02-07', 0),
	('2043-02-08', 0),
	('2043-02-09', 1),
	('2043-02-10', 1),
	('2043-02-11', 1),
	('2043-02-12', 1),
	('2043-02-13', 1),
	('2043-02-14', 0),
	('2043-02-15', 0),
	('2043-02-16', 1),
	('2043-02-17', 1),
	('2043-02-18', 1),
	('2043-02-19', 1),
	('2043-02-20', 1),
	('2043-02-21', 0),
	('2043-02-22', 0),
	('2043-02-23', 1),
	('2043-02-24', 1),
	('2043-02-25', 1),
	('2043-02-26', 1),
	('2043-02-27', 1),
	('2043-02-28', 0),
	('2043-03-01', 0),
	('2043-03-02', 1),
	('2043-03-03', 1),
	('2043-03-04', 1),
	('2043-03-05', 1),
	('2043-03-06', 1),
	('2043-03-07', 0),
	('2043-03-08', 0),
	('2043-03-09', 1),
	('2043-03-10', 1),
	('2043-03-11', 1),
	('2043-03-12', 1),
	('2043-03-13', 1),
	('2043-03-14', 0),
	('2043-03-15', 0),
	('2043-03-16', 1),
	('2043-03-17', 1),
	('2043-03-18', 1),
	('2043-03-19', 1),
	('2043-03-20', 1),
	('2043-03-21', 0),
	('2043-03-22', 0),
	('2043-03-23', 1),
	('2043-03-24', 1),
	('2043-03-25', 1),
	('2043-03-26', 1),
	('2043-03-27', 1),
	('2043-03-28', 0),
	('2043-03-29', 0),
	('2043-03-30', 1),
	('2043-03-31', 1),
	('2043-04-01', 1),
	('2043-04-02', 1),
	('2043-04-03', 1),
	('2043-04-04', 0),
	('2043-04-05', 0),
	('2043-04-06', 1),
	('2043-04-07', 1),
	('2043-04-08', 1),
	('2043-04-09', 1),
	('2043-04-10', 1),
	('2043-04-11', 0),
	('2043-04-12', 0),
	('2043-04-13', 1),
	('2043-04-14', 1),
	('2043-04-15', 1),
	('2043-04-16', 1),
	('2043-04-17', 1),
	('2043-04-18', 0),
	('2043-04-19', 0),
	('2043-04-20', 1),
	('2043-04-21', 1),
	('2043-04-22', 1),
	('2043-04-23', 1),
	('2043-04-24', 1),
	('2043-04-25', 0),
	('2043-04-26', 0),
	('2043-04-27', 1),
	('2043-04-28', 1),
	('2043-04-29', 1),
	('2043-04-30', 1),
	('2043-05-01', 1),
	('2043-05-02', 0),
	('2043-05-03', 0),
	('2043-05-04', 1),
	('2043-05-05', 1),
	('2043-05-06', 1),
	('2043-05-07', 1),
	('2043-05-08', 1),
	('2043-05-09', 0),
	('2043-05-10', 0),
	('2043-05-11', 1),
	('2043-05-12', 1),
	('2043-05-13', 1),
	('2043-05-14', 1),
	('2043-05-15', 1),
	('2043-05-16', 0),
	('2043-05-17', 0),
	('2043-05-18', 1),
	('2043-05-19', 1),
	('2043-05-20', 1),
	('2043-05-21', 1),
	('2043-05-22', 1),
	('2043-05-23', 0),
	('2043-05-24', 0),
	('2043-05-25', 1),
	('2043-05-26', 1),
	('2043-05-27', 1),
	('2043-05-28', 1),
	('2043-05-29', 1),
	('2043-05-30', 0),
	('2043-05-31', 0),
	('2043-06-01', 1),
	('2043-06-02', 1),
	('2043-06-03', 1),
	('2043-06-04', 1),
	('2043-06-05', 1),
	('2043-06-06', 0),
	('2043-06-07', 0),
	('2043-06-08', 1),
	('2043-06-09', 1),
	('2043-06-10', 1),
	('2043-06-11', 1),
	('2043-06-12', 1),
	('2043-06-13', 0),
	('2043-06-14', 0),
	('2043-06-15', 1),
	('2043-06-16', 1),
	('2043-06-17', 1),
	('2043-06-18', 1),
	('2043-06-19', 1),
	('2043-06-20', 0),
	('2043-06-21', 0),
	('2043-06-22', 1),
	('2043-06-23', 1),
	('2043-06-24', 1),
	('2043-06-25', 1),
	('2043-06-26', 1),
	('2043-06-27', 0),
	('2043-06-28', 0),
	('2043-06-29', 1),
	('2043-06-30', 1),
	('2043-07-01', 1),
	('2043-07-02', 1),
	('2043-07-03', 1),
	('2043-07-04', 0),
	('2043-07-05', 0),
	('2043-07-06', 1),
	('2043-07-07', 1),
	('2043-07-08', 1),
	('2043-07-09', 1),
	('2043-07-10', 1),
	('2043-07-11', 0),
	('2043-07-12', 0),
	('2043-07-13', 1),
	('2043-07-14', 1),
	('2043-07-15', 1),
	('2043-07-16', 1),
	('2043-07-17', 1),
	('2043-07-18', 0),
	('2043-07-19', 0),
	('2043-07-20', 1),
	('2043-07-21', 1),
	('2043-07-22', 1),
	('2043-07-23', 1),
	('2043-07-24', 1),
	('2043-07-25', 0),
	('2043-07-26', 0),
	('2043-07-27', 1),
	('2043-07-28', 1),
	('2043-07-29', 1),
	('2043-07-30', 1),
	('2043-07-31', 1),
	('2043-08-01', 0),
	('2043-08-02', 0),
	('2043-08-03', 1),
	('2043-08-04', 1),
	('2043-08-05', 1),
	('2043-08-06', 1),
	('2043-08-07', 1),
	('2043-08-08', 0),
	('2043-08-09', 0),
	('2043-08-10', 1),
	('2043-08-11', 1),
	('2043-08-12', 1),
	('2043-08-13', 1),
	('2043-08-14', 1),
	('2043-08-15', 0),
	('2043-08-16', 0),
	('2043-08-17', 1),
	('2043-08-18', 1),
	('2043-08-19', 1),
	('2043-08-20', 1),
	('2043-08-21', 1),
	('2043-08-22', 0),
	('2043-08-23', 0),
	('2043-08-24', 1),
	('2043-08-25', 1),
	('2043-08-26', 1),
	('2043-08-27', 1),
	('2043-08-28', 1),
	('2043-08-29', 0),
	('2043-08-30', 0),
	('2043-08-31', 1),
	('2043-09-01', 1),
	('2043-09-02', 1),
	('2043-09-03', 1),
	('2043-09-04', 1),
	('2043-09-05', 0),
	('2043-09-06', 0),
	('2043-09-07', 1),
	('2043-09-08', 1),
	('2043-09-09', 1),
	('2043-09-10', 1),
	('2043-09-11', 1),
	('2043-09-12', 0),
	('2043-09-13', 0),
	('2043-09-14', 1),
	('2043-09-15', 1),
	('2043-09-16', 1),
	('2043-09-17', 1),
	('2043-09-18', 1),
	('2043-09-19', 0),
	('2043-09-20', 0),
	('2043-09-21', 1),
	('2043-09-22', 1),
	('2043-09-23', 1),
	('2043-09-24', 1),
	('2043-09-25', 1),
	('2043-09-26', 0),
	('2043-09-27', 0),
	('2043-09-28', 1),
	('2043-09-29', 1),
	('2043-09-30', 1),
	('2043-10-01', 1),
	('2043-10-02', 1),
	('2043-10-03', 0),
	('2043-10-04', 0),
	('2043-10-05', 1),
	('2043-10-06', 1),
	('2043-10-07', 1),
	('2043-10-08', 1),
	('2043-10-09', 1),
	('2043-10-10', 0),
	('2043-10-11', 0),
	('2043-10-12', 1),
	('2043-10-13', 1),
	('2043-10-14', 1),
	('2043-10-15', 1),
	('2043-10-16', 1),
	('2043-10-17', 0),
	('2043-10-18', 0),
	('2043-10-19', 1),
	('2043-10-20', 1),
	('2043-10-21', 1),
	('2043-10-22', 1),
	('2043-10-23', 1),
	('2043-10-24', 0),
	('2043-10-25', 0),
	('2043-10-26', 1),
	('2043-10-27', 1),
	('2043-10-28', 1),
	('2043-10-29', 1),
	('2043-10-30', 1),
	('2043-10-31', 0),
	('2043-11-01', 0),
	('2043-11-02', 1),
	('2043-11-03', 1),
	('2043-11-04', 1),
	('2043-11-05', 1),
	('2043-11-06', 1),
	('2043-11-07', 0),
	('2043-11-08', 0),
	('2043-11-09', 1),
	('2043-11-10', 1),
	('2043-11-11', 1),
	('2043-11-12', 1),
	('2043-11-13', 1),
	('2043-11-14', 0),
	('2043-11-15', 0),
	('2043-11-16', 1),
	('2043-11-17', 1),
	('2043-11-18', 1),
	('2043-11-19', 1),
	('2043-11-20', 1),
	('2043-11-21', 0),
	('2043-11-22', 0),
	('2043-11-23', 1),
	('2043-11-24', 1),
	('2043-11-25', 1),
	('2043-11-26', 1),
	('2043-11-27', 1),
	('2043-11-28', 0),
	('2043-11-29', 0),
	('2043-11-30', 1),
	('2043-12-01', 1),
	('2043-12-02', 1),
	('2043-12-03', 1),
	('2043-12-04', 1),
	('2043-12-05', 0),
	('2043-12-06', 0),
	('2043-12-07', 1),
	('2043-12-08', 1),
	('2043-12-09', 1),
	('2043-12-10', 1),
	('2043-12-11', 1),
	('2043-12-12', 0),
	('2043-12-13', 0),
	('2043-12-14', 1),
	('2043-12-15', 1),
	('2043-12-16', 1),
	('2043-12-17', 1),
	('2043-12-18', 1),
	('2043-12-19', 0),
	('2043-12-20', 0),
	('2043-12-21', 1),
	('2043-12-22', 1),
	('2043-12-23', 1),
	('2043-12-24', 1),
	('2043-12-25', 1),
	('2043-12-26', 0),
	('2043-12-27', 0),
	('2043-12-28', 1),
	('2043-12-29', 1),
	('2043-12-30', 1),
	('2043-12-31', 1),
	('2044-01-01', 1),
	('2044-01-02', 0),
	('2044-01-03', 0),
	('2044-01-04', 1),
	('2044-01-05', 1),
	('2044-01-06', 1),
	('2044-01-07', 1),
	('2044-01-08', 1),
	('2044-01-09', 0),
	('2044-01-10', 0),
	('2044-01-11', 1),
	('2044-01-12', 1),
	('2044-01-13', 1),
	('2044-01-14', 1),
	('2044-01-15', 1),
	('2044-01-16', 0),
	('2044-01-17', 0),
	('2044-01-18', 1),
	('2044-01-19', 1),
	('2044-01-20', 1),
	('2044-01-21', 1),
	('2044-01-22', 1),
	('2044-01-23', 0),
	('2044-01-24', 0),
	('2044-01-25', 1),
	('2044-01-26', 1),
	('2044-01-27', 1),
	('2044-01-28', 1),
	('2044-01-29', 1),
	('2044-01-30', 0),
	('2044-01-31', 0),
	('2044-02-01', 1),
	('2044-02-02', 1),
	('2044-02-03', 1),
	('2044-02-04', 1),
	('2044-02-05', 1),
	('2044-02-06', 0),
	('2044-02-07', 0),
	('2044-02-08', 1),
	('2044-02-09', 1),
	('2044-02-10', 1),
	('2044-02-11', 1),
	('2044-02-12', 1),
	('2044-02-13', 0),
	('2044-02-14', 0),
	('2044-02-15', 1),
	('2044-02-16', 1),
	('2044-02-17', 1),
	('2044-02-18', 1),
	('2044-02-19', 1),
	('2044-02-20', 0),
	('2044-02-21', 0),
	('2044-02-22', 1),
	('2044-02-23', 1),
	('2044-02-24', 1),
	('2044-02-25', 1),
	('2044-02-26', 1),
	('2044-02-27', 0),
	('2044-02-28', 0),
	('2044-02-29', 1),
	('2044-03-01', 1),
	('2044-03-02', 1),
	('2044-03-03', 1),
	('2044-03-04', 1),
	('2044-03-05', 0),
	('2044-03-06', 0),
	('2044-03-07', 1),
	('2044-03-08', 1),
	('2044-03-09', 1),
	('2044-03-10', 1),
	('2044-03-11', 1),
	('2044-03-12', 0),
	('2044-03-13', 0),
	('2044-03-14', 1),
	('2044-03-15', 1),
	('2044-03-16', 1),
	('2044-03-17', 1),
	('2044-03-18', 1),
	('2044-03-19', 0),
	('2044-03-20', 0),
	('2044-03-21', 1),
	('2044-03-22', 1),
	('2044-03-23', 1),
	('2044-03-24', 1),
	('2044-03-25', 1),
	('2044-03-26', 0),
	('2044-03-27', 0),
	('2044-03-28', 1),
	('2044-03-29', 1),
	('2044-03-30', 1),
	('2044-03-31', 1),
	('2044-04-01', 1),
	('2044-04-02', 0),
	('2044-04-03', 0),
	('2044-04-04', 1),
	('2044-04-05', 1),
	('2044-04-06', 1),
	('2044-04-07', 1),
	('2044-04-08', 1),
	('2044-04-09', 0),
	('2044-04-10', 0),
	('2044-04-11', 1),
	('2044-04-12', 1),
	('2044-04-13', 1),
	('2044-04-14', 1),
	('2044-04-15', 1),
	('2044-04-16', 0),
	('2044-04-17', 0),
	('2044-04-18', 1),
	('2044-04-19', 1),
	('2044-04-20', 1),
	('2044-04-21', 1),
	('2044-04-22', 1),
	('2044-04-23', 0),
	('2044-04-24', 0),
	('2044-04-25', 1),
	('2044-04-26', 1),
	('2044-04-27', 1),
	('2044-04-28', 1),
	('2044-04-29', 1),
	('2044-04-30', 0),
	('2044-05-01', 0),
	('2044-05-02', 1),
	('2044-05-03', 1),
	('2044-05-04', 1),
	('2044-05-05', 1),
	('2044-05-06', 1),
	('2044-05-07', 0),
	('2044-05-08', 0),
	('2044-05-09', 1),
	('2044-05-10', 1),
	('2044-05-11', 1),
	('2044-05-12', 1),
	('2044-05-13', 1),
	('2044-05-14', 0),
	('2044-05-15', 0),
	('2044-05-16', 1),
	('2044-05-17', 1),
	('2044-05-18', 1),
	('2044-05-19', 1),
	('2044-05-20', 1),
	('2044-05-21', 0),
	('2044-05-22', 0),
	('2044-05-23', 1),
	('2044-05-24', 1),
	('2044-05-25', 1),
	('2044-05-26', 1),
	('2044-05-27', 1),
	('2044-05-28', 0),
	('2044-05-29', 0),
	('2044-05-30', 1),
	('2044-05-31', 1),
	('2044-06-01', 1),
	('2044-06-02', 1),
	('2044-06-03', 1),
	('2044-06-04', 0),
	('2044-06-05', 0),
	('2044-06-06', 1),
	('2044-06-07', 1),
	('2044-06-08', 1),
	('2044-06-09', 1),
	('2044-06-10', 1),
	('2044-06-11', 0),
	('2044-06-12', 0),
	('2044-06-13', 1),
	('2044-06-14', 1),
	('2044-06-15', 1),
	('2044-06-16', 1),
	('2044-06-17', 1),
	('2044-06-18', 0),
	('2044-06-19', 0),
	('2044-06-20', 1),
	('2044-06-21', 1),
	('2044-06-22', 1),
	('2044-06-23', 1),
	('2044-06-24', 1),
	('2044-06-25', 0),
	('2044-06-26', 0),
	('2044-06-27', 1),
	('2044-06-28', 1),
	('2044-06-29', 1),
	('2044-06-30', 1),
	('2044-07-01', 1),
	('2044-07-02', 0),
	('2044-07-03', 0),
	('2044-07-04', 1),
	('2044-07-05', 1),
	('2044-07-06', 1),
	('2044-07-07', 1),
	('2044-07-08', 1),
	('2044-07-09', 0),
	('2044-07-10', 0),
	('2044-07-11', 1),
	('2044-07-12', 1),
	('2044-07-13', 1),
	('2044-07-14', 1),
	('2044-07-15', 1),
	('2044-07-16', 0),
	('2044-07-17', 0),
	('2044-07-18', 1),
	('2044-07-19', 1),
	('2044-07-20', 1),
	('2044-07-21', 1),
	('2044-07-22', 1),
	('2044-07-23', 0),
	('2044-07-24', 0),
	('2044-07-25', 1),
	('2044-07-26', 1),
	('2044-07-27', 1),
	('2044-07-28', 1),
	('2044-07-29', 1),
	('2044-07-30', 0),
	('2044-07-31', 0),
	('2044-08-01', 1),
	('2044-08-02', 1),
	('2044-08-03', 1),
	('2044-08-04', 1),
	('2044-08-05', 1),
	('2044-08-06', 0),
	('2044-08-07', 0),
	('2044-08-08', 1),
	('2044-08-09', 1),
	('2044-08-10', 1),
	('2044-08-11', 1),
	('2044-08-12', 1),
	('2044-08-13', 0),
	('2044-08-14', 0),
	('2044-08-15', 1),
	('2044-08-16', 1),
	('2044-08-17', 1),
	('2044-08-18', 1),
	('2044-08-19', 1),
	('2044-08-20', 0),
	('2044-08-21', 0),
	('2044-08-22', 1),
	('2044-08-23', 1),
	('2044-08-24', 1),
	('2044-08-25', 1),
	('2044-08-26', 1),
	('2044-08-27', 0),
	('2044-08-28', 0),
	('2044-08-29', 1),
	('2044-08-30', 1),
	('2044-08-31', 1),
	('2044-09-01', 1),
	('2044-09-02', 1),
	('2044-09-03', 0),
	('2044-09-04', 0),
	('2044-09-05', 1),
	('2044-09-06', 1),
	('2044-09-07', 1),
	('2044-09-08', 1),
	('2044-09-09', 1),
	('2044-09-10', 0),
	('2044-09-11', 0),
	('2044-09-12', 1),
	('2044-09-13', 1),
	('2044-09-14', 1),
	('2044-09-15', 1),
	('2044-09-16', 1),
	('2044-09-17', 0),
	('2044-09-18', 0),
	('2044-09-19', 1),
	('2044-09-20', 1),
	('2044-09-21', 1),
	('2044-09-22', 1),
	('2044-09-23', 1),
	('2044-09-24', 0),
	('2044-09-25', 0),
	('2044-09-26', 1),
	('2044-09-27', 1),
	('2044-09-28', 1),
	('2044-09-29', 1),
	('2044-09-30', 1),
	('2044-10-01', 0),
	('2044-10-02', 0),
	('2044-10-03', 1),
	('2044-10-04', 1),
	('2044-10-05', 1),
	('2044-10-06', 1),
	('2044-10-07', 1),
	('2044-10-08', 0),
	('2044-10-09', 0),
	('2044-10-10', 1),
	('2044-10-11', 1),
	('2044-10-12', 1),
	('2044-10-13', 1),
	('2044-10-14', 1),
	('2044-10-15', 0),
	('2044-10-16', 0),
	('2044-10-17', 1),
	('2044-10-18', 1),
	('2044-10-19', 1),
	('2044-10-20', 1),
	('2044-10-21', 1),
	('2044-10-22', 0),
	('2044-10-23', 0),
	('2044-10-24', 1),
	('2044-10-25', 1),
	('2044-10-26', 1),
	('2044-10-27', 1),
	('2044-10-28', 1),
	('2044-10-29', 0),
	('2044-10-30', 0),
	('2044-10-31', 1),
	('2044-11-01', 1),
	('2044-11-02', 1),
	('2044-11-03', 1),
	('2044-11-04', 1),
	('2044-11-05', 0),
	('2044-11-06', 0),
	('2044-11-07', 1),
	('2044-11-08', 1),
	('2044-11-09', 1),
	('2044-11-10', 1),
	('2044-11-11', 1),
	('2044-11-12', 0),
	('2044-11-13', 0),
	('2044-11-14', 1),
	('2044-11-15', 1),
	('2044-11-16', 1),
	('2044-11-17', 1),
	('2044-11-18', 1),
	('2044-11-19', 0),
	('2044-11-20', 0),
	('2044-11-21', 1),
	('2044-11-22', 1),
	('2044-11-23', 1),
	('2044-11-24', 1),
	('2044-11-25', 1),
	('2044-11-26', 0),
	('2044-11-27', 0),
	('2044-11-28', 1),
	('2044-11-29', 1),
	('2044-11-30', 1),
	('2044-12-01', 1),
	('2044-12-02', 1),
	('2044-12-03', 0),
	('2044-12-04', 0),
	('2044-12-05', 1),
	('2044-12-06', 1),
	('2044-12-07', 1),
	('2044-12-08', 1),
	('2044-12-09', 1),
	('2044-12-10', 0),
	('2044-12-11', 0),
	('2044-12-12', 1),
	('2044-12-13', 1),
	('2044-12-14', 1),
	('2044-12-15', 1),
	('2044-12-16', 1),
	('2044-12-17', 0),
	('2044-12-18', 0),
	('2044-12-19', 1),
	('2044-12-20', 1),
	('2044-12-21', 1),
	('2044-12-22', 1),
	('2044-12-23', 1),
	('2044-12-24', 0),
	('2044-12-25', 0),
	('2044-12-26', 1),
	('2044-12-27', 1),
	('2044-12-28', 1),
	('2044-12-29', 1),
	('2044-12-30', 1),
	('2044-12-31', 0),
	('2045-01-01', 0),
	('2045-01-02', 1),
	('2045-01-03', 1),
	('2045-01-04', 1),
	('2045-01-05', 1),
	('2045-01-06', 1),
	('2045-01-07', 0),
	('2045-01-08', 0),
	('2045-01-09', 1),
	('2045-01-10', 1),
	('2045-01-11', 1),
	('2045-01-12', 1),
	('2045-01-13', 1),
	('2045-01-14', 0),
	('2045-01-15', 0),
	('2045-01-16', 1),
	('2045-01-17', 1),
	('2045-01-18', 1),
	('2045-01-19', 1),
	('2045-01-20', 1),
	('2045-01-21', 0),
	('2045-01-22', 0),
	('2045-01-23', 1),
	('2045-01-24', 1),
	('2045-01-25', 1),
	('2045-01-26', 1),
	('2045-01-27', 1),
	('2045-01-28', 0),
	('2045-01-29', 0),
	('2045-01-30', 1),
	('2045-01-31', 1),
	('2045-02-01', 1),
	('2045-02-02', 1),
	('2045-02-03', 1),
	('2045-02-04', 0),
	('2045-02-05', 0),
	('2045-02-06', 1),
	('2045-02-07', 1),
	('2045-02-08', 1),
	('2045-02-09', 1),
	('2045-02-10', 1),
	('2045-02-11', 0),
	('2045-02-12', 0),
	('2045-02-13', 1),
	('2045-02-14', 1),
	('2045-02-15', 1),
	('2045-02-16', 1),
	('2045-02-17', 1),
	('2045-02-18', 0),
	('2045-02-19', 0),
	('2045-02-20', 1),
	('2045-02-21', 1),
	('2045-02-22', 1),
	('2045-02-23', 1),
	('2045-02-24', 1),
	('2045-02-25', 0),
	('2045-02-26', 0),
	('2045-02-27', 1),
	('2045-02-28', 1),
	('2045-03-01', 1),
	('2045-03-02', 1),
	('2045-03-03', 1),
	('2045-03-04', 0),
	('2045-03-05', 0),
	('2045-03-06', 1),
	('2045-03-07', 1),
	('2045-03-08', 1),
	('2045-03-09', 1),
	('2045-03-10', 1),
	('2045-03-11', 0),
	('2045-03-12', 0),
	('2045-03-13', 1),
	('2045-03-14', 1),
	('2045-03-15', 1),
	('2045-03-16', 1),
	('2045-03-17', 1),
	('2045-03-18', 0),
	('2045-03-19', 0),
	('2045-03-20', 1),
	('2045-03-21', 1),
	('2045-03-22', 1),
	('2045-03-23', 1),
	('2045-03-24', 1),
	('2045-03-25', 0),
	('2045-03-26', 0),
	('2045-03-27', 1),
	('2045-03-28', 1),
	('2045-03-29', 1),
	('2045-03-30', 1),
	('2045-03-31', 1),
	('2045-04-01', 0),
	('2045-04-02', 0),
	('2045-04-03', 1),
	('2045-04-04', 1),
	('2045-04-05', 1),
	('2045-04-06', 1),
	('2045-04-07', 1),
	('2045-04-08', 0),
	('2045-04-09', 0),
	('2045-04-10', 1),
	('2045-04-11', 1),
	('2045-04-12', 1),
	('2045-04-13', 1),
	('2045-04-14', 1),
	('2045-04-15', 0),
	('2045-04-16', 0),
	('2045-04-17', 1),
	('2045-04-18', 1),
	('2045-04-19', 1),
	('2045-04-20', 1),
	('2045-04-21', 1),
	('2045-04-22', 0),
	('2045-04-23', 0),
	('2045-04-24', 1),
	('2045-04-25', 1),
	('2045-04-26', 1),
	('2045-04-27', 1),
	('2045-04-28', 1),
	('2045-04-29', 0),
	('2045-04-30', 0),
	('2045-05-01', 1),
	('2045-05-02', 1),
	('2045-05-03', 1),
	('2045-05-04', 1),
	('2045-05-05', 1),
	('2045-05-06', 0),
	('2045-05-07', 0),
	('2045-05-08', 1),
	('2045-05-09', 1),
	('2045-05-10', 1),
	('2045-05-11', 1),
	('2045-05-12', 1),
	('2045-05-13', 0),
	('2045-05-14', 0),
	('2045-05-15', 1),
	('2045-05-16', 1),
	('2045-05-17', 1),
	('2045-05-18', 1),
	('2045-05-19', 1),
	('2045-05-20', 0),
	('2045-05-21', 0),
	('2045-05-22', 1),
	('2045-05-23', 1),
	('2045-05-24', 1),
	('2045-05-25', 1),
	('2045-05-26', 1),
	('2045-05-27', 0),
	('2045-05-28', 0),
	('2045-05-29', 1),
	('2045-05-30', 1),
	('2045-05-31', 1),
	('2045-06-01', 1),
	('2045-06-02', 1),
	('2045-06-03', 0),
	('2045-06-04', 0),
	('2045-06-05', 1),
	('2045-06-06', 1),
	('2045-06-07', 1),
	('2045-06-08', 1),
	('2045-06-09', 1),
	('2045-06-10', 0),
	('2045-06-11', 0),
	('2045-06-12', 1),
	('2045-06-13', 1),
	('2045-06-14', 1),
	('2045-06-15', 1),
	('2045-06-16', 1),
	('2045-06-17', 0),
	('2045-06-18', 0),
	('2045-06-19', 1),
	('2045-06-20', 1),
	('2045-06-21', 1),
	('2045-06-22', 1),
	('2045-06-23', 1),
	('2045-06-24', 0),
	('2045-06-25', 0),
	('2045-06-26', 1),
	('2045-06-27', 1),
	('2045-06-28', 1),
	('2045-06-29', 1),
	('2045-06-30', 1),
	('2045-07-01', 0),
	('2045-07-02', 0),
	('2045-07-03', 1),
	('2045-07-04', 1),
	('2045-07-05', 1),
	('2045-07-06', 1),
	('2045-07-07', 1),
	('2045-07-08', 0),
	('2045-07-09', 0),
	('2045-07-10', 1),
	('2045-07-11', 1),
	('2045-07-12', 1),
	('2045-07-13', 1),
	('2045-07-14', 1),
	('2045-07-15', 0),
	('2045-07-16', 0),
	('2045-07-17', 1),
	('2045-07-18', 1),
	('2045-07-19', 1),
	('2045-07-20', 1),
	('2045-07-21', 1),
	('2045-07-22', 0),
	('2045-07-23', 0),
	('2045-07-24', 1),
	('2045-07-25', 1),
	('2045-07-26', 1),
	('2045-07-27', 1),
	('2045-07-28', 1),
	('2045-07-29', 0),
	('2045-07-30', 0),
	('2045-07-31', 1),
	('2045-08-01', 1),
	('2045-08-02', 1),
	('2045-08-03', 1),
	('2045-08-04', 1),
	('2045-08-05', 0),
	('2045-08-06', 0),
	('2045-08-07', 1),
	('2045-08-08', 1),
	('2045-08-09', 1),
	('2045-08-10', 1),
	('2045-08-11', 1),
	('2045-08-12', 0),
	('2045-08-13', 0),
	('2045-08-14', 1),
	('2045-08-15', 1),
	('2045-08-16', 1),
	('2045-08-17', 1),
	('2045-08-18', 1),
	('2045-08-19', 0),
	('2045-08-20', 0),
	('2045-08-21', 1),
	('2045-08-22', 1),
	('2045-08-23', 1),
	('2045-08-24', 1),
	('2045-08-25', 1),
	('2045-08-26', 0),
	('2045-08-27', 0),
	('2045-08-28', 1),
	('2045-08-29', 1),
	('2045-08-30', 1),
	('2045-08-31', 1),
	('2045-09-01', 1),
	('2045-09-02', 0),
	('2045-09-03', 0),
	('2045-09-04', 1),
	('2045-09-05', 1),
	('2045-09-06', 1),
	('2045-09-07', 1),
	('2045-09-08', 1),
	('2045-09-09', 0),
	('2045-09-10', 0),
	('2045-09-11', 1),
	('2045-09-12', 1),
	('2045-09-13', 1),
	('2045-09-14', 1),
	('2045-09-15', 1),
	('2045-09-16', 0),
	('2045-09-17', 0),
	('2045-09-18', 1),
	('2045-09-19', 1),
	('2045-09-20', 1),
	('2045-09-21', 1),
	('2045-09-22', 1),
	('2045-09-23', 0),
	('2045-09-24', 0),
	('2045-09-25', 1),
	('2045-09-26', 1),
	('2045-09-27', 1),
	('2045-09-28', 1),
	('2045-09-29', 1),
	('2045-09-30', 0),
	('2045-10-01', 0),
	('2045-10-02', 1),
	('2045-10-03', 1),
	('2045-10-04', 1),
	('2045-10-05', 1),
	('2045-10-06', 1),
	('2045-10-07', 0),
	('2045-10-08', 0),
	('2045-10-09', 1),
	('2045-10-10', 1),
	('2045-10-11', 1),
	('2045-10-12', 1),
	('2045-10-13', 1),
	('2045-10-14', 0),
	('2045-10-15', 0),
	('2045-10-16', 1),
	('2045-10-17', 1),
	('2045-10-18', 1),
	('2045-10-19', 1),
	('2045-10-20', 1),
	('2045-10-21', 0),
	('2045-10-22', 0),
	('2045-10-23', 1),
	('2045-10-24', 1),
	('2045-10-25', 1),
	('2045-10-26', 1),
	('2045-10-27', 1),
	('2045-10-28', 0),
	('2045-10-29', 0),
	('2045-10-30', 1),
	('2045-10-31', 1),
	('2045-11-01', 1),
	('2045-11-02', 1),
	('2045-11-03', 1),
	('2045-11-04', 0),
	('2045-11-05', 0),
	('2045-11-06', 1),
	('2045-11-07', 1),
	('2045-11-08', 1),
	('2045-11-09', 1),
	('2045-11-10', 1),
	('2045-11-11', 0),
	('2045-11-12', 0),
	('2045-11-13', 1),
	('2045-11-14', 1),
	('2045-11-15', 1),
	('2045-11-16', 1),
	('2045-11-17', 1),
	('2045-11-18', 0),
	('2045-11-19', 0),
	('2045-11-20', 1),
	('2045-11-21', 1),
	('2045-11-22', 1),
	('2045-11-23', 1),
	('2045-11-24', 1),
	('2045-11-25', 0),
	('2045-11-26', 0),
	('2045-11-27', 1),
	('2045-11-28', 1),
	('2045-11-29', 1),
	('2045-11-30', 1),
	('2045-12-01', 1),
	('2045-12-02', 0),
	('2045-12-03', 0),
	('2045-12-04', 1),
	('2045-12-05', 1),
	('2045-12-06', 1),
	('2045-12-07', 1),
	('2045-12-08', 1),
	('2045-12-09', 0),
	('2045-12-10', 0),
	('2045-12-11', 1),
	('2045-12-12', 1),
	('2045-12-13', 1),
	('2045-12-14', 1),
	('2045-12-15', 1),
	('2045-12-16', 0),
	('2045-12-17', 0),
	('2045-12-18', 1),
	('2045-12-19', 1),
	('2045-12-20', 1),
	('2045-12-21', 1),
	('2045-12-22', 1),
	('2045-12-23', 0),
	('2045-12-24', 0),
	('2045-12-25', 1),
	('2045-12-26', 1),
	('2045-12-27', 1),
	('2045-12-28', 1),
	('2045-12-29', 1),
	('2045-12-30', 0),
	('2045-12-31', 0),
	('2046-01-01', 1),
	('2046-01-02', 1),
	('2046-01-03', 1),
	('2046-01-04', 1),
	('2046-01-05', 1),
	('2046-01-06', 0),
	('2046-01-07', 0),
	('2046-01-08', 1),
	('2046-01-09', 1),
	('2046-01-10', 1),
	('2046-01-11', 1),
	('2046-01-12', 1),
	('2046-01-13', 0),
	('2046-01-14', 0),
	('2046-01-15', 1),
	('2046-01-16', 1),
	('2046-01-17', 1),
	('2046-01-18', 1),
	('2046-01-19', 1),
	('2046-01-20', 0),
	('2046-01-21', 0),
	('2046-01-22', 1),
	('2046-01-23', 1),
	('2046-01-24', 1),
	('2046-01-25', 1),
	('2046-01-26', 1),
	('2046-01-27', 0),
	('2046-01-28', 0),
	('2046-01-29', 1),
	('2046-01-30', 1),
	('2046-01-31', 1),
	('2046-02-01', 1),
	('2046-02-02', 1),
	('2046-02-03', 0),
	('2046-02-04', 0),
	('2046-02-05', 1),
	('2046-02-06', 1),
	('2046-02-07', 1),
	('2046-02-08', 1),
	('2046-02-09', 1),
	('2046-02-10', 0),
	('2046-02-11', 0),
	('2046-02-12', 1),
	('2046-02-13', 1),
	('2046-02-14', 1),
	('2046-02-15', 1),
	('2046-02-16', 1),
	('2046-02-17', 0),
	('2046-02-18', 0),
	('2046-02-19', 1),
	('2046-02-20', 1),
	('2046-02-21', 1),
	('2046-02-22', 1),
	('2046-02-23', 1),
	('2046-02-24', 0),
	('2046-02-25', 0),
	('2046-02-26', 1),
	('2046-02-27', 1),
	('2046-02-28', 1),
	('2046-03-01', 1),
	('2046-03-02', 1),
	('2046-03-03', 0),
	('2046-03-04', 0),
	('2046-03-05', 1),
	('2046-03-06', 1),
	('2046-03-07', 1),
	('2046-03-08', 1),
	('2046-03-09', 1),
	('2046-03-10', 0),
	('2046-03-11', 0),
	('2046-03-12', 1),
	('2046-03-13', 1),
	('2046-03-14', 1),
	('2046-03-15', 1),
	('2046-03-16', 1),
	('2046-03-17', 0),
	('2046-03-18', 0),
	('2046-03-19', 1),
	('2046-03-20', 1),
	('2046-03-21', 1),
	('2046-03-22', 1),
	('2046-03-23', 1),
	('2046-03-24', 0),
	('2046-03-25', 0),
	('2046-03-26', 1),
	('2046-03-27', 1),
	('2046-03-28', 1),
	('2046-03-29', 1),
	('2046-03-30', 1),
	('2046-03-31', 0),
	('2046-04-01', 0),
	('2046-04-02', 1),
	('2046-04-03', 1),
	('2046-04-04', 1),
	('2046-04-05', 1),
	('2046-04-06', 1),
	('2046-04-07', 0),
	('2046-04-08', 0),
	('2046-04-09', 1),
	('2046-04-10', 1),
	('2046-04-11', 1),
	('2046-04-12', 1),
	('2046-04-13', 1),
	('2046-04-14', 0),
	('2046-04-15', 0),
	('2046-04-16', 1),
	('2046-04-17', 1),
	('2046-04-18', 1),
	('2046-04-19', 1),
	('2046-04-20', 1),
	('2046-04-21', 0),
	('2046-04-22', 0),
	('2046-04-23', 1),
	('2046-04-24', 1),
	('2046-04-25', 1),
	('2046-04-26', 1),
	('2046-04-27', 1),
	('2046-04-28', 0),
	('2046-04-29', 0),
	('2046-04-30', 1),
	('2046-05-01', 1),
	('2046-05-02', 1),
	('2046-05-03', 1),
	('2046-05-04', 1),
	('2046-05-05', 0),
	('2046-05-06', 0),
	('2046-05-07', 1),
	('2046-05-08', 1),
	('2046-05-09', 1),
	('2046-05-10', 1),
	('2046-05-11', 1),
	('2046-05-12', 0),
	('2046-05-13', 0),
	('2046-05-14', 1),
	('2046-05-15', 1),
	('2046-05-16', 1),
	('2046-05-17', 1),
	('2046-05-18', 1),
	('2046-05-19', 0),
	('2046-05-20', 0),
	('2046-05-21', 1),
	('2046-05-22', 1),
	('2046-05-23', 1),
	('2046-05-24', 1),
	('2046-05-25', 1),
	('2046-05-26', 0),
	('2046-05-27', 0),
	('2046-05-28', 1),
	('2046-05-29', 1),
	('2046-05-30', 1),
	('2046-05-31', 1),
	('2046-06-01', 1),
	('2046-06-02', 0),
	('2046-06-03', 0),
	('2046-06-04', 1),
	('2046-06-05', 1),
	('2046-06-06', 1),
	('2046-06-07', 1),
	('2046-06-08', 1),
	('2046-06-09', 0),
	('2046-06-10', 0),
	('2046-06-11', 1),
	('2046-06-12', 1),
	('2046-06-13', 1),
	('2046-06-14', 1),
	('2046-06-15', 1),
	('2046-06-16', 0),
	('2046-06-17', 0),
	('2046-06-18', 1),
	('2046-06-19', 1),
	('2046-06-20', 1),
	('2046-06-21', 1),
	('2046-06-22', 1),
	('2046-06-23', 0),
	('2046-06-24', 0),
	('2046-06-25', 1),
	('2046-06-26', 1),
	('2046-06-27', 1),
	('2046-06-28', 1),
	('2046-06-29', 1),
	('2046-06-30', 0),
	('2046-07-01', 0),
	('2046-07-02', 1),
	('2046-07-03', 1),
	('2046-07-04', 1),
	('2046-07-05', 1),
	('2046-07-06', 1),
	('2046-07-07', 0),
	('2046-07-08', 0),
	('2046-07-09', 1),
	('2046-07-10', 1),
	('2046-07-11', 1),
	('2046-07-12', 1),
	('2046-07-13', 1),
	('2046-07-14', 0),
	('2046-07-15', 0),
	('2046-07-16', 1),
	('2046-07-17', 1),
	('2046-07-18', 1),
	('2046-07-19', 1),
	('2046-07-20', 1),
	('2046-07-21', 0),
	('2046-07-22', 0),
	('2046-07-23', 1),
	('2046-07-24', 1),
	('2046-07-25', 1),
	('2046-07-26', 1),
	('2046-07-27', 1),
	('2046-07-28', 0),
	('2046-07-29', 0),
	('2046-07-30', 1),
	('2046-07-31', 1),
	('2046-08-01', 1),
	('2046-08-02', 1),
	('2046-08-03', 1),
	('2046-08-04', 0),
	('2046-08-05', 0),
	('2046-08-06', 1),
	('2046-08-07', 1),
	('2046-08-08', 1),
	('2046-08-09', 1),
	('2046-08-10', 1),
	('2046-08-11', 0),
	('2046-08-12', 0),
	('2046-08-13', 1),
	('2046-08-14', 1),
	('2046-08-15', 1),
	('2046-08-16', 1),
	('2046-08-17', 1),
	('2046-08-18', 0),
	('2046-08-19', 0),
	('2046-08-20', 1),
	('2046-08-21', 1),
	('2046-08-22', 1),
	('2046-08-23', 1),
	('2046-08-24', 1),
	('2046-08-25', 0),
	('2046-08-26', 0),
	('2046-08-27', 1),
	('2046-08-28', 1),
	('2046-08-29', 1),
	('2046-08-30', 1),
	('2046-08-31', 1),
	('2046-09-01', 0),
	('2046-09-02', 0),
	('2046-09-03', 1),
	('2046-09-04', 1),
	('2046-09-05', 1),
	('2046-09-06', 1),
	('2046-09-07', 1),
	('2046-09-08', 0),
	('2046-09-09', 0),
	('2046-09-10', 1),
	('2046-09-11', 1),
	('2046-09-12', 1),
	('2046-09-13', 1),
	('2046-09-14', 1),
	('2046-09-15', 0),
	('2046-09-16', 0),
	('2046-09-17', 1),
	('2046-09-18', 1),
	('2046-09-19', 1),
	('2046-09-20', 1),
	('2046-09-21', 1),
	('2046-09-22', 0),
	('2046-09-23', 0),
	('2046-09-24', 1),
	('2046-09-25', 1),
	('2046-09-26', 1),
	('2046-09-27', 1),
	('2046-09-28', 1),
	('2046-09-29', 0),
	('2046-09-30', 0),
	('2046-10-01', 1),
	('2046-10-02', 1),
	('2046-10-03', 1),
	('2046-10-04', 1),
	('2046-10-05', 1),
	('2046-10-06', 0),
	('2046-10-07', 0),
	('2046-10-08', 1),
	('2046-10-09', 1),
	('2046-10-10', 1),
	('2046-10-11', 1),
	('2046-10-12', 1),
	('2046-10-13', 0),
	('2046-10-14', 0),
	('2046-10-15', 1),
	('2046-10-16', 1),
	('2046-10-17', 1),
	('2046-10-18', 1),
	('2046-10-19', 1),
	('2046-10-20', 0),
	('2046-10-21', 0),
	('2046-10-22', 1),
	('2046-10-23', 1),
	('2046-10-24', 1),
	('2046-10-25', 1),
	('2046-10-26', 1),
	('2046-10-27', 0),
	('2046-10-28', 0),
	('2046-10-29', 1),
	('2046-10-30', 1),
	('2046-10-31', 1),
	('2046-11-01', 1),
	('2046-11-02', 1),
	('2046-11-03', 0),
	('2046-11-04', 0),
	('2046-11-05', 1),
	('2046-11-06', 1),
	('2046-11-07', 1),
	('2046-11-08', 1),
	('2046-11-09', 1),
	('2046-11-10', 0),
	('2046-11-11', 0),
	('2046-11-12', 1),
	('2046-11-13', 1),
	('2046-11-14', 1),
	('2046-11-15', 1),
	('2046-11-16', 1),
	('2046-11-17', 0),
	('2046-11-18', 0),
	('2046-11-19', 1),
	('2046-11-20', 1),
	('2046-11-21', 1),
	('2046-11-22', 1),
	('2046-11-23', 1),
	('2046-11-24', 0),
	('2046-11-25', 0),
	('2046-11-26', 1),
	('2046-11-27', 1),
	('2046-11-28', 1),
	('2046-11-29', 1),
	('2046-11-30', 1),
	('2046-12-01', 0),
	('2046-12-02', 0),
	('2046-12-03', 1),
	('2046-12-04', 1),
	('2046-12-05', 1),
	('2046-12-06', 1),
	('2046-12-07', 1),
	('2046-12-08', 0),
	('2046-12-09', 0),
	('2046-12-10', 1),
	('2046-12-11', 1),
	('2046-12-12', 1),
	('2046-12-13', 1),
	('2046-12-14', 1),
	('2046-12-15', 0),
	('2046-12-16', 0),
	('2046-12-17', 1),
	('2046-12-18', 1),
	('2046-12-19', 1),
	('2046-12-20', 1),
	('2046-12-21', 1),
	('2046-12-22', 0),
	('2046-12-23', 0),
	('2046-12-24', 1),
	('2046-12-25', 1),
	('2046-12-26', 1),
	('2046-12-27', 1),
	('2046-12-28', 1),
	('2046-12-29', 0),
	('2046-12-30', 0),
	('2046-12-31', 1),
	('2047-01-01', 1),
	('2047-01-02', 1),
	('2047-01-03', 1),
	('2047-01-04', 1),
	('2047-01-05', 0),
	('2047-01-06', 0),
	('2047-01-07', 1),
	('2047-01-08', 1),
	('2047-01-09', 1),
	('2047-01-10', 1),
	('2047-01-11', 1),
	('2047-01-12', 0),
	('2047-01-13', 0),
	('2047-01-14', 1),
	('2047-01-15', 1),
	('2047-01-16', 1),
	('2047-01-17', 1),
	('2047-01-18', 1),
	('2047-01-19', 0),
	('2047-01-20', 0),
	('2047-01-21', 1),
	('2047-01-22', 1),
	('2047-01-23', 1),
	('2047-01-24', 1),
	('2047-01-25', 1),
	('2047-01-26', 0),
	('2047-01-27', 0),
	('2047-01-28', 1),
	('2047-01-29', 1),
	('2047-01-30', 1),
	('2047-01-31', 1),
	('2047-02-01', 1),
	('2047-02-02', 0),
	('2047-02-03', 0),
	('2047-02-04', 1),
	('2047-02-05', 1),
	('2047-02-06', 1),
	('2047-02-07', 1),
	('2047-02-08', 1),
	('2047-02-09', 0),
	('2047-02-10', 0),
	('2047-02-11', 1),
	('2047-02-12', 1),
	('2047-02-13', 1),
	('2047-02-14', 1),
	('2047-02-15', 1),
	('2047-02-16', 0),
	('2047-02-17', 0),
	('2047-02-18', 1),
	('2047-02-19', 1),
	('2047-02-20', 1),
	('2047-02-21', 1),
	('2047-02-22', 1),
	('2047-02-23', 0),
	('2047-02-24', 0),
	('2047-02-25', 1),
	('2047-02-26', 1),
	('2047-02-27', 1),
	('2047-02-28', 1),
	('2047-03-01', 1),
	('2047-03-02', 0),
	('2047-03-03', 0),
	('2047-03-04', 1),
	('2047-03-05', 1),
	('2047-03-06', 1),
	('2047-03-07', 1),
	('2047-03-08', 1),
	('2047-03-09', 0),
	('2047-03-10', 0),
	('2047-03-11', 1),
	('2047-03-12', 1),
	('2047-03-13', 1),
	('2047-03-14', 1),
	('2047-03-15', 1),
	('2047-03-16', 0),
	('2047-03-17', 0),
	('2047-03-18', 1),
	('2047-03-19', 1),
	('2047-03-20', 1),
	('2047-03-21', 1),
	('2047-03-22', 1),
	('2047-03-23', 0),
	('2047-03-24', 0),
	('2047-03-25', 1),
	('2047-03-26', 1),
	('2047-03-27', 1),
	('2047-03-28', 1),
	('2047-03-29', 1),
	('2047-03-30', 0),
	('2047-03-31', 0),
	('2047-04-01', 1),
	('2047-04-02', 1),
	('2047-04-03', 1),
	('2047-04-04', 1),
	('2047-04-05', 1),
	('2047-04-06', 0),
	('2047-04-07', 0),
	('2047-04-08', 1),
	('2047-04-09', 1),
	('2047-04-10', 1),
	('2047-04-11', 1),
	('2047-04-12', 1),
	('2047-04-13', 0),
	('2047-04-14', 0),
	('2047-04-15', 1),
	('2047-04-16', 1),
	('2047-04-17', 1),
	('2047-04-18', 1),
	('2047-04-19', 1),
	('2047-04-20', 0),
	('2047-04-21', 0),
	('2047-04-22', 1),
	('2047-04-23', 1),
	('2047-04-24', 1),
	('2047-04-25', 1),
	('2047-04-26', 1),
	('2047-04-27', 0),
	('2047-04-28', 0),
	('2047-04-29', 1),
	('2047-04-30', 1),
	('2047-05-01', 1),
	('2047-05-02', 1),
	('2047-05-03', 1),
	('2047-05-04', 0),
	('2047-05-05', 0),
	('2047-05-06', 1),
	('2047-05-07', 1),
	('2047-05-08', 1),
	('2047-05-09', 1),
	('2047-05-10', 1),
	('2047-05-11', 0),
	('2047-05-12', 0),
	('2047-05-13', 1),
	('2047-05-14', 1),
	('2047-05-15', 1),
	('2047-05-16', 1),
	('2047-05-17', 1),
	('2047-05-18', 0),
	('2047-05-19', 0),
	('2047-05-20', 1),
	('2047-05-21', 1),
	('2047-05-22', 1),
	('2047-05-23', 1),
	('2047-05-24', 1),
	('2047-05-25', 0),
	('2047-05-26', 0),
	('2047-05-27', 1),
	('2047-05-28', 1),
	('2047-05-29', 1),
	('2047-05-30', 1),
	('2047-05-31', 1),
	('2047-06-01', 0),
	('2047-06-02', 0),
	('2047-06-03', 1),
	('2047-06-04', 1),
	('2047-06-05', 1),
	('2047-06-06', 1),
	('2047-06-07', 1),
	('2047-06-08', 0),
	('2047-06-09', 0),
	('2047-06-10', 1),
	('2047-06-11', 1),
	('2047-06-12', 1),
	('2047-06-13', 1),
	('2047-06-14', 1),
	('2047-06-15', 0),
	('2047-06-16', 0),
	('2047-06-17', 1),
	('2047-06-18', 1),
	('2047-06-19', 1),
	('2047-06-20', 1),
	('2047-06-21', 1),
	('2047-06-22', 0),
	('2047-06-23', 0),
	('2047-06-24', 1),
	('2047-06-25', 1),
	('2047-06-26', 1),
	('2047-06-27', 1),
	('2047-06-28', 1),
	('2047-06-29', 0),
	('2047-06-30', 0),
	('2047-07-01', 1),
	('2047-07-02', 1),
	('2047-07-03', 1),
	('2047-07-04', 1),
	('2047-07-05', 1),
	('2047-07-06', 0),
	('2047-07-07', 0),
	('2047-07-08', 1),
	('2047-07-09', 1),
	('2047-07-10', 1),
	('2047-07-11', 1),
	('2047-07-12', 1),
	('2047-07-13', 0),
	('2047-07-14', 0),
	('2047-07-15', 1),
	('2047-07-16', 1),
	('2047-07-17', 1),
	('2047-07-18', 1),
	('2047-07-19', 1),
	('2047-07-20', 0),
	('2047-07-21', 0),
	('2047-07-22', 1),
	('2047-07-23', 1),
	('2047-07-24', 1),
	('2047-07-25', 1),
	('2047-07-26', 1),
	('2047-07-27', 0),
	('2047-07-28', 0),
	('2047-07-29', 1),
	('2047-07-30', 1),
	('2047-07-31', 1),
	('2047-08-01', 1),
	('2047-08-02', 1),
	('2047-08-03', 0),
	('2047-08-04', 0),
	('2047-08-05', 1),
	('2047-08-06', 1),
	('2047-08-07', 1),
	('2047-08-08', 1),
	('2047-08-09', 1),
	('2047-08-10', 0),
	('2047-08-11', 0),
	('2047-08-12', 1),
	('2047-08-13', 1),
	('2047-08-14', 1),
	('2047-08-15', 1),
	('2047-08-16', 1),
	('2047-08-17', 0),
	('2047-08-18', 0),
	('2047-08-19', 1),
	('2047-08-20', 1),
	('2047-08-21', 1),
	('2047-08-22', 1),
	('2047-08-23', 1),
	('2047-08-24', 0),
	('2047-08-25', 0),
	('2047-08-26', 1),
	('2047-08-27', 1),
	('2047-08-28', 1),
	('2047-08-29', 1),
	('2047-08-30', 1),
	('2047-08-31', 0),
	('2047-09-01', 0),
	('2047-09-02', 1),
	('2047-09-03', 1),
	('2047-09-04', 1),
	('2047-09-05', 1),
	('2047-09-06', 1),
	('2047-09-07', 0),
	('2047-09-08', 0),
	('2047-09-09', 1),
	('2047-09-10', 1),
	('2047-09-11', 1),
	('2047-09-12', 1),
	('2047-09-13', 1),
	('2047-09-14', 0),
	('2047-09-15', 0),
	('2047-09-16', 1),
	('2047-09-17', 1),
	('2047-09-18', 1),
	('2047-09-19', 1),
	('2047-09-20', 1),
	('2047-09-21', 0),
	('2047-09-22', 0),
	('2047-09-23', 1),
	('2047-09-24', 1),
	('2047-09-25', 1),
	('2047-09-26', 1),
	('2047-09-27', 1),
	('2047-09-28', 0),
	('2047-09-29', 0),
	('2047-09-30', 1),
	('2047-10-01', 1),
	('2047-10-02', 1),
	('2047-10-03', 1),
	('2047-10-04', 1),
	('2047-10-05', 0),
	('2047-10-06', 0),
	('2047-10-07', 1),
	('2047-10-08', 1),
	('2047-10-09', 1),
	('2047-10-10', 1),
	('2047-10-11', 1),
	('2047-10-12', 0),
	('2047-10-13', 0),
	('2047-10-14', 1),
	('2047-10-15', 1),
	('2047-10-16', 1),
	('2047-10-17', 1),
	('2047-10-18', 1),
	('2047-10-19', 0),
	('2047-10-20', 0),
	('2047-10-21', 1),
	('2047-10-22', 1),
	('2047-10-23', 1),
	('2047-10-24', 1),
	('2047-10-25', 1),
	('2047-10-26', 0),
	('2047-10-27', 0),
	('2047-10-28', 1),
	('2047-10-29', 1),
	('2047-10-30', 1),
	('2047-10-31', 1),
	('2047-11-01', 1),
	('2047-11-02', 0),
	('2047-11-03', 0),
	('2047-11-04', 1),
	('2047-11-05', 1),
	('2047-11-06', 1),
	('2047-11-07', 1),
	('2047-11-08', 1),
	('2047-11-09', 0),
	('2047-11-10', 0),
	('2047-11-11', 1),
	('2047-11-12', 1),
	('2047-11-13', 1),
	('2047-11-14', 1),
	('2047-11-15', 1),
	('2047-11-16', 0),
	('2047-11-17', 0),
	('2047-11-18', 1),
	('2047-11-19', 1),
	('2047-11-20', 1),
	('2047-11-21', 1),
	('2047-11-22', 1),
	('2047-11-23', 0),
	('2047-11-24', 0),
	('2047-11-25', 1),
	('2047-11-26', 1),
	('2047-11-27', 1),
	('2047-11-28', 1),
	('2047-11-29', 1),
	('2047-11-30', 0),
	('2047-12-01', 0),
	('2047-12-02', 1),
	('2047-12-03', 1),
	('2047-12-04', 1),
	('2047-12-05', 1),
	('2047-12-06', 1),
	('2047-12-07', 0),
	('2047-12-08', 0),
	('2047-12-09', 1),
	('2047-12-10', 1),
	('2047-12-11', 1),
	('2047-12-12', 1),
	('2047-12-13', 1),
	('2047-12-14', 0),
	('2047-12-15', 0),
	('2047-12-16', 1),
	('2047-12-17', 1),
	('2047-12-18', 1),
	('2047-12-19', 1),
	('2047-12-20', 1),
	('2047-12-21', 0),
	('2047-12-22', 0),
	('2047-12-23', 1),
	('2047-12-24', 1),
	('2047-12-25', 1),
	('2047-12-26', 1),
	('2047-12-27', 1),
	('2047-12-28', 0),
	('2047-12-29', 0),
	('2047-12-30', 1),
	('2047-12-31', 1),
	('2048-01-01', 1),
	('2048-01-02', 1),
	('2048-01-03', 1),
	('2048-01-04', 0),
	('2048-01-05', 0),
	('2048-01-06', 1),
	('2048-01-07', 1),
	('2048-01-08', 1),
	('2048-01-09', 1),
	('2048-01-10', 1),
	('2048-01-11', 0),
	('2048-01-12', 0),
	('2048-01-13', 1),
	('2048-01-14', 1),
	('2048-01-15', 1),
	('2048-01-16', 1),
	('2048-01-17', 1),
	('2048-01-18', 0),
	('2048-01-19', 0),
	('2048-01-20', 1),
	('2048-01-21', 1),
	('2048-01-22', 1),
	('2048-01-23', 1),
	('2048-01-24', 1),
	('2048-01-25', 0),
	('2048-01-26', 0),
	('2048-01-27', 1),
	('2048-01-28', 1),
	('2048-01-29', 1),
	('2048-01-30', 1),
	('2048-01-31', 1),
	('2048-02-01', 0),
	('2048-02-02', 0),
	('2048-02-03', 1),
	('2048-02-04', 1),
	('2048-02-05', 1),
	('2048-02-06', 1),
	('2048-02-07', 1),
	('2048-02-08', 0),
	('2048-02-09', 0),
	('2048-02-10', 1),
	('2048-02-11', 1),
	('2048-02-12', 1),
	('2048-02-13', 1),
	('2048-02-14', 1),
	('2048-02-15', 0),
	('2048-02-16', 0),
	('2048-02-17', 1),
	('2048-02-18', 1),
	('2048-02-19', 1),
	('2048-02-20', 1),
	('2048-02-21', 1),
	('2048-02-22', 0),
	('2048-02-23', 0),
	('2048-02-24', 1),
	('2048-02-25', 1),
	('2048-02-26', 1),
	('2048-02-27', 1),
	('2048-02-28', 1),
	('2048-02-29', 0),
	('2048-03-01', 0),
	('2048-03-02', 1),
	('2048-03-03', 1),
	('2048-03-04', 1),
	('2048-03-05', 1),
	('2048-03-06', 1),
	('2048-03-07', 0),
	('2048-03-08', 0),
	('2048-03-09', 1),
	('2048-03-10', 1),
	('2048-03-11', 1),
	('2048-03-12', 1),
	('2048-03-13', 1),
	('2048-03-14', 0),
	('2048-03-15', 0),
	('2048-03-16', 1),
	('2048-03-17', 1),
	('2048-03-18', 1),
	('2048-03-19', 1),
	('2048-03-20', 1),
	('2048-03-21', 0),
	('2048-03-22', 0),
	('2048-03-23', 1),
	('2048-03-24', 1),
	('2048-03-25', 1),
	('2048-03-26', 1),
	('2048-03-27', 1),
	('2048-03-28', 0),
	('2048-03-29', 0),
	('2048-03-30', 1),
	('2048-03-31', 1),
	('2048-04-01', 1),
	('2048-04-02', 1),
	('2048-04-03', 1),
	('2048-04-04', 0),
	('2048-04-05', 0),
	('2048-04-06', 1),
	('2048-04-07', 1),
	('2048-04-08', 1),
	('2048-04-09', 1),
	('2048-04-10', 1),
	('2048-04-11', 0),
	('2048-04-12', 0),
	('2048-04-13', 1),
	('2048-04-14', 1),
	('2048-04-15', 1),
	('2048-04-16', 1),
	('2048-04-17', 1),
	('2048-04-18', 0),
	('2048-04-19', 0),
	('2048-04-20', 1),
	('2048-04-21', 1),
	('2048-04-22', 1),
	('2048-04-23', 1),
	('2048-04-24', 1),
	('2048-04-25', 0),
	('2048-04-26', 0),
	('2048-04-27', 1),
	('2048-04-28', 1),
	('2048-04-29', 1),
	('2048-04-30', 1),
	('2048-05-01', 1),
	('2048-05-02', 0),
	('2048-05-03', 0),
	('2048-05-04', 1),
	('2048-05-05', 1),
	('2048-05-06', 1),
	('2048-05-07', 1),
	('2048-05-08', 1),
	('2048-05-09', 0),
	('2048-05-10', 0),
	('2048-05-11', 1),
	('2048-05-12', 1),
	('2048-05-13', 1),
	('2048-05-14', 1),
	('2048-05-15', 1),
	('2048-05-16', 0),
	('2048-05-17', 0),
	('2048-05-18', 1),
	('2048-05-19', 1),
	('2048-05-20', 1),
	('2048-05-21', 1),
	('2048-05-22', 1),
	('2048-05-23', 0),
	('2048-05-24', 0),
	('2048-05-25', 1),
	('2048-05-26', 1),
	('2048-05-27', 1),
	('2048-05-28', 1),
	('2048-05-29', 1),
	('2048-05-30', 0),
	('2048-05-31', 0),
	('2048-06-01', 1),
	('2048-06-02', 1),
	('2048-06-03', 1),
	('2048-06-04', 1),
	('2048-06-05', 1),
	('2048-06-06', 0),
	('2048-06-07', 0),
	('2048-06-08', 1),
	('2048-06-09', 1),
	('2048-06-10', 1),
	('2048-06-11', 1),
	('2048-06-12', 1),
	('2048-06-13', 0),
	('2048-06-14', 0),
	('2048-06-15', 1),
	('2048-06-16', 1),
	('2048-06-17', 1),
	('2048-06-18', 1),
	('2048-06-19', 1),
	('2048-06-20', 0),
	('2048-06-21', 0),
	('2048-06-22', 1),
	('2048-06-23', 1),
	('2048-06-24', 1),
	('2048-06-25', 1),
	('2048-06-26', 1),
	('2048-06-27', 0),
	('2048-06-28', 0),
	('2048-06-29', 1),
	('2048-06-30', 1),
	('2048-07-01', 1),
	('2048-07-02', 1),
	('2048-07-03', 1),
	('2048-07-04', 0),
	('2048-07-05', 0),
	('2048-07-06', 1),
	('2048-07-07', 1),
	('2048-07-08', 1),
	('2048-07-09', 1),
	('2048-07-10', 1),
	('2048-07-11', 0),
	('2048-07-12', 0),
	('2048-07-13', 1),
	('2048-07-14', 1),
	('2048-07-15', 1),
	('2048-07-16', 1),
	('2048-07-17', 1),
	('2048-07-18', 0),
	('2048-07-19', 0),
	('2048-07-20', 1),
	('2048-07-21', 1),
	('2048-07-22', 1),
	('2048-07-23', 1),
	('2048-07-24', 1),
	('2048-07-25', 0),
	('2048-07-26', 0),
	('2048-07-27', 1),
	('2048-07-28', 1),
	('2048-07-29', 1),
	('2048-07-30', 1),
	('2048-07-31', 1),
	('2048-08-01', 0),
	('2048-08-02', 0),
	('2048-08-03', 1),
	('2048-08-04', 1),
	('2048-08-05', 1),
	('2048-08-06', 1),
	('2048-08-07', 1),
	('2048-08-08', 0),
	('2048-08-09', 0),
	('2048-08-10', 1),
	('2048-08-11', 1),
	('2048-08-12', 1),
	('2048-08-13', 1),
	('2048-08-14', 1),
	('2048-08-15', 0),
	('2048-08-16', 0),
	('2048-08-17', 1),
	('2048-08-18', 1),
	('2048-08-19', 1),
	('2048-08-20', 1),
	('2048-08-21', 1),
	('2048-08-22', 0),
	('2048-08-23', 0),
	('2048-08-24', 1),
	('2048-08-25', 1),
	('2048-08-26', 1),
	('2048-08-27', 1),
	('2048-08-28', 1),
	('2048-08-29', 0),
	('2048-08-30', 0),
	('2048-08-31', 1),
	('2048-09-01', 1),
	('2048-09-02', 1),
	('2048-09-03', 1),
	('2048-09-04', 1),
	('2048-09-05', 0),
	('2048-09-06', 0),
	('2048-09-07', 1),
	('2048-09-08', 1),
	('2048-09-09', 1),
	('2048-09-10', 1),
	('2048-09-11', 1),
	('2048-09-12', 0),
	('2048-09-13', 0),
	('2048-09-14', 1),
	('2048-09-15', 1),
	('2048-09-16', 1),
	('2048-09-17', 1),
	('2048-09-18', 1),
	('2048-09-19', 0),
	('2048-09-20', 0),
	('2048-09-21', 1),
	('2048-09-22', 1),
	('2048-09-23', 1),
	('2048-09-24', 1),
	('2048-09-25', 1),
	('2048-09-26', 0),
	('2048-09-27', 0),
	('2048-09-28', 1),
	('2048-09-29', 1),
	('2048-09-30', 1),
	('2048-10-01', 1),
	('2048-10-02', 1),
	('2048-10-03', 0),
	('2048-10-04', 0),
	('2048-10-05', 1),
	('2048-10-06', 1),
	('2048-10-07', 1),
	('2048-10-08', 1),
	('2048-10-09', 1),
	('2048-10-10', 0),
	('2048-10-11', 0),
	('2048-10-12', 1),
	('2048-10-13', 1),
	('2048-10-14', 1),
	('2048-10-15', 1),
	('2048-10-16', 1),
	('2048-10-17', 0),
	('2048-10-18', 0),
	('2048-10-19', 1),
	('2048-10-20', 1),
	('2048-10-21', 1),
	('2048-10-22', 1),
	('2048-10-23', 1),
	('2048-10-24', 0),
	('2048-10-25', 0),
	('2048-10-26', 1),
	('2048-10-27', 1),
	('2048-10-28', 1),
	('2048-10-29', 1),
	('2048-10-30', 1),
	('2048-10-31', 0),
	('2048-11-01', 0),
	('2048-11-02', 1),
	('2048-11-03', 1),
	('2048-11-04', 1),
	('2048-11-05', 1),
	('2048-11-06', 1),
	('2048-11-07', 0),
	('2048-11-08', 0),
	('2048-11-09', 1),
	('2048-11-10', 1),
	('2048-11-11', 1),
	('2048-11-12', 1),
	('2048-11-13', 1),
	('2048-11-14', 0),
	('2048-11-15', 0),
	('2048-11-16', 1),
	('2048-11-17', 1),
	('2048-11-18', 1),
	('2048-11-19', 1),
	('2048-11-20', 1),
	('2048-11-21', 0),
	('2048-11-22', 0),
	('2048-11-23', 1),
	('2048-11-24', 1),
	('2048-11-25', 1),
	('2048-11-26', 1),
	('2048-11-27', 1),
	('2048-11-28', 0),
	('2048-11-29', 0),
	('2048-11-30', 1),
	('2048-12-01', 1),
	('2048-12-02', 1),
	('2048-12-03', 1),
	('2048-12-04', 1),
	('2048-12-05', 0),
	('2048-12-06', 0),
	('2048-12-07', 1),
	('2048-12-08', 1),
	('2048-12-09', 1),
	('2048-12-10', 1),
	('2048-12-11', 1),
	('2048-12-12', 0),
	('2048-12-13', 0),
	('2048-12-14', 1),
	('2048-12-15', 1),
	('2048-12-16', 1),
	('2048-12-17', 1),
	('2048-12-18', 1),
	('2048-12-19', 0),
	('2048-12-20', 0),
	('2048-12-21', 1),
	('2048-12-22', 1),
	('2048-12-23', 1),
	('2048-12-24', 1),
	('2048-12-25', 1),
	('2048-12-26', 0),
	('2048-12-27', 0),
	('2048-12-28', 1),
	('2048-12-29', 1),
	('2048-12-30', 1),
	('2048-12-31', 1),
	('2049-01-01', 1),
	('2049-01-02', 0),
	('2049-01-03', 0),
	('2049-01-04', 1),
	('2049-01-05', 1),
	('2049-01-06', 1),
	('2049-01-07', 1),
	('2049-01-08', 1),
	('2049-01-09', 0),
	('2049-01-10', 0),
	('2049-01-11', 1),
	('2049-01-12', 1),
	('2049-01-13', 1),
	('2049-01-14', 1),
	('2049-01-15', 1),
	('2049-01-16', 0),
	('2049-01-17', 0),
	('2049-01-18', 1),
	('2049-01-19', 1),
	('2049-01-20', 1),
	('2049-01-21', 1),
	('2049-01-22', 1),
	('2049-01-23', 0),
	('2049-01-24', 0),
	('2049-01-25', 1),
	('2049-01-26', 1),
	('2049-01-27', 1),
	('2049-01-28', 1),
	('2049-01-29', 1),
	('2049-01-30', 0),
	('2049-01-31', 0),
	('2049-02-01', 1),
	('2049-02-02', 1),
	('2049-02-03', 1),
	('2049-02-04', 1),
	('2049-02-05', 1),
	('2049-02-06', 0),
	('2049-02-07', 0),
	('2049-02-08', 1),
	('2049-02-09', 1),
	('2049-02-10', 1),
	('2049-02-11', 1),
	('2049-02-12', 1),
	('2049-02-13', 0),
	('2049-02-14', 0),
	('2049-02-15', 1),
	('2049-02-16', 1),
	('2049-02-17', 1),
	('2049-02-18', 1),
	('2049-02-19', 1),
	('2049-02-20', 0),
	('2049-02-21', 0),
	('2049-02-22', 1),
	('2049-02-23', 1),
	('2049-02-24', 1),
	('2049-02-25', 1),
	('2049-02-26', 1),
	('2049-02-27', 0),
	('2049-02-28', 0),
	('2049-03-01', 1),
	('2049-03-02', 1),
	('2049-03-03', 1),
	('2049-03-04', 1),
	('2049-03-05', 1),
	('2049-03-06', 0),
	('2049-03-07', 0),
	('2049-03-08', 1),
	('2049-03-09', 1),
	('2049-03-10', 1),
	('2049-03-11', 1),
	('2049-03-12', 1),
	('2049-03-13', 0),
	('2049-03-14', 0),
	('2049-03-15', 1),
	('2049-03-16', 1),
	('2049-03-17', 1),
	('2049-03-18', 1),
	('2049-03-19', 1),
	('2049-03-20', 0),
	('2049-03-21', 0),
	('2049-03-22', 1),
	('2049-03-23', 1),
	('2049-03-24', 1),
	('2049-03-25', 1),
	('2049-03-26', 1),
	('2049-03-27', 0),
	('2049-03-28', 0),
	('2049-03-29', 1),
	('2049-03-30', 1),
	('2049-03-31', 1),
	('2049-04-01', 1),
	('2049-04-02', 1),
	('2049-04-03', 0),
	('2049-04-04', 0),
	('2049-04-05', 1),
	('2049-04-06', 1),
	('2049-04-07', 1),
	('2049-04-08', 1),
	('2049-04-09', 1),
	('2049-04-10', 0),
	('2049-04-11', 0),
	('2049-04-12', 1),
	('2049-04-13', 1),
	('2049-04-14', 1),
	('2049-04-15', 1),
	('2049-04-16', 1),
	('2049-04-17', 0),
	('2049-04-18', 0),
	('2049-04-19', 1),
	('2049-04-20', 1),
	('2049-04-21', 1),
	('2049-04-22', 1),
	('2049-04-23', 1),
	('2049-04-24', 0),
	('2049-04-25', 0),
	('2049-04-26', 1),
	('2049-04-27', 1),
	('2049-04-28', 1),
	('2049-04-29', 1),
	('2049-04-30', 1),
	('2049-05-01', 0),
	('2049-05-02', 0),
	('2049-05-03', 1),
	('2049-05-04', 1),
	('2049-05-05', 1),
	('2049-05-06', 1),
	('2049-05-07', 1),
	('2049-05-08', 0),
	('2049-05-09', 0),
	('2049-05-10', 1),
	('2049-05-11', 1),
	('2049-05-12', 1),
	('2049-05-13', 1),
	('2049-05-14', 1),
	('2049-05-15', 0),
	('2049-05-16', 0),
	('2049-05-17', 1),
	('2049-05-18', 1),
	('2049-05-19', 1),
	('2049-05-20', 1),
	('2049-05-21', 1),
	('2049-05-22', 0),
	('2049-05-23', 0),
	('2049-05-24', 1),
	('2049-05-25', 1),
	('2049-05-26', 1),
	('2049-05-27', 1),
	('2049-05-28', 1),
	('2049-05-29', 0),
	('2049-05-30', 0),
	('2049-05-31', 1),
	('2049-06-01', 1),
	('2049-06-02', 1),
	('2049-06-03', 1),
	('2049-06-04', 1),
	('2049-06-05', 0),
	('2049-06-06', 0),
	('2049-06-07', 1),
	('2049-06-08', 1),
	('2049-06-09', 1),
	('2049-06-10', 1),
	('2049-06-11', 1),
	('2049-06-12', 0),
	('2049-06-13', 0),
	('2049-06-14', 1),
	('2049-06-15', 1),
	('2049-06-16', 1),
	('2049-06-17', 1),
	('2049-06-18', 1),
	('2049-06-19', 0),
	('2049-06-20', 0),
	('2049-06-21', 1),
	('2049-06-22', 1),
	('2049-06-23', 1),
	('2049-06-24', 1),
	('2049-06-25', 1),
	('2049-06-26', 0),
	('2049-06-27', 0),
	('2049-06-28', 1),
	('2049-06-29', 1),
	('2049-06-30', 1),
	('2049-07-01', 1),
	('2049-07-02', 1),
	('2049-07-03', 0),
	('2049-07-04', 0),
	('2049-07-05', 1),
	('2049-07-06', 1),
	('2049-07-07', 1),
	('2049-07-08', 1),
	('2049-07-09', 1),
	('2049-07-10', 0),
	('2049-07-11', 0),
	('2049-07-12', 1),
	('2049-07-13', 1),
	('2049-07-14', 1),
	('2049-07-15', 1),
	('2049-07-16', 1),
	('2049-07-17', 0),
	('2049-07-18', 0),
	('2049-07-19', 1),
	('2049-07-20', 1),
	('2049-07-21', 1),
	('2049-07-22', 1),
	('2049-07-23', 1),
	('2049-07-24', 0),
	('2049-07-25', 0),
	('2049-07-26', 1),
	('2049-07-27', 1),
	('2049-07-28', 1),
	('2049-07-29', 1),
	('2049-07-30', 1),
	('2049-07-31', 0),
	('2049-08-01', 0),
	('2049-08-02', 1),
	('2049-08-03', 1),
	('2049-08-04', 1),
	('2049-08-05', 1),
	('2049-08-06', 1),
	('2049-08-07', 0),
	('2049-08-08', 0),
	('2049-08-09', 1),
	('2049-08-10', 1),
	('2049-08-11', 1),
	('2049-08-12', 1),
	('2049-08-13', 1),
	('2049-08-14', 0),
	('2049-08-15', 0),
	('2049-08-16', 1),
	('2049-08-17', 1),
	('2049-08-18', 1),
	('2049-08-19', 1),
	('2049-08-20', 1),
	('2049-08-21', 0),
	('2049-08-22', 0),
	('2049-08-23', 1),
	('2049-08-24', 1),
	('2049-08-25', 1),
	('2049-08-26', 1),
	('2049-08-27', 1),
	('2049-08-28', 0),
	('2049-08-29', 0),
	('2049-08-30', 1),
	('2049-08-31', 1),
	('2049-09-01', 1),
	('2049-09-02', 1),
	('2049-09-03', 1),
	('2049-09-04', 0),
	('2049-09-05', 0),
	('2049-09-06', 1),
	('2049-09-07', 1),
	('2049-09-08', 1),
	('2049-09-09', 1),
	('2049-09-10', 1),
	('2049-09-11', 0),
	('2049-09-12', 0),
	('2049-09-13', 1),
	('2049-09-14', 1),
	('2049-09-15', 1),
	('2049-09-16', 1),
	('2049-09-17', 1),
	('2049-09-18', 0),
	('2049-09-19', 0),
	('2049-09-20', 1),
	('2049-09-21', 1),
	('2049-09-22', 1),
	('2049-09-23', 1),
	('2049-09-24', 1),
	('2049-09-25', 0),
	('2049-09-26', 0),
	('2049-09-27', 1),
	('2049-09-28', 1),
	('2049-09-29', 1),
	('2049-09-30', 1),
	('2049-10-01', 1),
	('2049-10-02', 0),
	('2049-10-03', 0),
	('2049-10-04', 1),
	('2049-10-05', 1),
	('2049-10-06', 1),
	('2049-10-07', 1),
	('2049-10-08', 1),
	('2049-10-09', 0),
	('2049-10-10', 0),
	('2049-10-11', 1),
	('2049-10-12', 1),
	('2049-10-13', 1),
	('2049-10-14', 1),
	('2049-10-15', 1),
	('2049-10-16', 0),
	('2049-10-17', 0),
	('2049-10-18', 1),
	('2049-10-19', 1),
	('2049-10-20', 1),
	('2049-10-21', 1),
	('2049-10-22', 1),
	('2049-10-23', 0),
	('2049-10-24', 0),
	('2049-10-25', 1),
	('2049-10-26', 1),
	('2049-10-27', 1),
	('2049-10-28', 1),
	('2049-10-29', 1),
	('2049-10-30', 0),
	('2049-10-31', 0),
	('2049-11-01', 1),
	('2049-11-02', 1),
	('2049-11-03', 1),
	('2049-11-04', 1),
	('2049-11-05', 1),
	('2049-11-06', 0),
	('2049-11-07', 0),
	('2049-11-08', 1),
	('2049-11-09', 1),
	('2049-11-10', 1),
	('2049-11-11', 1),
	('2049-11-12', 1),
	('2049-11-13', 0),
	('2049-11-14', 0),
	('2049-11-15', 1),
	('2049-11-16', 1),
	('2049-11-17', 1),
	('2049-11-18', 1),
	('2049-11-19', 1),
	('2049-11-20', 0),
	('2049-11-21', 0),
	('2049-11-22', 1),
	('2049-11-23', 1),
	('2049-11-24', 1),
	('2049-11-25', 1),
	('2049-11-26', 1),
	('2049-11-27', 0),
	('2049-11-28', 0),
	('2049-11-29', 1),
	('2049-11-30', 1),
	('2049-12-01', 1),
	('2049-12-02', 1),
	('2049-12-03', 1),
	('2049-12-04', 0),
	('2049-12-05', 0),
	('2049-12-06', 1),
	('2049-12-07', 1),
	('2049-12-08', 1),
	('2049-12-09', 1),
	('2049-12-10', 1),
	('2049-12-11', 0),
	('2049-12-12', 0),
	('2049-12-13', 1),
	('2049-12-14', 1),
	('2049-12-15', 1),
	('2049-12-16', 1),
	('2049-12-17', 1),
	('2049-12-18', 0),
	('2049-12-19', 0),
	('2049-12-20', 1),
	('2049-12-21', 1),
	('2049-12-22', 1),
	('2049-12-23', 1),
	('2049-12-24', 1),
	('2049-12-25', 0),
	('2049-12-26', 0),
	('2049-12-27', 1),
	('2049-12-28', 1),
	('2049-12-29', 1),
	('2049-12-30', 1),
	('2049-12-31', 1),
	('2050-01-01', 0),
	('2050-01-02', 0),
	('2050-01-03', 1),
	('2050-01-04', 1),
	('2050-01-05', 1),
	('2050-01-06', 1),
	('2050-01-07', 1),
	('2050-01-08', 0),
	('2050-01-09', 0),
	('2050-01-10', 1),
	('2050-01-11', 1),
	('2050-01-12', 1),
	('2050-01-13', 1),
	('2050-01-14', 1),
	('2050-01-15', 0),
	('2050-01-16', 0),
	('2050-01-17', 1),
	('2050-01-18', 1),
	('2050-01-19', 1),
	('2050-01-20', 1),
	('2050-01-21', 1),
	('2050-01-22', 0),
	('2050-01-23', 0),
	('2050-01-24', 1),
	('2050-01-25', 1),
	('2050-01-26', 1),
	('2050-01-27', 1),
	('2050-01-28', 1),
	('2050-01-29', 0),
	('2050-01-30', 0),
	('2050-01-31', 1),
	('2050-02-01', 1),
	('2050-02-02', 1),
	('2050-02-03', 1),
	('2050-02-04', 1),
	('2050-02-05', 0),
	('2050-02-06', 0),
	('2050-02-07', 1),
	('2050-02-08', 1),
	('2050-02-09', 1),
	('2050-02-10', 1),
	('2050-02-11', 1),
	('2050-02-12', 0),
	('2050-02-13', 0),
	('2050-02-14', 1),
	('2050-02-15', 1),
	('2050-02-16', 1),
	('2050-02-17', 1),
	('2050-02-18', 1),
	('2050-02-19', 0),
	('2050-02-20', 0),
	('2050-02-21', 1),
	('2050-02-22', 1),
	('2050-02-23', 1),
	('2050-02-24', 1),
	('2050-02-25', 1),
	('2050-02-26', 0),
	('2050-02-27', 0),
	('2050-02-28', 1),
	('2050-03-01', 1),
	('2050-03-02', 1),
	('2050-03-03', 1),
	('2050-03-04', 1),
	('2050-03-05', 0),
	('2050-03-06', 0),
	('2050-03-07', 1),
	('2050-03-08', 1),
	('2050-03-09', 1),
	('2050-03-10', 1),
	('2050-03-11', 1),
	('2050-03-12', 0),
	('2050-03-13', 0),
	('2050-03-14', 1),
	('2050-03-15', 1),
	('2050-03-16', 1),
	('2050-03-17', 1),
	('2050-03-18', 1),
	('2050-03-19', 0),
	('2050-03-20', 0),
	('2050-03-21', 1),
	('2050-03-22', 1),
	('2050-03-23', 1),
	('2050-03-24', 1),
	('2050-03-25', 1),
	('2050-03-26', 0),
	('2050-03-27', 0),
	('2050-03-28', 1),
	('2050-03-29', 1),
	('2050-03-30', 1),
	('2050-03-31', 1),
	('2050-04-01', 1),
	('2050-04-02', 0),
	('2050-04-03', 0),
	('2050-04-04', 1),
	('2050-04-05', 1),
	('2050-04-06', 1),
	('2050-04-07', 1),
	('2050-04-08', 1),
	('2050-04-09', 0),
	('2050-04-10', 0),
	('2050-04-11', 1),
	('2050-04-12', 1),
	('2050-04-13', 1),
	('2050-04-14', 1),
	('2050-04-15', 1),
	('2050-04-16', 0),
	('2050-04-17', 0),
	('2050-04-18', 1),
	('2050-04-19', 1),
	('2050-04-20', 1),
	('2050-04-21', 1),
	('2050-04-22', 1),
	('2050-04-23', 0),
	('2050-04-24', 0),
	('2050-04-25', 1),
	('2050-04-26', 1),
	('2050-04-27', 1),
	('2050-04-28', 1),
	('2050-04-29', 1),
	('2050-04-30', 0),
	('2050-05-01', 0),
	('2050-05-02', 1),
	('2050-05-03', 1),
	('2050-05-04', 1),
	('2050-05-05', 1),
	('2050-05-06', 1),
	('2050-05-07', 0),
	('2050-05-08', 0),
	('2050-05-09', 1),
	('2050-05-10', 1),
	('2050-05-11', 1),
	('2050-05-12', 1),
	('2050-05-13', 1),
	('2050-05-14', 0),
	('2050-05-15', 0),
	('2050-05-16', 1),
	('2050-05-17', 1),
	('2050-05-18', 1),
	('2050-05-19', 1),
	('2050-05-20', 1),
	('2050-05-21', 0),
	('2050-05-22', 0),
	('2050-05-23', 1),
	('2050-05-24', 1),
	('2050-05-25', 1),
	('2050-05-26', 1),
	('2050-05-27', 1),
	('2050-05-28', 0),
	('2050-05-29', 0),
	('2050-05-30', 1),
	('2050-05-31', 1),
	('2050-06-01', 1),
	('2050-06-02', 1),
	('2050-06-03', 1),
	('2050-06-04', 0),
	('2050-06-05', 0),
	('2050-06-06', 1),
	('2050-06-07', 1),
	('2050-06-08', 1),
	('2050-06-09', 1),
	('2050-06-10', 1),
	('2050-06-11', 0),
	('2050-06-12', 0),
	('2050-06-13', 1),
	('2050-06-14', 1),
	('2050-06-15', 1),
	('2050-06-16', 1),
	('2050-06-17', 1),
	('2050-06-18', 0),
	('2050-06-19', 0),
	('2050-06-20', 1),
	('2050-06-21', 1),
	('2050-06-22', 1),
	('2050-06-23', 1),
	('2050-06-24', 1),
	('2050-06-25', 0),
	('2050-06-26', 0),
	('2050-06-27', 1),
	('2050-06-28', 1),
	('2050-06-29', 1),
	('2050-06-30', 1),
	('2050-07-01', 1),
	('2050-07-02', 0),
	('2050-07-03', 0),
	('2050-07-04', 1),
	('2050-07-05', 1),
	('2050-07-06', 1),
	('2050-07-07', 1),
	('2050-07-08', 1),
	('2050-07-09', 0),
	('2050-07-10', 0),
	('2050-07-11', 1),
	('2050-07-12', 1),
	('2050-07-13', 1),
	('2050-07-14', 1),
	('2050-07-15', 1),
	('2050-07-16', 0),
	('2050-07-17', 0),
	('2050-07-18', 1),
	('2050-07-19', 1),
	('2050-07-20', 1),
	('2050-07-21', 1),
	('2050-07-22', 1),
	('2050-07-23', 0),
	('2050-07-24', 0),
	('2050-07-25', 1),
	('2050-07-26', 1),
	('2050-07-27', 1),
	('2050-07-28', 1),
	('2050-07-29', 1),
	('2050-07-30', 0),
	('2050-07-31', 0),
	('2050-08-01', 1),
	('2050-08-02', 1),
	('2050-08-03', 1),
	('2050-08-04', 1),
	('2050-08-05', 1),
	('2050-08-06', 0),
	('2050-08-07', 0),
	('2050-08-08', 1),
	('2050-08-09', 1),
	('2050-08-10', 1),
	('2050-08-11', 1),
	('2050-08-12', 1),
	('2050-08-13', 0),
	('2050-08-14', 0),
	('2050-08-15', 1),
	('2050-08-16', 1),
	('2050-08-17', 1),
	('2050-08-18', 1),
	('2050-08-19', 1),
	('2050-08-20', 0),
	('2050-08-21', 0),
	('2050-08-22', 1),
	('2050-08-23', 1),
	('2050-08-24', 1),
	('2050-08-25', 1),
	('2050-08-26', 1),
	('2050-08-27', 0),
	('2050-08-28', 0),
	('2050-08-29', 1),
	('2050-08-30', 1),
	('2050-08-31', 1),
	('2050-09-01', 1),
	('2050-09-02', 1),
	('2050-09-03', 0),
	('2050-09-04', 0),
	('2050-09-05', 1),
	('2050-09-06', 1),
	('2050-09-07', 1),
	('2050-09-08', 1),
	('2050-09-09', 1),
	('2050-09-10', 0),
	('2050-09-11', 0),
	('2050-09-12', 1),
	('2050-09-13', 1),
	('2050-09-14', 1),
	('2050-09-15', 1),
	('2050-09-16', 1),
	('2050-09-17', 0),
	('2050-09-18', 0),
	('2050-09-19', 1),
	('2050-09-20', 1),
	('2050-09-21', 1),
	('2050-09-22', 1),
	('2050-09-23', 1),
	('2050-09-24', 0),
	('2050-09-25', 0),
	('2050-09-26', 1),
	('2050-09-27', 1),
	('2050-09-28', 1),
	('2050-09-29', 1),
	('2050-09-30', 1),
	('2050-10-01', 0),
	('2050-10-02', 0),
	('2050-10-03', 1),
	('2050-10-04', 1),
	('2050-10-05', 1),
	('2050-10-06', 1),
	('2050-10-07', 1),
	('2050-10-08', 0),
	('2050-10-09', 0),
	('2050-10-10', 1),
	('2050-10-11', 1),
	('2050-10-12', 1),
	('2050-10-13', 1),
	('2050-10-14', 1),
	('2050-10-15', 0),
	('2050-10-16', 0),
	('2050-10-17', 1),
	('2050-10-18', 1),
	('2050-10-19', 1),
	('2050-10-20', 1),
	('2050-10-21', 1),
	('2050-10-22', 0),
	('2050-10-23', 0),
	('2050-10-24', 1),
	('2050-10-25', 1),
	('2050-10-26', 1),
	('2050-10-27', 1),
	('2050-10-28', 1),
	('2050-10-29', 0),
	('2050-10-30', 0),
	('2050-10-31', 1),
	('2050-11-01', 1),
	('2050-11-02', 1),
	('2050-11-03', 1),
	('2050-11-04', 1),
	('2050-11-05', 0),
	('2050-11-06', 0),
	('2050-11-07', 1),
	('2050-11-08', 1),
	('2050-11-09', 1),
	('2050-11-10', 1),
	('2050-11-11', 1),
	('2050-11-12', 0),
	('2050-11-13', 0),
	('2050-11-14', 1),
	('2050-11-15', 1),
	('2050-11-16', 1),
	('2050-11-17', 1),
	('2050-11-18', 1),
	('2050-11-19', 0),
	('2050-11-20', 0),
	('2050-11-21', 1),
	('2050-11-22', 1),
	('2050-11-23', 1),
	('2050-11-24', 1),
	('2050-11-25', 1),
	('2050-11-26', 0),
	('2050-11-27', 0),
	('2050-11-28', 1),
	('2050-11-29', 1),
	('2050-11-30', 1),
	('2050-12-01', 1),
	('2050-12-02', 1),
	('2050-12-03', 0),
	('2050-12-04', 0),
	('2050-12-05', 1),
	('2050-12-06', 1),
	('2050-12-07', 1),
	('2050-12-08', 1),
	('2050-12-09', 1),
	('2050-12-10', 0),
	('2050-12-11', 0),
	('2050-12-12', 1),
	('2050-12-13', 1),
	('2050-12-14', 1),
	('2050-12-15', 1),
	('2050-12-16', 1),
	('2050-12-17', 0),
	('2050-12-18', 0),
	('2050-12-19', 1),
	('2050-12-20', 1),
	('2050-12-21', 1),
	('2050-12-22', 1),
	('2050-12-23', 1),
	('2050-12-24', 0),
	('2050-12-25', 0),
	('2050-12-26', 1),
	('2050-12-27', 1),
	('2050-12-28', 1),
	('2050-12-29', 1),
	('2050-12-30', 1),
	('2050-12-31', 0),
	('2051-01-01', 0),
	('2051-01-02', 1),
	('2051-01-03', 1),
	('2051-01-04', 1),
	('2051-01-05', 1),
	('2051-01-06', 1),
	('2051-01-07', 0),
	('2051-01-08', 0),
	('2051-01-09', 1),
	('2051-01-10', 1),
	('2051-01-11', 1),
	('2051-01-12', 1),
	('2051-01-13', 1),
	('2051-01-14', 0),
	('2051-01-15', 0),
	('2051-01-16', 1),
	('2051-01-17', 1),
	('2051-01-18', 1),
	('2051-01-19', 1),
	('2051-01-20', 1),
	('2051-01-21', 0),
	('2051-01-22', 0),
	('2051-01-23', 1),
	('2051-01-24', 1),
	('2051-01-25', 1),
	('2051-01-26', 1),
	('2051-01-27', 1),
	('2051-01-28', 0),
	('2051-01-29', 0),
	('2051-01-30', 1),
	('2051-01-31', 1),
	('2051-02-01', 1),
	('2051-02-02', 1),
	('2051-02-03', 1),
	('2051-02-04', 0),
	('2051-02-05', 0),
	('2051-02-06', 1),
	('2051-02-07', 1),
	('2051-02-08', 1),
	('2051-02-09', 1),
	('2051-02-10', 1),
	('2051-02-11', 0),
	('2051-02-12', 0),
	('2051-02-13', 1),
	('2051-02-14', 1),
	('2051-02-15', 1),
	('2051-02-16', 1),
	('2051-02-17', 1),
	('2051-02-18', 0),
	('2051-02-19', 0),
	('2051-02-20', 1),
	('2051-02-21', 1),
	('2051-02-22', 1),
	('2051-02-23', 1),
	('2051-02-24', 1),
	('2051-02-25', 0),
	('2051-02-26', 0),
	('2051-02-27', 1),
	('2051-02-28', 1),
	('2051-03-01', 1),
	('2051-03-02', 1),
	('2051-03-03', 1),
	('2051-03-04', 0),
	('2051-03-05', 0),
	('2051-03-06', 1),
	('2051-03-07', 1),
	('2051-03-08', 1),
	('2051-03-09', 1),
	('2051-03-10', 1),
	('2051-03-11', 0),
	('2051-03-12', 0),
	('2051-03-13', 1),
	('2051-03-14', 1),
	('2051-03-15', 1),
	('2051-03-16', 1),
	('2051-03-17', 1),
	('2051-03-18', 0),
	('2051-03-19', 0),
	('2051-03-20', 1),
	('2051-03-21', 1),
	('2051-03-22', 1),
	('2051-03-23', 1),
	('2051-03-24', 1),
	('2051-03-25', 0),
	('2051-03-26', 0),
	('2051-03-27', 1),
	('2051-03-28', 1),
	('2051-03-29', 1),
	('2051-03-30', 1),
	('2051-03-31', 1),
	('2051-04-01', 0),
	('2051-04-02', 0),
	('2051-04-03', 1),
	('2051-04-04', 1),
	('2051-04-05', 1),
	('2051-04-06', 1),
	('2051-04-07', 1),
	('2051-04-08', 0),
	('2051-04-09', 0),
	('2051-04-10', 1),
	('2051-04-11', 1),
	('2051-04-12', 1),
	('2051-04-13', 1),
	('2051-04-14', 1),
	('2051-04-15', 0),
	('2051-04-16', 0),
	('2051-04-17', 1),
	('2051-04-18', 1),
	('2051-04-19', 1),
	('2051-04-20', 1),
	('2051-04-21', 1),
	('2051-04-22', 0),
	('2051-04-23', 0),
	('2051-04-24', 1),
	('2051-04-25', 1),
	('2051-04-26', 1),
	('2051-04-27', 1),
	('2051-04-28', 1),
	('2051-04-29', 0),
	('2051-04-30', 0),
	('2051-05-01', 1),
	('2051-05-02', 1),
	('2051-05-03', 1),
	('2051-05-04', 1),
	('2051-05-05', 1),
	('2051-05-06', 0),
	('2051-05-07', 0),
	('2051-05-08', 1),
	('2051-05-09', 1),
	('2051-05-10', 1),
	('2051-05-11', 1),
	('2051-05-12', 1),
	('2051-05-13', 0),
	('2051-05-14', 0),
	('2051-05-15', 1),
	('2051-05-16', 1),
	('2051-05-17', 1),
	('2051-05-18', 1),
	('2051-05-19', 1),
	('2051-05-20', 0),
	('2051-05-21', 0),
	('2051-05-22', 1),
	('2051-05-23', 1),
	('2051-05-24', 1),
	('2051-05-25', 1),
	('2051-05-26', 1),
	('2051-05-27', 0),
	('2051-05-28', 0),
	('2051-05-29', 1),
	('2051-05-30', 1),
	('2051-05-31', 1),
	('2051-06-01', 1),
	('2051-06-02', 1),
	('2051-06-03', 0),
	('2051-06-04', 0),
	('2051-06-05', 1),
	('2051-06-06', 1),
	('2051-06-07', 1),
	('2051-06-08', 1),
	('2051-06-09', 1),
	('2051-06-10', 0),
	('2051-06-11', 0),
	('2051-06-12', 1),
	('2051-06-13', 1),
	('2051-06-14', 1),
	('2051-06-15', 1),
	('2051-06-16', 1),
	('2051-06-17', 0),
	('2051-06-18', 0),
	('2051-06-19', 1),
	('2051-06-20', 1),
	('2051-06-21', 1),
	('2051-06-22', 1),
	('2051-06-23', 1),
	('2051-06-24', 0),
	('2051-06-25', 0),
	('2051-06-26', 1),
	('2051-06-27', 1),
	('2051-06-28', 1),
	('2051-06-29', 1),
	('2051-06-30', 1),
	('2051-07-01', 0),
	('2051-07-02', 0),
	('2051-07-03', 1),
	('2051-07-04', 1),
	('2051-07-05', 1),
	('2051-07-06', 1),
	('2051-07-07', 1),
	('2051-07-08', 0),
	('2051-07-09', 0),
	('2051-07-10', 1),
	('2051-07-11', 1),
	('2051-07-12', 1),
	('2051-07-13', 1),
	('2051-07-14', 1),
	('2051-07-15', 0),
	('2051-07-16', 0),
	('2051-07-17', 1),
	('2051-07-18', 1),
	('2051-07-19', 1),
	('2051-07-20', 1),
	('2051-07-21', 1),
	('2051-07-22', 0),
	('2051-07-23', 0),
	('2051-07-24', 1),
	('2051-07-25', 1),
	('2051-07-26', 1),
	('2051-07-27', 1),
	('2051-07-28', 1),
	('2051-07-29', 0),
	('2051-07-30', 0),
	('2051-07-31', 1),
	('2051-08-01', 1),
	('2051-08-02', 1),
	('2051-08-03', 1),
	('2051-08-04', 1),
	('2051-08-05', 0),
	('2051-08-06', 0),
	('2051-08-07', 1),
	('2051-08-08', 1),
	('2051-08-09', 1),
	('2051-08-10', 1),
	('2051-08-11', 1),
	('2051-08-12', 0),
	('2051-08-13', 0),
	('2051-08-14', 1),
	('2051-08-15', 1),
	('2051-08-16', 1),
	('2051-08-17', 1),
	('2051-08-18', 1),
	('2051-08-19', 0),
	('2051-08-20', 0),
	('2051-08-21', 1),
	('2051-08-22', 1),
	('2051-08-23', 1),
	('2051-08-24', 1),
	('2051-08-25', 1),
	('2051-08-26', 0),
	('2051-08-27', 0),
	('2051-08-28', 1),
	('2051-08-29', 1),
	('2051-08-30', 1),
	('2051-08-31', 1),
	('2051-09-01', 1),
	('2051-09-02', 0),
	('2051-09-03', 0),
	('2051-09-04', 1),
	('2051-09-05', 1),
	('2051-09-06', 1),
	('2051-09-07', 1),
	('2051-09-08', 1),
	('2051-09-09', 0),
	('2051-09-10', 0),
	('2051-09-11', 1),
	('2051-09-12', 1),
	('2051-09-13', 1),
	('2051-09-14', 1),
	('2051-09-15', 1),
	('2051-09-16', 0),
	('2051-09-17', 0),
	('2051-09-18', 1),
	('2051-09-19', 1),
	('2051-09-20', 1),
	('2051-09-21', 1),
	('2051-09-22', 1),
	('2051-09-23', 0),
	('2051-09-24', 0),
	('2051-09-25', 1),
	('2051-09-26', 1),
	('2051-09-27', 1),
	('2051-09-28', 1),
	('2051-09-29', 1),
	('2051-09-30', 0),
	('2051-10-01', 0),
	('2051-10-02', 1),
	('2051-10-03', 1),
	('2051-10-04', 1),
	('2051-10-05', 1),
	('2051-10-06', 1),
	('2051-10-07', 0),
	('2051-10-08', 0),
	('2051-10-09', 1),
	('2051-10-10', 1),
	('2051-10-11', 1),
	('2051-10-12', 1),
	('2051-10-13', 1),
	('2051-10-14', 0),
	('2051-10-15', 0),
	('2051-10-16', 1),
	('2051-10-17', 1),
	('2051-10-18', 1),
	('2051-10-19', 1),
	('2051-10-20', 1),
	('2051-10-21', 0),
	('2051-10-22', 0),
	('2051-10-23', 1),
	('2051-10-24', 1),
	('2051-10-25', 1),
	('2051-10-26', 1),
	('2051-10-27', 1),
	('2051-10-28', 0),
	('2051-10-29', 0),
	('2051-10-30', 1),
	('2051-10-31', 1),
	('2051-11-01', 1),
	('2051-11-02', 1),
	('2051-11-03', 1),
	('2051-11-04', 0),
	('2051-11-05', 0),
	('2051-11-06', 1),
	('2051-11-07', 1),
	('2051-11-08', 1),
	('2051-11-09', 1),
	('2051-11-10', 1),
	('2051-11-11', 0),
	('2051-11-12', 0),
	('2051-11-13', 1),
	('2051-11-14', 1),
	('2051-11-15', 1),
	('2051-11-16', 1),
	('2051-11-17', 1),
	('2051-11-18', 0),
	('2051-11-19', 0),
	('2051-11-20', 1),
	('2051-11-21', 1),
	('2051-11-22', 1),
	('2051-11-23', 1),
	('2051-11-24', 1),
	('2051-11-25', 0),
	('2051-11-26', 0),
	('2051-11-27', 1),
	('2051-11-28', 1),
	('2051-11-29', 1),
	('2051-11-30', 1),
	('2051-12-01', 1),
	('2051-12-02', 0),
	('2051-12-03', 0),
	('2051-12-04', 1),
	('2051-12-05', 1),
	('2051-12-06', 1),
	('2051-12-07', 1),
	('2051-12-08', 1),
	('2051-12-09', 0),
	('2051-12-10', 0),
	('2051-12-11', 1),
	('2051-12-12', 1),
	('2051-12-13', 1),
	('2051-12-14', 1),
	('2051-12-15', 1),
	('2051-12-16', 0),
	('2051-12-17', 0),
	('2051-12-18', 1),
	('2051-12-19', 1),
	('2051-12-20', 1),
	('2051-12-21', 1),
	('2051-12-22', 1),
	('2051-12-23', 0),
	('2051-12-24', 0),
	('2051-12-25', 1),
	('2051-12-26', 1),
	('2051-12-27', 1),
	('2051-12-28', 1),
	('2051-12-29', 1),
	('2051-12-30', 0),
	('2051-12-31', 0),
	('2052-01-01', 1),
	('2052-01-02', 1),
	('2052-01-03', 1),
	('2052-01-04', 1),
	('2052-01-05', 1),
	('2052-01-06', 0),
	('2052-01-07', 0),
	('2052-01-08', 1),
	('2052-01-09', 1),
	('2052-01-10', 1),
	('2052-01-11', 1),
	('2052-01-12', 1),
	('2052-01-13', 0),
	('2052-01-14', 0),
	('2052-01-15', 1),
	('2052-01-16', 1),
	('2052-01-17', 1),
	('2052-01-18', 1),
	('2052-01-19', 1),
	('2052-01-20', 0),
	('2052-01-21', 0),
	('2052-01-22', 1),
	('2052-01-23', 1),
	('2052-01-24', 1),
	('2052-01-25', 1),
	('2052-01-26', 1),
	('2052-01-27', 0),
	('2052-01-28', 0),
	('2052-01-29', 1),
	('2052-01-30', 1),
	('2052-01-31', 1),
	('2052-02-01', 1),
	('2052-02-02', 1),
	('2052-02-03', 0),
	('2052-02-04', 0),
	('2052-02-05', 1),
	('2052-02-06', 1),
	('2052-02-07', 1),
	('2052-02-08', 1),
	('2052-02-09', 1),
	('2052-02-10', 0),
	('2052-02-11', 0),
	('2052-02-12', 1),
	('2052-02-13', 1),
	('2052-02-14', 1),
	('2052-02-15', 1),
	('2052-02-16', 1),
	('2052-02-17', 0),
	('2052-02-18', 0),
	('2052-02-19', 1),
	('2052-02-20', 1),
	('2052-02-21', 1),
	('2052-02-22', 1),
	('2052-02-23', 1),
	('2052-02-24', 0),
	('2052-02-25', 0),
	('2052-02-26', 1),
	('2052-02-27', 1),
	('2052-02-28', 1),
	('2052-02-29', 1),
	('2052-03-01', 1),
	('2052-03-02', 0),
	('2052-03-03', 0),
	('2052-03-04', 1),
	('2052-03-05', 1),
	('2052-03-06', 1),
	('2052-03-07', 1),
	('2052-03-08', 1),
	('2052-03-09', 0),
	('2052-03-10', 0),
	('2052-03-11', 1),
	('2052-03-12', 1),
	('2052-03-13', 1),
	('2052-03-14', 1),
	('2052-03-15', 1),
	('2052-03-16', 0),
	('2052-03-17', 0),
	('2052-03-18', 1),
	('2052-03-19', 1),
	('2052-03-20', 1),
	('2052-03-21', 1),
	('2052-03-22', 1),
	('2052-03-23', 0),
	('2052-03-24', 0),
	('2052-03-25', 1),
	('2052-03-26', 1),
	('2052-03-27', 1),
	('2052-03-28', 1),
	('2052-03-29', 1),
	('2052-03-30', 0),
	('2052-03-31', 0),
	('2052-04-01', 1),
	('2052-04-02', 1),
	('2052-04-03', 1),
	('2052-04-04', 1),
	('2052-04-05', 1),
	('2052-04-06', 0),
	('2052-04-07', 0),
	('2052-04-08', 1),
	('2052-04-09', 1),
	('2052-04-10', 1),
	('2052-04-11', 1),
	('2052-04-12', 1),
	('2052-04-13', 0),
	('2052-04-14', 0),
	('2052-04-15', 1),
	('2052-04-16', 1),
	('2052-04-17', 1),
	('2052-04-18', 1),
	('2052-04-19', 1),
	('2052-04-20', 0),
	('2052-04-21', 0),
	('2052-04-22', 1),
	('2052-04-23', 1),
	('2052-04-24', 1),
	('2052-04-25', 1),
	('2052-04-26', 1),
	('2052-04-27', 0),
	('2052-04-28', 0),
	('2052-04-29', 1),
	('2052-04-30', 1),
	('2052-05-01', 1),
	('2052-05-02', 1),
	('2052-05-03', 1),
	('2052-05-04', 0),
	('2052-05-05', 0),
	('2052-05-06', 1),
	('2052-05-07', 1),
	('2052-05-08', 1),
	('2052-05-09', 1),
	('2052-05-10', 1),
	('2052-05-11', 0),
	('2052-05-12', 0),
	('2052-05-13', 1),
	('2052-05-14', 1),
	('2052-05-15', 1),
	('2052-05-16', 1),
	('2052-05-17', 1),
	('2052-05-18', 0),
	('2052-05-19', 0),
	('2052-05-20', 1),
	('2052-05-21', 1),
	('2052-05-22', 1),
	('2052-05-23', 1),
	('2052-05-24', 1),
	('2052-05-25', 0),
	('2052-05-26', 0),
	('2052-05-27', 1),
	('2052-05-28', 1),
	('2052-05-29', 1),
	('2052-05-30', 1),
	('2052-05-31', 1),
	('2052-06-01', 0),
	('2052-06-02', 0),
	('2052-06-03', 1),
	('2052-06-04', 1),
	('2052-06-05', 1),
	('2052-06-06', 1),
	('2052-06-07', 1),
	('2052-06-08', 0),
	('2052-06-09', 0),
	('2052-06-10', 1),
	('2052-06-11', 1),
	('2052-06-12', 1),
	('2052-06-13', 1),
	('2052-06-14', 1),
	('2052-06-15', 0),
	('2052-06-16', 0),
	('2052-06-17', 1),
	('2052-06-18', 1),
	('2052-06-19', 1),
	('2052-06-20', 1),
	('2052-06-21', 1),
	('2052-06-22', 0),
	('2052-06-23', 0),
	('2052-06-24', 1),
	('2052-06-25', 1),
	('2052-06-26', 1),
	('2052-06-27', 1),
	('2052-06-28', 1),
	('2052-06-29', 0),
	('2052-06-30', 0),
	('2052-07-01', 1),
	('2052-07-02', 1),
	('2052-07-03', 1),
	('2052-07-04', 1),
	('2052-07-05', 1),
	('2052-07-06', 0),
	('2052-07-07', 0),
	('2052-07-08', 1),
	('2052-07-09', 1),
	('2052-07-10', 1),
	('2052-07-11', 1),
	('2052-07-12', 1),
	('2052-07-13', 0),
	('2052-07-14', 0),
	('2052-07-15', 1),
	('2052-07-16', 1),
	('2052-07-17', 1),
	('2052-07-18', 1),
	('2052-07-19', 1),
	('2052-07-20', 0),
	('2052-07-21', 0),
	('2052-07-22', 1),
	('2052-07-23', 1),
	('2052-07-24', 1),
	('2052-07-25', 1),
	('2052-07-26', 1),
	('2052-07-27', 0),
	('2052-07-28', 0),
	('2052-07-29', 1),
	('2052-07-30', 1),
	('2052-07-31', 1),
	('2052-08-01', 1),
	('2052-08-02', 1),
	('2052-08-03', 0),
	('2052-08-04', 0),
	('2052-08-05', 1),
	('2052-08-06', 1),
	('2052-08-07', 1),
	('2052-08-08', 1),
	('2052-08-09', 1),
	('2052-08-10', 0),
	('2052-08-11', 0),
	('2052-08-12', 1),
	('2052-08-13', 1),
	('2052-08-14', 1),
	('2052-08-15', 1),
	('2052-08-16', 1),
	('2052-08-17', 0),
	('2052-08-18', 0),
	('2052-08-19', 1),
	('2052-08-20', 1),
	('2052-08-21', 1),
	('2052-08-22', 1),
	('2052-08-23', 1),
	('2052-08-24', 0),
	('2052-08-25', 0),
	('2052-08-26', 1),
	('2052-08-27', 1),
	('2052-08-28', 1),
	('2052-08-29', 1),
	('2052-08-30', 1),
	('2052-08-31', 0),
	('2052-09-01', 0),
	('2052-09-02', 1),
	('2052-09-03', 1),
	('2052-09-04', 1),
	('2052-09-05', 1),
	('2052-09-06', 1),
	('2052-09-07', 0),
	('2052-09-08', 0),
	('2052-09-09', 1),
	('2052-09-10', 1),
	('2052-09-11', 1),
	('2052-09-12', 1),
	('2052-09-13', 1),
	('2052-09-14', 0),
	('2052-09-15', 0),
	('2052-09-16', 1),
	('2052-09-17', 1),
	('2052-09-18', 1),
	('2052-09-19', 1),
	('2052-09-20', 1),
	('2052-09-21', 0),
	('2052-09-22', 0),
	('2052-09-23', 1),
	('2052-09-24', 1),
	('2052-09-25', 1),
	('2052-09-26', 1),
	('2052-09-27', 1),
	('2052-09-28', 0),
	('2052-09-29', 0),
	('2052-09-30', 1),
	('2052-10-01', 1),
	('2052-10-02', 1),
	('2052-10-03', 1),
	('2052-10-04', 1),
	('2052-10-05', 0),
	('2052-10-06', 0),
	('2052-10-07', 1),
	('2052-10-08', 1),
	('2052-10-09', 1),
	('2052-10-10', 1),
	('2052-10-11', 1),
	('2052-10-12', 0),
	('2052-10-13', 0),
	('2052-10-14', 1),
	('2052-10-15', 1),
	('2052-10-16', 1),
	('2052-10-17', 1),
	('2052-10-18', 1),
	('2052-10-19', 0),
	('2052-10-20', 0),
	('2052-10-21', 1),
	('2052-10-22', 1),
	('2052-10-23', 1),
	('2052-10-24', 1),
	('2052-10-25', 1),
	('2052-10-26', 0),
	('2052-10-27', 0),
	('2052-10-28', 1),
	('2052-10-29', 1),
	('2052-10-30', 1),
	('2052-10-31', 1),
	('2052-11-01', 1),
	('2052-11-02', 0),
	('2052-11-03', 0),
	('2052-11-04', 1),
	('2052-11-05', 1),
	('2052-11-06', 1),
	('2052-11-07', 1),
	('2052-11-08', 1),
	('2052-11-09', 0),
	('2052-11-10', 0),
	('2052-11-11', 1),
	('2052-11-12', 1),
	('2052-11-13', 1),
	('2052-11-14', 1),
	('2052-11-15', 1),
	('2052-11-16', 0),
	('2052-11-17', 0),
	('2052-11-18', 1),
	('2052-11-19', 1),
	('2052-11-20', 1),
	('2052-11-21', 1),
	('2052-11-22', 1),
	('2052-11-23', 0),
	('2052-11-24', 0),
	('2052-11-25', 1),
	('2052-11-26', 1),
	('2052-11-27', 1),
	('2052-11-28', 1),
	('2052-11-29', 1),
	('2052-11-30', 0),
	('2052-12-01', 0),
	('2052-12-02', 1),
	('2052-12-03', 1),
	('2052-12-04', 1),
	('2052-12-05', 1),
	('2052-12-06', 1),
	('2052-12-07', 0),
	('2052-12-08', 0),
	('2052-12-09', 1),
	('2052-12-10', 1),
	('2052-12-11', 1),
	('2052-12-12', 1),
	('2052-12-13', 1),
	('2052-12-14', 0),
	('2052-12-15', 0),
	('2052-12-16', 1),
	('2052-12-17', 1),
	('2052-12-18', 1),
	('2052-12-19', 1),
	('2052-12-20', 1),
	('2052-12-21', 0),
	('2052-12-22', 0),
	('2052-12-23', 1),
	('2052-12-24', 1),
	('2052-12-25', 1),
	('2052-12-26', 1),
	('2052-12-27', 1),
	('2052-12-28', 0),
	('2052-12-29', 0),
	('2052-12-30', 1),
	('2052-12-31', 1),
	('2053-01-01', 1),
	('2053-01-02', 1),
	('2053-01-03', 1),
	('2053-01-04', 0),
	('2053-01-05', 0),
	('2053-01-06', 1),
	('2053-01-07', 1),
	('2053-01-08', 1),
	('2053-01-09', 1),
	('2053-01-10', 1),
	('2053-01-11', 0),
	('2053-01-12', 0),
	('2053-01-13', 1),
	('2053-01-14', 1),
	('2053-01-15', 1),
	('2053-01-16', 1),
	('2053-01-17', 1),
	('2053-01-18', 0),
	('2053-01-19', 0),
	('2053-01-20', 1),
	('2053-01-21', 1),
	('2053-01-22', 1),
	('2053-01-23', 1),
	('2053-01-24', 1),
	('2053-01-25', 0),
	('2053-01-26', 0),
	('2053-01-27', 1),
	('2053-01-28', 1),
	('2053-01-29', 1),
	('2053-01-30', 1),
	('2053-01-31', 1),
	('2053-02-01', 0),
	('2053-02-02', 0),
	('2053-02-03', 1),
	('2053-02-04', 1),
	('2053-02-05', 1),
	('2053-02-06', 1),
	('2053-02-07', 1),
	('2053-02-08', 0),
	('2053-02-09', 0),
	('2053-02-10', 1),
	('2053-02-11', 1),
	('2053-02-12', 1),
	('2053-02-13', 1),
	('2053-02-14', 1),
	('2053-02-15', 0),
	('2053-02-16', 0),
	('2053-02-17', 1),
	('2053-02-18', 1),
	('2053-02-19', 1),
	('2053-02-20', 1),
	('2053-02-21', 1),
	('2053-02-22', 0),
	('2053-02-23', 0),
	('2053-02-24', 1),
	('2053-02-25', 1),
	('2053-02-26', 1),
	('2053-02-27', 1),
	('2053-02-28', 1),
	('2053-03-01', 0),
	('2053-03-02', 0),
	('2053-03-03', 1),
	('2053-03-04', 1),
	('2053-03-05', 1),
	('2053-03-06', 1),
	('2053-03-07', 1),
	('2053-03-08', 0),
	('2053-03-09', 0),
	('2053-03-10', 1),
	('2053-03-11', 1),
	('2053-03-12', 1),
	('2053-03-13', 1),
	('2053-03-14', 1),
	('2053-03-15', 0),
	('2053-03-16', 0),
	('2053-03-17', 1),
	('2053-03-18', 1),
	('2053-03-19', 1),
	('2053-03-20', 1),
	('2053-03-21', 1),
	('2053-03-22', 0),
	('2053-03-23', 0),
	('2053-03-24', 1),
	('2053-03-25', 1),
	('2053-03-26', 1),
	('2053-03-27', 1),
	('2053-03-28', 1),
	('2053-03-29', 0),
	('2053-03-30', 0),
	('2053-03-31', 1),
	('2053-04-01', 1),
	('2053-04-02', 1),
	('2053-04-03', 1),
	('2053-04-04', 1),
	('2053-04-05', 0),
	('2053-04-06', 0),
	('2053-04-07', 1),
	('2053-04-08', 1),
	('2053-04-09', 1),
	('2053-04-10', 1),
	('2053-04-11', 1),
	('2053-04-12', 0),
	('2053-04-13', 0),
	('2053-04-14', 1),
	('2053-04-15', 1),
	('2053-04-16', 1),
	('2053-04-17', 1),
	('2053-04-18', 1),
	('2053-04-19', 0),
	('2053-04-20', 0),
	('2053-04-21', 1),
	('2053-04-22', 1),
	('2053-04-23', 1),
	('2053-04-24', 1),
	('2053-04-25', 1),
	('2053-04-26', 0),
	('2053-04-27', 0),
	('2053-04-28', 1),
	('2053-04-29', 1),
	('2053-04-30', 1),
	('2053-05-01', 1),
	('2053-05-02', 1),
	('2053-05-03', 0),
	('2053-05-04', 0),
	('2053-05-05', 1),
	('2053-05-06', 1),
	('2053-05-07', 1),
	('2053-05-08', 1),
	('2053-05-09', 1),
	('2053-05-10', 0),
	('2053-05-11', 0),
	('2053-05-12', 1),
	('2053-05-13', 1),
	('2053-05-14', 1),
	('2053-05-15', 1),
	('2053-05-16', 1),
	('2053-05-17', 0),
	('2053-05-18', 0),
	('2053-05-19', 1),
	('2053-05-20', 1),
	('2053-05-21', 1),
	('2053-05-22', 1),
	('2053-05-23', 1),
	('2053-05-24', 0),
	('2053-05-25', 0),
	('2053-05-26', 1),
	('2053-05-27', 1),
	('2053-05-28', 1),
	('2053-05-29', 1),
	('2053-05-30', 1),
	('2053-05-31', 0),
	('2053-06-01', 0),
	('2053-06-02', 1),
	('2053-06-03', 1),
	('2053-06-04', 1),
	('2053-06-05', 1),
	('2053-06-06', 1),
	('2053-06-07', 0),
	('2053-06-08', 0),
	('2053-06-09', 1),
	('2053-06-10', 1),
	('2053-06-11', 1),
	('2053-06-12', 1),
	('2053-06-13', 1),
	('2053-06-14', 0),
	('2053-06-15', 0),
	('2053-06-16', 1),
	('2053-06-17', 1),
	('2053-06-18', 1),
	('2053-06-19', 1),
	('2053-06-20', 1),
	('2053-06-21', 0),
	('2053-06-22', 0),
	('2053-06-23', 1),
	('2053-06-24', 1),
	('2053-06-25', 1),
	('2053-06-26', 1),
	('2053-06-27', 1),
	('2053-06-28', 0),
	('2053-06-29', 0),
	('2053-06-30', 1),
	('2053-07-01', 1),
	('2053-07-02', 1),
	('2053-07-03', 1),
	('2053-07-04', 1),
	('2053-07-05', 0),
	('2053-07-06', 0),
	('2053-07-07', 1),
	('2053-07-08', 1),
	('2053-07-09', 1),
	('2053-07-10', 1),
	('2053-07-11', 1),
	('2053-07-12', 0),
	('2053-07-13', 0),
	('2053-07-14', 1),
	('2053-07-15', 1),
	('2053-07-16', 1),
	('2053-07-17', 1),
	('2053-07-18', 1),
	('2053-07-19', 0),
	('2053-07-20', 0),
	('2053-07-21', 1),
	('2053-07-22', 1),
	('2053-07-23', 1),
	('2053-07-24', 1),
	('2053-07-25', 1),
	('2053-07-26', 0),
	('2053-07-27', 0),
	('2053-07-28', 1),
	('2053-07-29', 1),
	('2053-07-30', 1),
	('2053-07-31', 1),
	('2053-08-01', 1),
	('2053-08-02', 0),
	('2053-08-03', 0),
	('2053-08-04', 1),
	('2053-08-05', 1),
	('2053-08-06', 1),
	('2053-08-07', 1),
	('2053-08-08', 1),
	('2053-08-09', 0),
	('2053-08-10', 0),
	('2053-08-11', 1),
	('2053-08-12', 1),
	('2053-08-13', 1),
	('2053-08-14', 1),
	('2053-08-15', 1),
	('2053-08-16', 0),
	('2053-08-17', 0),
	('2053-08-18', 1),
	('2053-08-19', 1),
	('2053-08-20', 1),
	('2053-08-21', 1),
	('2053-08-22', 1),
	('2053-08-23', 0),
	('2053-08-24', 0),
	('2053-08-25', 1),
	('2053-08-26', 1),
	('2053-08-27', 1),
	('2053-08-28', 1),
	('2053-08-29', 1),
	('2053-08-30', 0),
	('2053-08-31', 0),
	('2053-09-01', 1),
	('2053-09-02', 1),
	('2053-09-03', 1),
	('2053-09-04', 1),
	('2053-09-05', 1),
	('2053-09-06', 0),
	('2053-09-07', 0),
	('2053-09-08', 1),
	('2053-09-09', 1),
	('2053-09-10', 1),
	('2053-09-11', 1),
	('2053-09-12', 1),
	('2053-09-13', 0),
	('2053-09-14', 0),
	('2053-09-15', 1);
INSERT INTO `calendario` (`data`, `dia_util`) VALUES
	('2053-09-16', 1),
	('2053-09-17', 1),
	('2053-09-18', 1),
	('2053-09-19', 1),
	('2053-09-20', 0),
	('2053-09-21', 0),
	('2053-09-22', 1),
	('2053-09-23', 1),
	('2053-09-24', 1),
	('2053-09-25', 1),
	('2053-09-26', 1),
	('2053-09-27', 0),
	('2053-09-28', 0),
	('2053-09-29', 1),
	('2053-09-30', 1),
	('2053-10-01', 1),
	('2053-10-02', 1),
	('2053-10-03', 1),
	('2053-10-04', 0),
	('2053-10-05', 0),
	('2053-10-06', 1),
	('2053-10-07', 1),
	('2053-10-08', 1),
	('2053-10-09', 1),
	('2053-10-10', 1),
	('2053-10-11', 0),
	('2053-10-12', 0),
	('2053-10-13', 1),
	('2053-10-14', 1),
	('2053-10-15', 1),
	('2053-10-16', 1),
	('2053-10-17', 1),
	('2053-10-18', 0),
	('2053-10-19', 0),
	('2053-10-20', 1),
	('2053-10-21', 1),
	('2053-10-22', 1),
	('2053-10-23', 1),
	('2053-10-24', 1),
	('2053-10-25', 0),
	('2053-10-26', 0),
	('2053-10-27', 1),
	('2053-10-28', 1),
	('2053-10-29', 1),
	('2053-10-30', 1),
	('2053-10-31', 1),
	('2053-11-01', 0),
	('2053-11-02', 0),
	('2053-11-03', 1),
	('2053-11-04', 1),
	('2053-11-05', 1),
	('2053-11-06', 1),
	('2053-11-07', 1),
	('2053-11-08', 0),
	('2053-11-09', 0),
	('2053-11-10', 1),
	('2053-11-11', 1),
	('2053-11-12', 1),
	('2053-11-13', 1),
	('2053-11-14', 1),
	('2053-11-15', 0),
	('2053-11-16', 0),
	('2053-11-17', 1),
	('2053-11-18', 1),
	('2053-11-19', 1),
	('2053-11-20', 1),
	('2053-11-21', 1),
	('2053-11-22', 0),
	('2053-11-23', 0),
	('2053-11-24', 1),
	('2053-11-25', 1),
	('2053-11-26', 1),
	('2053-11-27', 1),
	('2053-11-28', 1),
	('2053-11-29', 0),
	('2053-11-30', 0),
	('2053-12-01', 1),
	('2053-12-02', 1),
	('2053-12-03', 1),
	('2053-12-04', 1),
	('2053-12-05', 1),
	('2053-12-06', 0),
	('2053-12-07', 0),
	('2053-12-08', 1),
	('2053-12-09', 1),
	('2053-12-10', 1),
	('2053-12-11', 1),
	('2053-12-12', 1),
	('2053-12-13', 0),
	('2053-12-14', 0),
	('2053-12-15', 1),
	('2053-12-16', 1),
	('2053-12-17', 1),
	('2053-12-18', 1),
	('2053-12-19', 1),
	('2053-12-20', 0),
	('2053-12-21', 0),
	('2053-12-22', 1),
	('2053-12-23', 1),
	('2053-12-24', 1),
	('2053-12-25', 1),
	('2053-12-26', 1),
	('2053-12-27', 0),
	('2053-12-28', 0),
	('2053-12-29', 1),
	('2053-12-30', 1),
	('2053-12-31', 1),
	('2054-01-01', 1),
	('2054-01-02', 1),
	('2054-01-03', 0),
	('2054-01-04', 0),
	('2054-01-05', 1),
	('2054-01-06', 1),
	('2054-01-07', 1),
	('2054-01-08', 1),
	('2054-01-09', 1),
	('2054-01-10', 0),
	('2054-01-11', 0),
	('2054-01-12', 1),
	('2054-01-13', 1),
	('2054-01-14', 1),
	('2054-01-15', 1),
	('2054-01-16', 1),
	('2054-01-17', 0),
	('2054-01-18', 0),
	('2054-01-19', 1),
	('2054-01-20', 1),
	('2054-01-21', 1),
	('2054-01-22', 1),
	('2054-01-23', 1),
	('2054-01-24', 0),
	('2054-01-25', 0),
	('2054-01-26', 1),
	('2054-01-27', 1),
	('2054-01-28', 1),
	('2054-01-29', 1),
	('2054-01-30', 1),
	('2054-01-31', 0),
	('2054-02-01', 0),
	('2054-02-02', 1),
	('2054-02-03', 1),
	('2054-02-04', 1),
	('2054-02-05', 1),
	('2054-02-06', 1),
	('2054-02-07', 0),
	('2054-02-08', 0),
	('2054-02-09', 1),
	('2054-02-10', 1),
	('2054-02-11', 1),
	('2054-02-12', 1),
	('2054-02-13', 1),
	('2054-02-14', 0),
	('2054-02-15', 0),
	('2054-02-16', 1),
	('2054-02-17', 1),
	('2054-02-18', 1),
	('2054-02-19', 1),
	('2054-02-20', 1),
	('2054-02-21', 0),
	('2054-02-22', 0),
	('2054-02-23', 1),
	('2054-02-24', 1),
	('2054-02-25', 1),
	('2054-02-26', 1),
	('2054-02-27', 1),
	('2054-02-28', 0),
	('2054-03-01', 0),
	('2054-03-02', 1),
	('2054-03-03', 1),
	('2054-03-04', 1),
	('2054-03-05', 1),
	('2054-03-06', 1),
	('2054-03-07', 0),
	('2054-03-08', 0),
	('2054-03-09', 1),
	('2054-03-10', 1),
	('2054-03-11', 1),
	('2054-03-12', 1),
	('2054-03-13', 1),
	('2054-03-14', 0),
	('2054-03-15', 0),
	('2054-03-16', 1),
	('2054-03-17', 1),
	('2054-03-18', 1),
	('2054-03-19', 1),
	('2054-03-20', 1),
	('2054-03-21', 0),
	('2054-03-22', 0),
	('2054-03-23', 1),
	('2054-03-24', 1),
	('2054-03-25', 1),
	('2054-03-26', 1),
	('2054-03-27', 1),
	('2054-03-28', 0),
	('2054-03-29', 0),
	('2054-03-30', 1),
	('2054-03-31', 1),
	('2054-04-01', 1),
	('2054-04-02', 1),
	('2054-04-03', 1),
	('2054-04-04', 0),
	('2054-04-05', 0),
	('2054-04-06', 1),
	('2054-04-07', 1),
	('2054-04-08', 1),
	('2054-04-09', 1),
	('2054-04-10', 1),
	('2054-04-11', 0),
	('2054-04-12', 0),
	('2054-04-13', 1),
	('2054-04-14', 1),
	('2054-04-15', 1),
	('2054-04-16', 1),
	('2054-04-17', 1),
	('2054-04-18', 0),
	('2054-04-19', 0),
	('2054-04-20', 1),
	('2054-04-21', 1),
	('2054-04-22', 1),
	('2054-04-23', 1),
	('2054-04-24', 1),
	('2054-04-25', 0),
	('2054-04-26', 0),
	('2054-04-27', 1),
	('2054-04-28', 1),
	('2054-04-29', 1),
	('2054-04-30', 1),
	('2054-05-01', 1),
	('2054-05-02', 0),
	('2054-05-03', 0),
	('2054-05-04', 1),
	('2054-05-05', 1),
	('2054-05-06', 1),
	('2054-05-07', 1),
	('2054-05-08', 1),
	('2054-05-09', 0),
	('2054-05-10', 0),
	('2054-05-11', 1),
	('2054-05-12', 1),
	('2054-05-13', 1),
	('2054-05-14', 1),
	('2054-05-15', 1),
	('2054-05-16', 0),
	('2054-05-17', 0),
	('2054-05-18', 1),
	('2054-05-19', 1),
	('2054-05-20', 1),
	('2054-05-21', 1),
	('2054-05-22', 1),
	('2054-05-23', 0),
	('2054-05-24', 0),
	('2054-05-25', 1),
	('2054-05-26', 1),
	('2054-05-27', 1),
	('2054-05-28', 1),
	('2054-05-29', 1),
	('2054-05-30', 0),
	('2054-05-31', 0),
	('2054-06-01', 1),
	('2054-06-02', 1),
	('2054-06-03', 1),
	('2054-06-04', 1),
	('2054-06-05', 1),
	('2054-06-06', 0),
	('2054-06-07', 0),
	('2054-06-08', 1),
	('2054-06-09', 1),
	('2054-06-10', 1),
	('2054-06-11', 1),
	('2054-06-12', 1),
	('2054-06-13', 0),
	('2054-06-14', 0),
	('2054-06-15', 1),
	('2054-06-16', 1),
	('2054-06-17', 1),
	('2054-06-18', 1),
	('2054-06-19', 1),
	('2054-06-20', 0),
	('2054-06-21', 0),
	('2054-06-22', 1),
	('2054-06-23', 1),
	('2054-06-24', 1),
	('2054-06-25', 1),
	('2054-06-26', 1),
	('2054-06-27', 0),
	('2054-06-28', 0),
	('2054-06-29', 1),
	('2054-06-30', 1),
	('2054-07-01', 1),
	('2054-07-02', 1),
	('2054-07-03', 1),
	('2054-07-04', 0),
	('2054-07-05', 0),
	('2054-07-06', 1),
	('2054-07-07', 1),
	('2054-07-08', 1),
	('2054-07-09', 1),
	('2054-07-10', 1),
	('2054-07-11', 0),
	('2054-07-12', 0),
	('2054-07-13', 1),
	('2054-07-14', 1),
	('2054-07-15', 1),
	('2054-07-16', 1),
	('2054-07-17', 1),
	('2054-07-18', 0),
	('2054-07-19', 0),
	('2054-07-20', 1),
	('2054-07-21', 1),
	('2054-07-22', 1),
	('2054-07-23', 1),
	('2054-07-24', 1),
	('2054-07-25', 0),
	('2054-07-26', 0),
	('2054-07-27', 1),
	('2054-07-28', 1),
	('2054-07-29', 1),
	('2054-07-30', 1),
	('2054-07-31', 1),
	('2054-08-01', 0),
	('2054-08-02', 0),
	('2054-08-03', 1),
	('2054-08-04', 1),
	('2054-08-05', 1),
	('2054-08-06', 1),
	('2054-08-07', 1),
	('2054-08-08', 0),
	('2054-08-09', 0),
	('2054-08-10', 1),
	('2054-08-11', 1),
	('2054-08-12', 1),
	('2054-08-13', 1),
	('2054-08-14', 1),
	('2054-08-15', 0),
	('2054-08-16', 0),
	('2054-08-17', 1),
	('2054-08-18', 1),
	('2054-08-19', 1),
	('2054-08-20', 1),
	('2054-08-21', 1),
	('2054-08-22', 0),
	('2054-08-23', 0),
	('2054-08-24', 1),
	('2054-08-25', 1),
	('2054-08-26', 1),
	('2054-08-27', 1),
	('2054-08-28', 1),
	('2054-08-29', 0),
	('2054-08-30', 0),
	('2054-08-31', 1),
	('2054-09-01', 1),
	('2054-09-02', 1),
	('2054-09-03', 1),
	('2054-09-04', 1),
	('2054-09-05', 0),
	('2054-09-06', 0),
	('2054-09-07', 1),
	('2054-09-08', 1),
	('2054-09-09', 1),
	('2054-09-10', 1),
	('2054-09-11', 1),
	('2054-09-12', 0),
	('2054-09-13', 0),
	('2054-09-14', 1),
	('2054-09-15', 1),
	('2054-09-16', 1),
	('2054-09-17', 1),
	('2054-09-18', 1),
	('2054-09-19', 0),
	('2054-09-20', 0),
	('2054-09-21', 1),
	('2054-09-22', 1),
	('2054-09-23', 1),
	('2054-09-24', 1),
	('2054-09-25', 1),
	('2054-09-26', 0),
	('2054-09-27', 0),
	('2054-09-28', 1),
	('2054-09-29', 1),
	('2054-09-30', 1),
	('2054-10-01', 1),
	('2054-10-02', 1),
	('2054-10-03', 0),
	('2054-10-04', 0),
	('2054-10-05', 1),
	('2054-10-06', 1),
	('2054-10-07', 1),
	('2054-10-08', 1),
	('2054-10-09', 1),
	('2054-10-10', 0),
	('2054-10-11', 0),
	('2054-10-12', 1),
	('2054-10-13', 1),
	('2054-10-14', 1),
	('2054-10-15', 1),
	('2054-10-16', 1),
	('2054-10-17', 0),
	('2054-10-18', 0),
	('2054-10-19', 1),
	('2054-10-20', 1),
	('2054-10-21', 1),
	('2054-10-22', 1),
	('2054-10-23', 1),
	('2054-10-24', 0),
	('2054-10-25', 0),
	('2054-10-26', 1),
	('2054-10-27', 1),
	('2054-10-28', 1),
	('2054-10-29', 1),
	('2054-10-30', 1),
	('2054-10-31', 0),
	('2054-11-01', 0),
	('2054-11-02', 1),
	('2054-11-03', 1),
	('2054-11-04', 1),
	('2054-11-05', 1),
	('2054-11-06', 1),
	('2054-11-07', 0),
	('2054-11-08', 0),
	('2054-11-09', 1),
	('2054-11-10', 1),
	('2054-11-11', 1),
	('2054-11-12', 1),
	('2054-11-13', 1),
	('2054-11-14', 0),
	('2054-11-15', 0),
	('2054-11-16', 1),
	('2054-11-17', 1),
	('2054-11-18', 1),
	('2054-11-19', 1),
	('2054-11-20', 1),
	('2054-11-21', 0),
	('2054-11-22', 0),
	('2054-11-23', 1),
	('2054-11-24', 1),
	('2054-11-25', 1),
	('2054-11-26', 1),
	('2054-11-27', 1),
	('2054-11-28', 0),
	('2054-11-29', 0),
	('2054-11-30', 1),
	('2054-12-01', 1),
	('2054-12-02', 1),
	('2054-12-03', 1),
	('2054-12-04', 1),
	('2054-12-05', 0),
	('2054-12-06', 0),
	('2054-12-07', 1),
	('2054-12-08', 1),
	('2054-12-09', 1),
	('2054-12-10', 1),
	('2054-12-11', 1),
	('2054-12-12', 0),
	('2054-12-13', 0),
	('2054-12-14', 1),
	('2054-12-15', 1),
	('2054-12-16', 1),
	('2054-12-17', 1),
	('2054-12-18', 1),
	('2054-12-19', 0),
	('2054-12-20', 0),
	('2054-12-21', 1),
	('2054-12-22', 1),
	('2054-12-23', 1),
	('2054-12-24', 1),
	('2054-12-25', 1),
	('2054-12-26', 0),
	('2054-12-27', 0),
	('2054-12-28', 1),
	('2054-12-29', 1),
	('2054-12-30', 1),
	('2054-12-31', 1),
	('2055-01-01', 1),
	('2055-01-02', 0),
	('2055-01-03', 0),
	('2055-01-04', 1),
	('2055-01-05', 1),
	('2055-01-06', 1),
	('2055-01-07', 1),
	('2055-01-08', 1),
	('2055-01-09', 0),
	('2055-01-10', 0),
	('2055-01-11', 1),
	('2055-01-12', 1),
	('2055-01-13', 1),
	('2055-01-14', 1),
	('2055-01-15', 1),
	('2055-01-16', 0),
	('2055-01-17', 0),
	('2055-01-18', 1),
	('2055-01-19', 1),
	('2055-01-20', 1),
	('2055-01-21', 1),
	('2055-01-22', 1),
	('2055-01-23', 0),
	('2055-01-24', 0),
	('2055-01-25', 1),
	('2055-01-26', 1),
	('2055-01-27', 1),
	('2055-01-28', 1),
	('2055-01-29', 1),
	('2055-01-30', 0),
	('2055-01-31', 0),
	('2055-02-01', 1),
	('2055-02-02', 1),
	('2055-02-03', 1),
	('2055-02-04', 1),
	('2055-02-05', 1),
	('2055-02-06', 0),
	('2055-02-07', 0),
	('2055-02-08', 1),
	('2055-02-09', 1),
	('2055-02-10', 1),
	('2055-02-11', 1),
	('2055-02-12', 1),
	('2055-02-13', 0),
	('2055-02-14', 0),
	('2055-02-15', 1),
	('2055-02-16', 1),
	('2055-02-17', 1),
	('2055-02-18', 1),
	('2055-02-19', 1),
	('2055-02-20', 0),
	('2055-02-21', 0),
	('2055-02-22', 1),
	('2055-02-23', 1),
	('2055-02-24', 1),
	('2055-02-25', 1),
	('2055-02-26', 1),
	('2055-02-27', 0),
	('2055-02-28', 0),
	('2055-03-01', 1),
	('2055-03-02', 1),
	('2055-03-03', 1),
	('2055-03-04', 1),
	('2055-03-05', 1),
	('2055-03-06', 0),
	('2055-03-07', 0),
	('2055-03-08', 1),
	('2055-03-09', 1),
	('2055-03-10', 1),
	('2055-03-11', 1),
	('2055-03-12', 1),
	('2055-03-13', 0),
	('2055-03-14', 0),
	('2055-03-15', 1),
	('2055-03-16', 1),
	('2055-03-17', 1),
	('2055-03-18', 1),
	('2055-03-19', 1),
	('2055-03-20', 0),
	('2055-03-21', 0),
	('2055-03-22', 1),
	('2055-03-23', 1),
	('2055-03-24', 1),
	('2055-03-25', 1),
	('2055-03-26', 1),
	('2055-03-27', 0),
	('2055-03-28', 0),
	('2055-03-29', 1),
	('2055-03-30', 1),
	('2055-03-31', 1),
	('2055-04-01', 1),
	('2055-04-02', 1),
	('2055-04-03', 0),
	('2055-04-04', 0),
	('2055-04-05', 1),
	('2055-04-06', 1),
	('2055-04-07', 1),
	('2055-04-08', 1),
	('2055-04-09', 1),
	('2055-04-10', 0),
	('2055-04-11', 0),
	('2055-04-12', 1),
	('2055-04-13', 1),
	('2055-04-14', 1),
	('2055-04-15', 1),
	('2055-04-16', 1),
	('2055-04-17', 0),
	('2055-04-18', 0),
	('2055-04-19', 1),
	('2055-04-20', 1),
	('2055-04-21', 1),
	('2055-04-22', 1),
	('2055-04-23', 1),
	('2055-04-24', 0),
	('2055-04-25', 0),
	('2055-04-26', 1),
	('2055-04-27', 1),
	('2055-04-28', 1),
	('2055-04-29', 1),
	('2055-04-30', 1),
	('2055-05-01', 0),
	('2055-05-02', 0),
	('2055-05-03', 1),
	('2055-05-04', 1),
	('2055-05-05', 1),
	('2055-05-06', 1),
	('2055-05-07', 1),
	('2055-05-08', 0),
	('2055-05-09', 0),
	('2055-05-10', 1),
	('2055-05-11', 1),
	('2055-05-12', 1),
	('2055-05-13', 1),
	('2055-05-14', 1),
	('2055-05-15', 0),
	('2055-05-16', 0),
	('2055-05-17', 1),
	('2055-05-18', 1),
	('2055-05-19', 1),
	('2055-05-20', 1),
	('2055-05-21', 1),
	('2055-05-22', 0),
	('2055-05-23', 0),
	('2055-05-24', 1),
	('2055-05-25', 1),
	('2055-05-26', 1),
	('2055-05-27', 1),
	('2055-05-28', 1),
	('2055-05-29', 0),
	('2055-05-30', 0),
	('2055-05-31', 1),
	('2055-06-01', 1),
	('2055-06-02', 1),
	('2055-06-03', 1),
	('2055-06-04', 1),
	('2055-06-05', 0),
	('2055-06-06', 0),
	('2055-06-07', 1),
	('2055-06-08', 1),
	('2055-06-09', 1),
	('2055-06-10', 1),
	('2055-06-11', 1),
	('2055-06-12', 0),
	('2055-06-13', 0),
	('2055-06-14', 1),
	('2055-06-15', 1),
	('2055-06-16', 1),
	('2055-06-17', 1),
	('2055-06-18', 1),
	('2055-06-19', 0),
	('2055-06-20', 0),
	('2055-06-21', 1),
	('2055-06-22', 1),
	('2055-06-23', 1),
	('2055-06-24', 1),
	('2055-06-25', 1),
	('2055-06-26', 0),
	('2055-06-27', 0),
	('2055-06-28', 1),
	('2055-06-29', 1),
	('2055-06-30', 1),
	('2055-07-01', 1),
	('2055-07-02', 1),
	('2055-07-03', 0),
	('2055-07-04', 0),
	('2055-07-05', 1),
	('2055-07-06', 1),
	('2055-07-07', 1),
	('2055-07-08', 1),
	('2055-07-09', 1),
	('2055-07-10', 0),
	('2055-07-11', 0),
	('2055-07-12', 1),
	('2055-07-13', 1),
	('2055-07-14', 1),
	('2055-07-15', 1),
	('2055-07-16', 1),
	('2055-07-17', 0),
	('2055-07-18', 0),
	('2055-07-19', 1),
	('2055-07-20', 1),
	('2055-07-21', 1),
	('2055-07-22', 1),
	('2055-07-23', 1),
	('2055-07-24', 0),
	('2055-07-25', 0),
	('2055-07-26', 1),
	('2055-07-27', 1),
	('2055-07-28', 1),
	('2055-07-29', 1),
	('2055-07-30', 1),
	('2055-07-31', 0),
	('2055-08-01', 0),
	('2055-08-02', 1),
	('2055-08-03', 1),
	('2055-08-04', 1),
	('2055-08-05', 1),
	('2055-08-06', 1),
	('2055-08-07', 0),
	('2055-08-08', 0),
	('2055-08-09', 1),
	('2055-08-10', 1),
	('2055-08-11', 1),
	('2055-08-12', 1),
	('2055-08-13', 1),
	('2055-08-14', 0),
	('2055-08-15', 0),
	('2055-08-16', 1),
	('2055-08-17', 1),
	('2055-08-18', 1),
	('2055-08-19', 1),
	('2055-08-20', 1),
	('2055-08-21', 0),
	('2055-08-22', 0),
	('2055-08-23', 1),
	('2055-08-24', 1),
	('2055-08-25', 1),
	('2055-08-26', 1),
	('2055-08-27', 1),
	('2055-08-28', 0),
	('2055-08-29', 0),
	('2055-08-30', 1),
	('2055-08-31', 1),
	('2055-09-01', 1),
	('2055-09-02', 1),
	('2055-09-03', 1),
	('2055-09-04', 0),
	('2055-09-05', 0),
	('2055-09-06', 1),
	('2055-09-07', 1),
	('2055-09-08', 1),
	('2055-09-09', 1),
	('2055-09-10', 1),
	('2055-09-11', 0),
	('2055-09-12', 0),
	('2055-09-13', 1),
	('2055-09-14', 1),
	('2055-09-15', 1),
	('2055-09-16', 1),
	('2055-09-17', 1),
	('2055-09-18', 0),
	('2055-09-19', 0),
	('2055-09-20', 1),
	('2055-09-21', 1),
	('2055-09-22', 1),
	('2055-09-23', 1),
	('2055-09-24', 1),
	('2055-09-25', 0),
	('2055-09-26', 0),
	('2055-09-27', 1),
	('2055-09-28', 1),
	('2055-09-29', 1),
	('2055-09-30', 1),
	('2055-10-01', 1),
	('2055-10-02', 0),
	('2055-10-03', 0),
	('2055-10-04', 1),
	('2055-10-05', 1),
	('2055-10-06', 1),
	('2055-10-07', 1),
	('2055-10-08', 1),
	('2055-10-09', 0),
	('2055-10-10', 0),
	('2055-10-11', 1),
	('2055-10-12', 1),
	('2055-10-13', 1),
	('2055-10-14', 1),
	('2055-10-15', 1),
	('2055-10-16', 0),
	('2055-10-17', 0),
	('2055-10-18', 1),
	('2055-10-19', 1),
	('2055-10-20', 1),
	('2055-10-21', 1),
	('2055-10-22', 1),
	('2055-10-23', 0),
	('2055-10-24', 0),
	('2055-10-25', 1),
	('2055-10-26', 1),
	('2055-10-27', 1),
	('2055-10-28', 1),
	('2055-10-29', 1),
	('2055-10-30', 0),
	('2055-10-31', 0),
	('2055-11-01', 1),
	('2055-11-02', 1),
	('2055-11-03', 1),
	('2055-11-04', 1),
	('2055-11-05', 1),
	('2055-11-06', 0),
	('2055-11-07', 0),
	('2055-11-08', 1),
	('2055-11-09', 1),
	('2055-11-10', 1),
	('2055-11-11', 1),
	('2055-11-12', 1),
	('2055-11-13', 0),
	('2055-11-14', 0),
	('2055-11-15', 1),
	('2055-11-16', 1),
	('2055-11-17', 1),
	('2055-11-18', 1),
	('2055-11-19', 1),
	('2055-11-20', 0),
	('2055-11-21', 0),
	('2055-11-22', 1),
	('2055-11-23', 1),
	('2055-11-24', 1),
	('2055-11-25', 1),
	('2055-11-26', 1),
	('2055-11-27', 0),
	('2055-11-28', 0),
	('2055-11-29', 1),
	('2055-11-30', 1),
	('2055-12-01', 1),
	('2055-12-02', 1),
	('2055-12-03', 1),
	('2055-12-04', 0),
	('2055-12-05', 0),
	('2055-12-06', 1),
	('2055-12-07', 1),
	('2055-12-08', 1),
	('2055-12-09', 1),
	('2055-12-10', 1),
	('2055-12-11', 0),
	('2055-12-12', 0),
	('2055-12-13', 1),
	('2055-12-14', 1),
	('2055-12-15', 1),
	('2055-12-16', 1),
	('2055-12-17', 1),
	('2055-12-18', 0),
	('2055-12-19', 0),
	('2055-12-20', 1),
	('2055-12-21', 1),
	('2055-12-22', 1),
	('2055-12-23', 1),
	('2055-12-24', 1),
	('2055-12-25', 0),
	('2055-12-26', 0),
	('2055-12-27', 1),
	('2055-12-28', 1),
	('2055-12-29', 1),
	('2055-12-30', 1),
	('2055-12-31', 1),
	('2056-01-01', 0),
	('2056-01-02', 0),
	('2056-01-03', 1),
	('2056-01-04', 1),
	('2056-01-05', 1),
	('2056-01-06', 1),
	('2056-01-07', 1),
	('2056-01-08', 0),
	('2056-01-09', 0),
	('2056-01-10', 1),
	('2056-01-11', 1),
	('2056-01-12', 1),
	('2056-01-13', 1),
	('2056-01-14', 1),
	('2056-01-15', 0),
	('2056-01-16', 0),
	('2056-01-17', 1),
	('2056-01-18', 1),
	('2056-01-19', 1),
	('2056-01-20', 1),
	('2056-01-21', 1),
	('2056-01-22', 0),
	('2056-01-23', 0),
	('2056-01-24', 1),
	('2056-01-25', 1),
	('2056-01-26', 1),
	('2056-01-27', 1),
	('2056-01-28', 1),
	('2056-01-29', 0),
	('2056-01-30', 0),
	('2056-01-31', 1),
	('2056-02-01', 1),
	('2056-02-02', 1),
	('2056-02-03', 1),
	('2056-02-04', 1),
	('2056-02-05', 0),
	('2056-02-06', 0),
	('2056-02-07', 1),
	('2056-02-08', 1),
	('2056-02-09', 1),
	('2056-02-10', 1),
	('2056-02-11', 1),
	('2056-02-12', 0),
	('2056-02-13', 0),
	('2056-02-14', 1),
	('2056-02-15', 1),
	('2056-02-16', 1),
	('2056-02-17', 1),
	('2056-02-18', 1),
	('2056-02-19', 0),
	('2056-02-20', 0),
	('2056-02-21', 1),
	('2056-02-22', 1),
	('2056-02-23', 1),
	('2056-02-24', 1),
	('2056-02-25', 1),
	('2056-02-26', 0),
	('2056-02-27', 0),
	('2056-02-28', 1),
	('2056-02-29', 1),
	('2056-03-01', 1),
	('2056-03-02', 1),
	('2056-03-03', 1),
	('2056-03-04', 0),
	('2056-03-05', 0),
	('2056-03-06', 1),
	('2056-03-07', 1),
	('2056-03-08', 1),
	('2056-03-09', 1),
	('2056-03-10', 1),
	('2056-03-11', 0),
	('2056-03-12', 0),
	('2056-03-13', 1),
	('2056-03-14', 1),
	('2056-03-15', 1),
	('2056-03-16', 1),
	('2056-03-17', 1),
	('2056-03-18', 0),
	('2056-03-19', 0),
	('2056-03-20', 1),
	('2056-03-21', 1),
	('2056-03-22', 1),
	('2056-03-23', 1),
	('2056-03-24', 1),
	('2056-03-25', 0),
	('2056-03-26', 0),
	('2056-03-27', 1),
	('2056-03-28', 1),
	('2056-03-29', 1),
	('2056-03-30', 1),
	('2056-03-31', 1),
	('2056-04-01', 0),
	('2056-04-02', 0),
	('2056-04-03', 1),
	('2056-04-04', 1),
	('2056-04-05', 1),
	('2056-04-06', 1),
	('2056-04-07', 1),
	('2056-04-08', 0),
	('2056-04-09', 0),
	('2056-04-10', 1),
	('2056-04-11', 1),
	('2056-04-12', 1),
	('2056-04-13', 1),
	('2056-04-14', 1),
	('2056-04-15', 0),
	('2056-04-16', 0),
	('2056-04-17', 1),
	('2056-04-18', 1),
	('2056-04-19', 1),
	('2056-04-20', 1),
	('2056-04-21', 1),
	('2056-04-22', 0),
	('2056-04-23', 0),
	('2056-04-24', 1),
	('2056-04-25', 1),
	('2056-04-26', 1),
	('2056-04-27', 1),
	('2056-04-28', 1),
	('2056-04-29', 0),
	('2056-04-30', 0);

-- Copiando estrutura para tabela sistema_advocacia.configuracoes_escritorio
DROP TABLE IF EXISTS `configuracoes_escritorio`;
CREATE TABLE IF NOT EXISTS `configuracoes_escritorio` (
  `id` int NOT NULL AUTO_INCREMENT,
  `nome` varchar(200) NOT NULL,
  `cnpj_cpf` varchar(20) DEFAULT NULL,
  `email` varchar(150) DEFAULT NULL,
  `telefone` varchar(20) DEFAULT NULL,
  `cep` varchar(9) DEFAULT NULL,
  `logradouro` varchar(200) DEFAULT NULL,
  `numero` varchar(20) DEFAULT NULL,
  `bairro` varchar(100) DEFAULT NULL,
  `cidade` varchar(100) DEFAULT NULL,
  `estado` varchar(2) DEFAULT NULL,
  `logo_path` varchar(300) DEFAULT NULL,
  `cor_principal` varchar(7) DEFAULT '#1a56db',
  `horario_alerta_prazos` time DEFAULT '18:00:00',
  `dias_alerta_audiencia` int DEFAULT '3',
  `dias_alerta_pericia` int DEFAULT '2',
  `dias_sem_movimentacao` int DEFAULT '30',
  `dias_audiencia_sem_adv` int DEFAULT '7',
  `setup_concluido` tinyint(1) DEFAULT '0',
  `criado_em` datetime DEFAULT CURRENT_TIMESTAMP,
  `alerta_atrasado_ativo` tinyint(1) DEFAULT '1',
  `alerta_emails` text,
  `prazo_fazendo_timeout` int NOT NULL DEFAULT '60',
  `titulo_aba` varchar(100) DEFAULT NULL COMMENT 'Título exibido na aba do navegador',
  `alerta_pendentes_enviado` date DEFAULT NULL,
  `alerta_atrasados_enviado` date DEFAULT NULL,
  PRIMARY KEY (`id`)
) ENGINE=InnoDB AUTO_INCREMENT=2 DEFAULT CHARSET=utf8mb4 COLLATE=utf8mb4_0900_ai_ci;

-- Copiando dados para a tabela sistema_advocacia.configuracoes_escritorio: ~1 rows (aproximadamente)
INSERT INTO `configuracoes_escritorio` (`id`, `nome`, `cnpj_cpf`, `email`, `telefone`, `cep`, `logradouro`, `numero`, `bairro`, `cidade`, `estado`, `logo_path`, `cor_principal`, `horario_alerta_prazos`, `dias_alerta_audiencia`, `dias_alerta_pericia`, `dias_sem_movimentacao`, `dias_audiencia_sem_adv`, `setup_concluido`, `criado_em`, `alerta_atrasado_ativo`, `alerta_emails`, `prazo_fazendo_timeout`, `titulo_aba`, `alerta_pendentes_enviado`, `alerta_atrasados_enviado`) VALUES
	(1, 'Dr. Antonio Ferreira da Costa', '866.204.449-20', 'contato@antonio.adv.br', '654654654', '03818-030', 'Rua Lagoa D\'anta', '70', 'Parque Císper', 'São Paulo', 'SP', NULL, '#1a56db', '10:00:00', 3, 2, 30, 7, 1, '2026-05-23 00:58:18', 1, 'visaoecultura@gmail.com, ednasvlr@gmail.com', 60, NULL, '2026-06-12', '2026-06-12');

-- Copiando estrutura para tabela sistema_advocacia.configuracoes_integracoes
DROP TABLE IF EXISTS `configuracoes_integracoes`;
CREATE TABLE IF NOT EXISTS `configuracoes_integracoes` (
  `id` int NOT NULL AUTO_INCREMENT,
  `modulo` varchar(50) NOT NULL,
  `ativo` tinyint(1) DEFAULT '0',
  `configuracoes` json DEFAULT NULL,
  `atualizado_em` datetime DEFAULT CURRENT_TIMESTAMP,
  PRIMARY KEY (`id`)
) ENGINE=InnoDB AUTO_INCREMENT=5 DEFAULT CHARSET=utf8mb4 COLLATE=utf8mb4_0900_ai_ci;

-- Copiando dados para a tabela sistema_advocacia.configuracoes_integracoes: ~4 rows (aproximadamente)
INSERT INTO `configuracoes_integracoes` (`id`, `modulo`, `ativo`, `configuracoes`, `atualizado_em`) VALUES
	(1, 'whatsapp_zapi', 0, NULL, '2026-05-23 00:58:29'),
	(2, 'email_smtp', 0, NULL, '2026-05-23 00:58:29'),
	(3, 'aasp', 0, NULL, '2026-05-23 01:07:15'),
	(4, 'cnj_datajud', 0, NULL, '2026-05-23 00:58:29');

-- Copiando estrutura para tabela sistema_advocacia.conta_corrente_pasta
DROP TABLE IF EXISTS `conta_corrente_pasta`;
CREATE TABLE IF NOT EXISTS `conta_corrente_pasta` (
  `id` int NOT NULL AUTO_INCREMENT,
  `pasta_id` int NOT NULL,
  `data` date NOT NULL,
  `descricao` varchar(300) NOT NULL,
  `valor` decimal(15,2) NOT NULL,
  `tipo` varchar(20) DEFAULT 'credito',
  `usuario_id` int NOT NULL,
  `criado_em` datetime DEFAULT CURRENT_TIMESTAMP,
  PRIMARY KEY (`id`),
  KEY `pasta_id` (`pasta_id`),
  KEY `usuario_id` (`usuario_id`),
  CONSTRAINT `conta_corrente_pasta_ibfk_2` FOREIGN KEY (`usuario_id`) REFERENCES `usuarios` (`id`),
  CONSTRAINT `fk_contacorrente_tblpasta` FOREIGN KEY (`pasta_id`) REFERENCES `tblpasta` (`id`)
) ENGINE=InnoDB DEFAULT CHARSET=utf8mb4 COLLATE=utf8mb4_0900_ai_ci;

-- Copiando dados para a tabela sistema_advocacia.conta_corrente_pasta: ~0 rows (aproximadamente)

-- Copiando estrutura para tabela sistema_advocacia.emails_pf
DROP TABLE IF EXISTS `emails_pf`;
CREATE TABLE IF NOT EXISTS `emails_pf` (
  `id` int NOT NULL AUTO_INCREMENT,
  `pessoa_id` int NOT NULL,
  `email` varchar(150) NOT NULL,
  `principal` tinyint(1) DEFAULT '0',
  `ativo` tinyint(1) DEFAULT '1',
  `criado_em` datetime DEFAULT CURRENT_TIMESTAMP,
  PRIMARY KEY (`id`),
  KEY `pessoa_id` (`pessoa_id`),
  CONSTRAINT `emails_pf_ibfk_1` FOREIGN KEY (`pessoa_id`) REFERENCES `pessoas_fisicas` (`id`) ON DELETE CASCADE
) ENGINE=InnoDB AUTO_INCREMENT=7 DEFAULT CHARSET=utf8mb4 COLLATE=utf8mb4_0900_ai_ci;

-- Copiando dados para a tabela sistema_advocacia.emails_pf: ~4 rows (aproximadamente)
INSERT INTO `emails_pf` (`id`, `pessoa_id`, `email`, `principal`, `ativo`, `criado_em`) VALUES
	(3, 2, 'visaoecultura@gmail.com', 1, 1, '2026-05-25 19:21:08'),
	(4, 3, 'erick@terra.com.br', 1, 1, '2026-05-25 20:35:50'),
	(5, 4, 'claudio@antonio.adv.br', 1, 1, '2026-05-26 09:12:50'),
	(6, 5, 'contato@antonio.adv.br', 1, 1, '2026-05-26 13:39:41');

-- Copiando estrutura para tabela sistema_advocacia.emails_pj
DROP TABLE IF EXISTS `emails_pj`;
CREATE TABLE IF NOT EXISTS `emails_pj` (
  `id` int NOT NULL AUTO_INCREMENT,
  `pessoa_id` int NOT NULL,
  `email` varchar(150) NOT NULL,
  `principal` tinyint(1) DEFAULT '0',
  `ativo` tinyint(1) DEFAULT '1',
  `criado_em` datetime DEFAULT CURRENT_TIMESTAMP,
  PRIMARY KEY (`id`),
  KEY `pessoa_id` (`pessoa_id`),
  CONSTRAINT `emails_pj_ibfk_1` FOREIGN KEY (`pessoa_id`) REFERENCES `pessoas_juridicas` (`id`) ON DELETE CASCADE
) ENGINE=InnoDB DEFAULT CHARSET=utf8mb4 COLLATE=utf8mb4_0900_ai_ci;

-- Copiando dados para a tabela sistema_advocacia.emails_pj: ~0 rows (aproximadamente)

-- Copiando estrutura para tabela sistema_advocacia.estado_civil
DROP TABLE IF EXISTS `estado_civil`;
CREATE TABLE IF NOT EXISTS `estado_civil` (
  `id` int NOT NULL AUTO_INCREMENT,
  `nome` varchar(50) NOT NULL,
  PRIMARY KEY (`id`)
) ENGINE=InnoDB AUTO_INCREMENT=9 DEFAULT CHARSET=utf8mb4 COLLATE=utf8mb4_0900_ai_ci;

-- Copiando dados para a tabela sistema_advocacia.estado_civil: ~7 rows (aproximadamente)
INSERT INTO `estado_civil` (`id`, `nome`) VALUES
	(1, 'Solteiro(a)'),
	(2, 'Casado(a)'),
	(3, 'Divorciado(a)'),
	(4, 'Viúvo(a)'),
	(5, 'União Estável'),
	(6, 'Separado(a)'),
	(7, 'Desquitado(a)');

-- Copiando estrutura para tabela sistema_advocacia.feriados
DROP TABLE IF EXISTS `feriados`;
CREATE TABLE IF NOT EXISTS `feriados` (
  `id` int NOT NULL AUTO_INCREMENT,
  `data` date NOT NULL,
  `descricao` varchar(200) NOT NULL,
  `tipo` varchar(30) DEFAULT 'nacional',
  `criado_em` datetime DEFAULT CURRENT_TIMESTAMP,
  `criado_por` int DEFAULT NULL,
  PRIMARY KEY (`id`),
  KEY `fk_feriados_criado_por` (`criado_por`),
  CONSTRAINT `fk_feriados_criado_por` FOREIGN KEY (`criado_por`) REFERENCES `usuarios` (`id`) ON DELETE SET NULL
) ENGINE=InnoDB AUTO_INCREMENT=3 DEFAULT CHARSET=utf8mb4 COLLATE=utf8mb4_0900_ai_ci;

-- Copiando dados para a tabela sistema_advocacia.feriados: ~0 rows (aproximadamente)
INSERT INTO `feriados` (`id`, `data`, `descricao`, `tipo`, `criado_em`, `criado_por`) VALUES
	(2, '2026-06-04', 'Corpus Christi', 'nacional', '2026-05-29 23:42:17', 2);

-- Copiando estrutura para tabela sistema_advocacia.genero
DROP TABLE IF EXISTS `genero`;
CREATE TABLE IF NOT EXISTS `genero` (
  `id` int NOT NULL AUTO_INCREMENT,
  `nome` varchar(50) NOT NULL,
  PRIMARY KEY (`id`)
) ENGINE=InnoDB AUTO_INCREMENT=6 DEFAULT CHARSET=utf8mb4 COLLATE=utf8mb4_0900_ai_ci;

-- Copiando dados para a tabela sistema_advocacia.genero: ~4 rows (aproximadamente)
INSERT INTO `genero` (`id`, `nome`) VALUES
	(1, 'Masculino'),
	(2, 'Feminino'),
	(3, 'Não informado'),
	(4, 'Outro');

-- Copiando estrutura para tabela sistema_advocacia.historico_atendimento
DROP TABLE IF EXISTS `historico_atendimento`;
CREATE TABLE IF NOT EXISTS `historico_atendimento` (
  `id` int NOT NULL AUTO_INCREMENT,
  `tipo_pessoa` varchar(20) DEFAULT 'fisica',
  `pessoa_id` int NOT NULL,
  `descricao` text NOT NULL,
  `usuario_id` int NOT NULL,
  `criado_em` datetime DEFAULT CURRENT_TIMESTAMP,
  PRIMARY KEY (`id`),
  KEY `usuario_id` (`usuario_id`),
  CONSTRAINT `historico_atendimento_ibfk_1` FOREIGN KEY (`usuario_id`) REFERENCES `usuarios` (`id`)
) ENGINE=InnoDB DEFAULT CHARSET=utf8mb4 COLLATE=utf8mb4_0900_ai_ci;

-- Copiando dados para a tabela sistema_advocacia.historico_atendimento: ~0 rows (aproximadamente)

-- Copiando estrutura para tabela sistema_advocacia.honorarios
DROP TABLE IF EXISTS `honorarios`;
CREATE TABLE IF NOT EXISTS `honorarios` (
  `id` int NOT NULL AUTO_INCREMENT,
  `pasta_id` int NOT NULL,
  `tipo` varchar(30) DEFAULT 'fixo',
  `percentual` decimal(5,2) DEFAULT NULL,
  `valor_fixo` decimal(15,2) DEFAULT NULL,
  `observacoes` text,
  `criado_em` datetime DEFAULT CURRENT_TIMESTAMP,
  PRIMARY KEY (`id`),
  KEY `idx_pasta_id` (`pasta_id`),
  CONSTRAINT `fk_honorarios_tblpasta` FOREIGN KEY (`pasta_id`) REFERENCES `tblpasta` (`id`)
) ENGINE=InnoDB DEFAULT CHARSET=utf8mb4 COLLATE=utf8mb4_0900_ai_ci;

-- Copiando dados para a tabela sistema_advocacia.honorarios: ~0 rows (aproximadamente)

-- Copiando estrutura para tabela sistema_advocacia.logs_auditoria
DROP TABLE IF EXISTS `logs_auditoria`;
CREATE TABLE IF NOT EXISTS `logs_auditoria` (
  `id` int NOT NULL AUTO_INCREMENT,
  `usuario_id` int DEFAULT NULL,
  `tabela` varchar(50) NOT NULL,
  `acao` varchar(20) NOT NULL,
  `registro_id` int DEFAULT NULL,
  `dados_antigos` json DEFAULT NULL,
  `dados_novos` json DEFAULT NULL,
  `criado_em` datetime DEFAULT CURRENT_TIMESTAMP,
  PRIMARY KEY (`id`),
  KEY `idx_tabela` (`tabela`),
  KEY `idx_usuario` (`usuario_id`),
  KEY `idx_data` (`criado_em`),
  KEY `idx_usuario_data` (`usuario_id`,`criado_em`)
) ENGINE=InnoDB AUTO_INCREMENT=120 DEFAULT CHARSET=utf8mb4 COLLATE=utf8mb4_0900_ai_ci;

-- Copiando dados para a tabela sistema_advocacia.logs_auditoria: ~119 rows (aproximadamente)
INSERT INTO `logs_auditoria` (`id`, `usuario_id`, `tabela`, `acao`, `registro_id`, `dados_antigos`, `dados_novos`, `criado_em`) VALUES
	(1, 1, 'usuarios', 'criar', 2, NULL, NULL, '2026-05-23 01:06:19'),
	(2, 1, 'usuarios', 'editar', 2, NULL, NULL, '2026-05-23 10:25:38'),
	(3, 1, 'usuarios', 'criar', 3, NULL, NULL, '2026-05-23 10:35:04'),
	(4, 1, 'usuarios', 'editar', 2, NULL, NULL, '2026-05-23 10:37:09'),
	(5, 2, 'pessoas_fisicas', 'criar', 1, NULL, NULL, '2026-05-25 19:19:30'),
	(6, 2, 'pessoas_fisicas', 'criar', 2, NULL, NULL, '2026-05-25 19:21:08'),
	(7, 2, 'pessoas_fisicas', 'editar', 2, '{"id": 2, "rg": null, "cep": "03818-030", "cpf": "25570626859", "nome": "CLAUDENOR DE LIMA RIBEIRO", "ativo": 1, "bairro": "PARQUE CISPER", "cidade": "SAO PAULO", "estado": "SP", "numero": "70", "criado_em": "2026-05-25T22:21:08.000Z", "foto_path": null, "genero_id": 5, "criado_por": 2, "logradouro": "RUA LAGOA D\'ANTA", "complemento": null, "observacoes": null, "profissao_id": 6, "data_nascimento": "1972-03-27T03:00:00.000Z", "estado_civil_id": 7}', NULL, '2026-05-25 19:27:26'),
	(8, 2, 'pessoas_fisicas', 'editar', 2, '{"id": 2, "rg": null, "cep": "03818-030", "cpf": "25570626859", "nome": "edna silva vieira de lima ribeiro", "ativo": 1, "bairro": "PARQUE CISPER", "cidade": "SAO PAULO", "estado": "SP", "numero": "70", "rg_orgao": null, "criado_em": "2026-05-25T22:21:08.000Z", "foto_path": null, "genero_id": 5, "criado_por": 2, "logradouro": "RUA LAGOA D\'ANTA", "complemento": null, "observacoes": null, "profissao_id": 6, "data_nascimento": "1972-03-27T03:00:00.000Z", "estado_civil_id": 7}', NULL, '2026-05-25 19:57:35'),
	(9, 2, 'pessoas_fisicas', 'criar', 3, NULL, NULL, '2026-05-25 20:35:50'),
	(10, 2, 'pessoas_fisicas', 'editar', 1, '{"id": 1, "rg": "23390.098-6", "cep": "03820-200", "cpf": "13667952880", "pis": null, "nome": "claudio de lima", "ativo": 1, "bairro": "Vila Sílvia", "cidade": "São Paulo", "estado": "SP", "numero": "2", "rg_orgao": null, "criado_em": "2026-05-25T22:19:30.000Z", "foto_path": null, "genero_id": 5, "criado_por": 2, "ctps_serie": null, "logradouro": "Rua Ibirajuba", "complemento": "apto 22, bloco F3", "ctps_numero": null, "observacoes": "náo tenho nada a declarar aqui nas observa;óes", "profissao_id": 16, "data_nascimento": "1972-03-27T03:00:00.000Z", "estado_civil_id": 8}', NULL, '2026-05-25 20:49:42'),
	(11, 2, 'pessoas_fisicas', 'excluir', 1, NULL, NULL, '2026-05-25 20:49:58'),
	(12, 2, 'pessoas_juridicas', 'criar', 1, NULL, NULL, '2026-05-25 22:03:40'),
	(13, 2, 'pessoas_juridicas', 'excluir', 1, NULL, NULL, '2026-05-25 22:03:49'),
	(14, 2, 'pessoas_fisicas', 'criar', 4, NULL, NULL, '2026-05-26 09:12:50'),
	(15, 2, 'pessoas_juridicas', 'criar', 1, NULL, NULL, '2026-05-26 09:14:43'),
	(16, 2, 'tblProc', 'criar', 1, NULL, NULL, '2026-05-26 09:16:59'),
	(17, 2, 'tblProc', 'criar', 2, NULL, NULL, '2026-05-26 10:42:52'),
	(18, 2, 'tblProc', 'editar', 1, '{"id": 1, "ativo": 1, "numProc": "1002594-76.2024.5.02.0606", "tipo_id": 1, "vara_id": null, "pasta_id": 1, "criado_em": "2026-05-26T12:16:59.000Z", "status_id": 1, "criado_por": 2, "alterado_em": null, "observacoes": null, "alterado_por": null, "instancia_id": 1, "NomeTituloProc": "Edna Silva Vieira de Lima Ribeiro(+1) X Flex Gestão de Relacionamentos", "data_distribuicao": null}', NULL, '2026-05-26 11:01:20'),
	(19, 2, 'tblProc', 'editar', 2, '{"id": 2, "ativo": 1, "numProc": "1002958-53.2025.5.02.0205", "tipo_id": 2, "vara_id": null, "pasta_id": 1, "criado_em": "2026-05-26T13:42:52.000Z", "status_id": 6, "criado_por": 2, "alterado_em": null, "observacoes": null, "alterado_por": null, "instancia_id": 2, "NomeTituloProc": "Edna Silva Vieira de Lima Ribeiro(+1) X Flex Gestão de Relacionamentos", "data_distribuicao": null}', NULL, '2026-05-26 11:01:36'),
	(20, 2, 'pessoas_fisicas', 'criar', 5, NULL, NULL, '2026-05-26 13:39:41'),
	(21, 2, 'pessoas_juridicas', 'criar', 2, NULL, NULL, '2026-05-26 13:40:40'),
	(22, 2, 'tblTipoProc', 'excluir', 7, NULL, NULL, '2026-05-26 14:13:25'),
	(23, 2, 'tblProc', 'criar', 3, NULL, NULL, '2026-05-26 15:28:04'),
	(24, 2, 'tblProc', 'excluir', 3, NULL, NULL, '2026-05-26 15:33:55'),
	(25, 2, 'tblProc', 'criar', 4, NULL, NULL, '2026-05-26 15:45:49'),
	(26, 2, 'tblPasta', 'renumerar', 4, NULL, NULL, '2026-05-26 15:51:15'),
	(27, 2, 'tblProc', 'criar', 5, NULL, NULL, '2026-05-27 10:10:11'),
	(28, 2, 'tarefas', 'criar', 1, NULL, NULL, '2026-05-27 10:11:37'),
	(29, 2, 'tblPasta', 'renumerar', 4, NULL, NULL, '2026-05-27 13:08:52'),
	(30, 2, 'tblProc', 'criar', 6, NULL, NULL, '2026-05-27 14:39:05'),
	(31, 2, 'andamento_processual', 'criar', 2, NULL, NULL, '2026-05-29 13:08:38'),
	(32, 2, 'andamento_processual', 'editar', 2, '{"id": 2, "data": "2026-05-29", "criado_em": "2026-05-29 13:08:38", "descricao": "Cliente Ligou, Passei o Andamento", "criado_por": 2, "editado_em": null, "editado_por": null, "processo_id": 4}', NULL, '2026-05-29 13:15:37'),
	(33, 2, 'usuarios', 'editar', 3, NULL, NULL, '2026-05-29 13:16:27'),
	(34, 3, 'andamento_processual', 'editar', 2, '{"id": 2, "data": "2026-05-29", "criado_em": "2026-05-29 13:08:38", "descricao": "Cliente Ligou, Passei o Andamento 2", "criado_por": 2, "editado_em": "2026-05-29 13:15:37", "editado_por": 2, "processo_id": 4}', NULL, '2026-05-29 13:39:12'),
	(35, 3, 'andamento_processual', 'excluir', 2, '{"id": 2, "data": "2026-05-29", "criado_em": "2026-05-29 13:08:38", "descricao": "Cliente Ligou, Passei o Andamento 333", "criado_por": 2, "editado_em": "2026-05-29 13:39:12", "editado_por": 3, "processo_id": 4}', NULL, '2026-05-29 13:39:19'),
	(36, 3, 'andamento_processual', 'criar', 3, NULL, NULL, '2026-05-29 13:41:10'),
	(37, 3, 'andamento_processual', 'editar', 3, '{"id": 3, "data": "2026-05-29", "criado_em": "2026-05-29 13:41:10", "descricao": "Teste de Andamento", "criado_por": 3, "editado_em": null, "editado_por": null, "processo_id": 5}', NULL, '2026-05-29 13:43:00'),
	(38, 3, 'andamento_processual', 'excluir', 3, '{"id": 3, "data": "2026-05-29", "criado_em": "2026-05-29 13:41:10", "descricao": "Teste de Andamento Jkhjhgkjh", "criado_por": 3, "editado_em": "2026-05-29 13:43:00", "editado_por": 3, "processo_id": 5}', NULL, '2026-05-29 13:43:10'),
	(39, 2, 'usuarios', 'criar', 4, NULL, NULL, '2026-05-29 13:49:05'),
	(40, 4, 'andamento_processual', 'criar', 4, NULL, NULL, '2026-05-29 13:51:45'),
	(41, 4, 'andamento_processual', 'excluir', 4, '{"id": 4, "data": "2026-05-29", "criado_em": "2026-05-29 13:51:45", "descricao": "Andamento do Erick", "criado_por": 4, "editado_em": null, "editado_por": null, "processo_id": 5}', NULL, '2026-05-29 13:51:49'),
	(42, 4, 'andamento_processual', 'criar', 5, NULL, NULL, '2026-05-29 13:52:05'),
	(43, 3, 'andamento_processual', 'excluir', 5, '{"id": 5, "data": "2026-05-29", "criado_em": "2026-05-29 13:52:05", "descricao": "Andamento do Erick", "criado_por": 4, "editado_em": null, "editado_por": null, "processo_id": 5}', NULL, '2026-05-29 13:52:25'),
	(44, 4, 'andamento_processual', 'criar', 6, NULL, NULL, '2026-05-29 14:26:27'),
	(45, 4, 'andamento_processual', 'editar', 6, '{"id": 6, "data": "2026-05-29", "criado_em": "2026-05-29 14:26:27", "descricao": "Teste Erick", "criado_por": 4, "editado_em": null, "editado_por": null, "processo_id": 5}', NULL, '2026-05-29 14:26:44'),
	(46, 3, 'andamento_processual', 'editar', 6, '{"id": 6, "data": "2026-05-29", "criado_em": "2026-05-29 14:26:27", "descricao": "Teste Erick e Edna", "criado_por": 4, "editado_em": "2026-05-29 14:26:44", "editado_por": 4, "processo_id": 5}', NULL, '2026-05-29 14:27:54'),
	(47, 3, 'andamento_processual', 'editar', 6, '{"id": 6, "data": "2026-05-29", "criado_em": "2026-05-29 14:26:27", "descricao": "Teste Erick e Edna e Claudio", "criado_por": 4, "editado_em": "2026-05-29 14:27:54", "editado_por": 3, "processo_id": 5}', NULL, '2026-05-29 14:28:01'),
	(48, 3, 'andamento_processual', 'editar', 6, '{"id": 6, "data": "2026-05-29", "criado_em": "2026-05-29 14:26:27", "descricao": "Teste Erick e Edna e Claudio", "criado_por": 4, "editado_em": "2026-05-29 14:28:01", "editado_por": 3, "processo_id": 5}', NULL, '2026-05-29 14:28:25'),
	(49, 2, 'andamento_processual', 'criar', 7, NULL, NULL, '2026-05-29 14:33:23'),
	(50, 2, 'tblProc', 'criar', 7, NULL, NULL, '2026-05-29 14:49:39'),
	(51, 2, 'tblProc', 'editar', 5, '{"id": 5, "ativo": 1, "numProc": "6546546-54.6546.5.46.5465", "tipo_id": 5, "vara_id": 1, "pasta_id": 4, "criado_em": "2026-05-27 10:10:11", "status_id": 4, "criado_por": 2, "alterado_em": null, "observacoes": null, "alterado_por": null, "instancia_id": 2, "NomeTituloProc": "Adelaide Camilo de Carvalho X Via Varejo S/a", "data_distribuicao": null}', NULL, '2026-05-29 14:57:24'),
	(52, 2, 'tblProc', 'editar', 6, '{"id": 6, "ativo": 1, "numProc": "1000501-60.2026.5.02.0610", "tipo_id": 1, "vara_id": 309, "pasta_id": 6, "criado_em": "2026-05-27 14:39:05", "status_id": 7, "criado_por": 2, "alterado_em": null, "observacoes": null, "alterado_por": null, "instancia_id": 1, "NomeTituloProc": "Claudenor de Lima Ribeiro(+3) X Via Varejo S/a", "data_distribuicao": null}', NULL, '2026-05-29 21:06:54'),
	(53, 2, 'usuarios', 'criar', 5, NULL, NULL, '2026-05-30 00:29:53'),
	(54, 2, 'prazos_processo', 'criar', 1, NULL, NULL, '2026-05-30 00:30:55'),
	(55, 2, 'prazos_processo', 'editar', 1, NULL, NULL, '2026-05-30 00:46:25'),
	(56, 2, 'prazos_processo', 'editar', 1, NULL, NULL, '2026-05-30 00:46:38'),
	(57, 4, 'prazos_processo', 'editar', 1, NULL, NULL, '2026-05-30 00:49:13'),
	(58, 4, 'prazos_processo', 'editar', 1, NULL, NULL, '2026-05-30 00:49:42'),
	(59, 4, 'prazos_processo', 'editar', 1, NULL, NULL, '2026-05-30 00:50:23'),
	(60, 4, 'prazos_processo', 'editar', 1, NULL, NULL, '2026-05-30 00:51:35'),
	(61, 4, 'prazos_processo', 'editar', 1, NULL, NULL, '2026-05-30 00:52:10'),
	(62, 2, 'prazos_processo', 'criar', 2, NULL, NULL, '2026-05-30 08:04:29'),
	(63, 2, 'prazos_processo', 'criar', 3, NULL, NULL, '2026-05-30 09:28:33'),
	(64, 2, 'usuarios', 'editar', 5, NULL, NULL, '2026-05-30 21:02:30'),
	(65, 2, 'usuarios', 'editar', 3, NULL, NULL, '2026-05-30 21:02:51'),
	(66, 2, 'prazos_processo', 'criar', 4, NULL, NULL, '2026-05-30 23:40:20'),
	(67, 3, 'prazos_processo', 'criar', 5, NULL, NULL, '2026-05-31 00:06:59'),
	(68, 3, 'tblProc', 'criar', 8, NULL, NULL, '2026-05-31 12:16:07'),
	(69, 3, 'prazos_processo', 'criar', 6, NULL, NULL, '2026-05-31 12:16:41'),
	(70, 2, 'prazos_processo', 'criar', 7, NULL, NULL, '2026-05-31 12:50:24'),
	(71, 2, 'prazos_processo', 'criar', 8, NULL, NULL, '2026-05-31 12:50:41'),
	(72, 2, 'prazos_processo', 'editar', 7, NULL, NULL, '2026-05-31 13:01:23'),
	(73, 2, 'prazos_processo', 'editar', 8, NULL, NULL, '2026-05-31 13:01:47'),
	(74, 2, 'tarefas', 'criar', 2, NULL, NULL, '2026-06-01 14:56:49'),
	(75, 3, 'tarefas', 'criar', 3, NULL, NULL, '2026-06-01 15:06:19'),
	(76, 2, 'tarefas', 'criar', 4, NULL, NULL, '2026-06-01 15:24:18'),
	(77, 2, 'tarefas', 'excluir', 4, NULL, NULL, '2026-06-01 15:41:04'),
	(78, 2, 'tarefas', 'criar', 5, NULL, NULL, '2026-06-02 09:32:51'),
	(79, 4, 'tarefas', 'criar', 6, NULL, NULL, '2026-06-02 09:49:07'),
	(80, 2, 'tarefas', 'criar', 7, NULL, NULL, '2026-06-03 14:58:14'),
	(81, 2, 'audiencia', 'criar', 1, NULL, NULL, '2026-06-08 15:33:37'),
	(82, 2, 'audiencia', 'criar', 2, NULL, NULL, '2026-06-08 15:47:52'),
	(83, 2, 'audiencia', 'criar', 3, NULL, NULL, '2026-06-08 16:11:31'),
	(84, 2, 'usuarios', 'editar', 3, NULL, NULL, '2026-06-08 16:16:10'),
	(85, 2, 'audiencia', 'criar', 4, NULL, NULL, '2026-06-08 16:17:15'),
	(86, 2, 'usuarios', 'editar', 3, NULL, NULL, '2026-06-08 16:22:21'),
	(87, 2, 'usuarios', 'editar', 3, NULL, NULL, '2026-06-08 16:34:08'),
	(88, 2, 'usuarios', 'editar', 4, NULL, NULL, '2026-06-08 16:34:18'),
	(89, 2, 'usuarios', 'editar', 5, NULL, NULL, '2026-06-08 16:34:28'),
	(90, 2, 'tblProc', 'editar', 7, '{"id": 7, "ativo": 1, "numProc": "1111111-11.1111.1.11.1111", "tipo_id": 5, "vara_id": 1, "pasta_id": 7, "criado_em": "2026-05-29 14:49:39", "status_id": 1, "criado_por": 2, "alterado_em": null, "observacoes": null, "alterado_por": null, "instancia_id": 1, "NomeTituloProc": "Claudenor de Lima Ribeiro X Via Varejo S/a", "data_distribuicao": null}', NULL, '2026-06-09 10:25:41'),
	(91, 2, 'tblProc', 'editar', 5, '{"id": 5, "ativo": 1, "numProc": "2222222-22.2222.2.22.2222", "tipo_id": 5, "vara_id": 1, "pasta_id": 4, "criado_em": "2026-05-27 10:10:11", "status_id": 4, "criado_por": 2, "alterado_em": "2026-05-29 14:57:24", "observacoes": null, "alterado_por": 2, "instancia_id": 2, "NomeTituloProc": "Adelaide Camilo de Carvalho X Via Varejo S/a", "data_distribuicao": null}', NULL, '2026-06-09 10:26:01'),
	(92, 2, 'tblProc', 'editar', 4, '{"id": 4, "ativo": 1, "numProc": "1002594-76.2024.5.02.0001", "tipo_id": 3, "vara_id": 1, "pasta_id": 4, "criado_em": "2026-05-26 15:45:49", "status_id": 1, "criado_por": 2, "alterado_em": null, "observacoes": null, "alterado_por": null, "instancia_id": 2, "NomeTituloProc": "Adelaide Camilo de Carvalho X Via Varejo S/a", "data_distribuicao": null}', NULL, '2026-06-09 10:26:10'),
	(93, 2, 'tblVara', 'excluir', 1, NULL, NULL, '2026-06-09 10:27:23'),
	(94, 2, 'tblForum', 'excluir', 1, NULL, NULL, '2026-06-09 10:51:46'),
	(95, 2, 'tblProc', 'editar', 6, '{"id": 6, "ativo": 1, "numProc": "3333333-33.3333.3.33.3333", "tipo_id": 1, "vara_id": 309, "pasta_id": 6, "criado_em": "2026-05-27 14:39:05", "status_id": 7, "criado_por": 2, "alterado_em": "2026-05-29 21:06:54", "observacoes": null, "alterado_por": 2, "instancia_id": 1, "NomeTituloProc": "Claudenor de Lima Ribeiro(+3) X Via Varejo S/a", "data_distribuicao": null}', NULL, '2026-06-09 11:01:24'),
	(96, 2, 'pessoas_fisicas', 'editar', 4, '{"id": 4, "rg": "23.390.098-6", "cep": "03820-200", "cpf": "13667952880", "pis": "654654654654654", "nome": "Claudenor de Lima Ribeiro", "ativo": 1, "bairro": "Vila Sílvia", "cidade": "São Paulo", "estado": "SP", "numero": "2", "nome_mae": "Leonor Maria de Lima Ribeiro", "nome_pai": "Jesuino Batista Ribeiro", "rg_orgao": "ssp/sp", "criado_em": "2026-05-26 09:12:50", "foto_path": null, "genero_id": 1, "criado_por": 2, "ctps_serie": null, "logradouro": "Rua Ibirajuba", "alterado_em": null, "complemento": "Apto 22, Bloco F-3", "ctps_numero": "Digital", "observacoes": "Teste de Observações", "alterado_por": null, "profissao_id": 1, "data_nascimento": "1972-03-27", "estado_civil_id": 2}', NULL, '2026-06-09 12:11:32'),
	(97, 2, 'audiencia', 'criar', 5, NULL, NULL, '2026-06-09 13:25:42'),
	(98, 2, 'audiencia', 'criar', 6, NULL, NULL, '2026-06-09 13:41:40'),
	(99, 2, 'usuarios', 'editar', 2, NULL, NULL, '2026-06-09 20:06:36'),
	(100, 2, 'usuarios', 'editar', 2, NULL, NULL, '2026-06-09 20:12:41'),
	(101, 2, 'audiencia', 'criar', 10, NULL, NULL, '2026-06-09 20:19:54'),
	(102, 1, 'usuarios', 'editar', 2, NULL, NULL, '2026-06-09 20:21:04'),
	(103, 1, 'usuarios', 'editar', 2, NULL, NULL, '2026-06-09 20:21:12'),
	(104, 1, 'usuarios', 'editar', 2, NULL, NULL, '2026-06-09 20:26:42'),
	(105, 2, 'audiencia', 'criar', 11, NULL, NULL, '2026-06-09 20:34:00'),
	(106, 2, 'pessoas_fisicas', 'criar', 6, NULL, NULL, '2026-06-09 22:52:14'),
	(107, 2, 'audiencia', 'criar', 12, NULL, NULL, '2026-06-10 09:35:42'),
	(108, 2, 'audiencia', 'criar', 13, NULL, NULL, '2026-06-10 10:00:46'),
	(109, 2, 'usuarios', 'criar', 6, NULL, NULL, '2026-06-11 09:11:43'),
	(110, 2, 'usuarios', 'editar', 6, NULL, NULL, '2026-06-11 09:32:00'),
	(111, 2, 'usuarios', 'editar', 6, NULL, NULL, '2026-06-11 09:32:20'),
	(112, 2, 'usuarios', 'editar', 6, NULL, NULL, '2026-06-11 09:32:34'),
	(113, 2, 'usuarios', 'editar', 2, NULL, NULL, '2026-06-11 09:33:10'),
	(114, 2, 'usuarios', 'editar', 3, NULL, NULL, '2026-06-11 09:33:25'),
	(115, 2, 'usuarios', 'editar', 4, NULL, NULL, '2026-06-11 09:33:42'),
	(116, 2, 'usuarios', 'editar', 5, NULL, NULL, '2026-06-11 09:33:54'),
	(117, 2, 'usuarios', 'criar', 7, NULL, NULL, '2026-06-11 09:35:10'),
	(118, 2, 'usuarios', 'criar', 8, NULL, NULL, '2026-06-11 10:48:42'),
	(119, 2, 'audiencia', 'criar', 14, NULL, NULL, '2026-06-11 16:20:54');

-- Copiando estrutura para tabela sistema_advocacia.log_comunicacoes
DROP TABLE IF EXISTS `log_comunicacoes`;
CREATE TABLE IF NOT EXISTS `log_comunicacoes` (
  `id` int NOT NULL AUTO_INCREMENT,
  `canal` varchar(20) DEFAULT NULL,
  `destinatario` varchar(200) NOT NULL,
  `assunto` varchar(200) DEFAULT NULL,
  `conteudo` text,
  `enviado` tinyint(1) DEFAULT '0',
  `erro_msg` text,
  `tipo_pessoa` varchar(20) DEFAULT NULL,
  `pessoa_id` int DEFAULT NULL,
  `processo_id` int DEFAULT NULL,
  `usuario_id` int DEFAULT NULL,
  `enviado_em` datetime DEFAULT CURRENT_TIMESTAMP,
  PRIMARY KEY (`id`),
  KEY `processo_id` (`processo_id`),
  KEY `usuario_id` (`usuario_id`),
  CONSTRAINT `fk_logcomun_tblproc` FOREIGN KEY (`processo_id`) REFERENCES `tblproc` (`id`),
  CONSTRAINT `log_comunicacoes_ibfk_2` FOREIGN KEY (`usuario_id`) REFERENCES `usuarios` (`id`)
) ENGINE=InnoDB DEFAULT CHARSET=utf8mb4 COLLATE=utf8mb4_0900_ai_ci;

-- Copiando dados para a tabela sistema_advocacia.log_comunicacoes: ~0 rows (aproximadamente)

-- Copiando estrutura para tabela sistema_advocacia.log_documentos_gerados
DROP TABLE IF EXISTS `log_documentos_gerados`;
CREATE TABLE IF NOT EXISTS `log_documentos_gerados` (
  `id` int NOT NULL AUTO_INCREMENT,
  `modelo_id` int NOT NULL,
  `processo_id` int DEFAULT NULL,
  `pasta_id` int DEFAULT NULL,
  `formato` varchar(10) DEFAULT 'pdf',
  `usuario_id` int NOT NULL,
  `gerado_em` datetime DEFAULT CURRENT_TIMESTAMP,
  PRIMARY KEY (`id`),
  KEY `modelo_id` (`modelo_id`),
  KEY `processo_id` (`processo_id`),
  KEY `pasta_id` (`pasta_id`),
  KEY `usuario_id` (`usuario_id`),
  CONSTRAINT `fk_logdocs_tblpasta` FOREIGN KEY (`pasta_id`) REFERENCES `tblpasta` (`id`),
  CONSTRAINT `fk_logdocs_tblproc` FOREIGN KEY (`processo_id`) REFERENCES `tblproc` (`id`),
  CONSTRAINT `log_documentos_gerados_ibfk_1` FOREIGN KEY (`modelo_id`) REFERENCES `modelo_documento` (`id`),
  CONSTRAINT `log_documentos_gerados_ibfk_4` FOREIGN KEY (`usuario_id`) REFERENCES `usuarios` (`id`)
) ENGINE=InnoDB DEFAULT CHARSET=utf8mb4 COLLATE=utf8mb4_0900_ai_ci;

-- Copiando dados para a tabela sistema_advocacia.log_documentos_gerados: ~0 rows (aproximadamente)

-- Copiando estrutura para tabela sistema_advocacia.log_emails
DROP TABLE IF EXISTS `log_emails`;
CREATE TABLE IF NOT EXISTS `log_emails` (
  `id` int unsigned NOT NULL AUTO_INCREMENT,
  `enviado_em` datetime NOT NULL DEFAULT CURRENT_TIMESTAMP,
  `para` varchar(255) CHARACTER SET utf8mb4 COLLATE utf8mb4_unicode_ci NOT NULL,
  `assunto` varchar(255) CHARACTER SET utf8mb4 COLLATE utf8mb4_unicode_ci NOT NULL,
  `status` varchar(10) CHARACTER SET utf8mb4 COLLATE utf8mb4_unicode_ci NOT NULL,
  `erro` text CHARACTER SET utf8mb4 COLLATE utf8mb4_unicode_ci,
  PRIMARY KEY (`id`),
  KEY `idx_log_emails_enviado_em` (`enviado_em`),
  KEY `idx_log_emails_status` (`status`)
) ENGINE=InnoDB AUTO_INCREMENT=4 DEFAULT CHARSET=utf8mb4 COLLATE=utf8mb4_unicode_ci;

-- Copiando dados para a tabela sistema_advocacia.log_emails: ~3 rows (aproximadamente)
INSERT INTO `log_emails` (`id`, `enviado_em`, `para`, `assunto`, `status`, `erro`) VALUES
	(1, '2026-06-12 10:00:03', 'visaoecultura@gmail.com', 'PRAZO ATRASADO', 'falha', 'Invalid login: 535-5.7.8 Username and Password not accepted. For more information, go to\n535 5.7.8  https://support.google.com/mail/?p=BadCredentials af79cd13be357-9161a006426sm199020385a.22 - gsmtp'),
	(2, '2026-06-12 10:00:04', 'ednasvlr@gmail', 'PRAZO ATRASADO', 'falha', 'Invalid login: 535-5.7.8 Username and Password not accepted. For more information, go to\n535 5.7.8  https://support.google.com/mail/?p=BadCredentials 6a1803df08f44-8d3045781d9sm22652746d6.30 - gsmtp'),
	(3, '2026-06-12 10:00:05', '.com', 'PRAZO ATRASADO', 'falha', 'Invalid login: 535-5.7.8 Username and Password not accepted. For more information, go to\n535 5.7.8  https://support.google.com/mail/?p=BadCredentials 6a1803df08f44-8d304b58edesm21711506d6.37 - gsmtp');

-- Copiando estrutura para tabela sistema_advocacia.log_publicacoes
DROP TABLE IF EXISTS `log_publicacoes`;
CREATE TABLE IF NOT EXISTS `log_publicacoes` (
  `id` int NOT NULL AUTO_INCREMENT,
  `usuario_id` int NOT NULL,
  `quantidade` int NOT NULL,
  `data_publicacao` date DEFAULT NULL,
  `acao_em` datetime DEFAULT CURRENT_TIMESTAMP,
  PRIMARY KEY (`id`),
  KEY `usuario_id` (`usuario_id`),
  CONSTRAINT `log_publicacoes_ibfk_1` FOREIGN KEY (`usuario_id`) REFERENCES `usuarios` (`id`)
) ENGINE=InnoDB DEFAULT CHARSET=utf8mb4 COLLATE=utf8mb4_0900_ai_ci;

-- Copiando dados para a tabela sistema_advocacia.log_publicacoes: ~0 rows (aproximadamente)

-- Copiando estrutura para tabela sistema_advocacia.modelo_documento
DROP TABLE IF EXISTS `modelo_documento`;
CREATE TABLE IF NOT EXISTS `modelo_documento` (
  `id` int NOT NULL AUTO_INCREMENT,
  `nome` varchar(150) NOT NULL,
  `descricao` varchar(300) DEFAULT NULL,
  `conteudo` longtext NOT NULL,
  `ativo` tinyint(1) DEFAULT '1',
  `criado_em` datetime DEFAULT CURRENT_TIMESTAMP,
  `criado_por` int DEFAULT NULL,
  PRIMARY KEY (`id`),
  KEY `criado_por` (`criado_por`),
  CONSTRAINT `modelo_documento_ibfk_1` FOREIGN KEY (`criado_por`) REFERENCES `usuarios` (`id`)
) ENGINE=InnoDB DEFAULT CHARSET=utf8mb4 COLLATE=utf8mb4_0900_ai_ci;

-- Copiando dados para a tabela sistema_advocacia.modelo_documento: ~0 rows (aproximadamente)

-- Copiando estrutura para tabela sistema_advocacia.notificacoes
DROP TABLE IF EXISTS `notificacoes`;
CREATE TABLE IF NOT EXISTS `notificacoes` (
  `id` int NOT NULL AUTO_INCREMENT,
  `usuario_id` int NOT NULL,
  `prazo_id` int NOT NULL,
  `mensagem` varchar(300) CHARACTER SET utf8mb4 COLLATE utf8mb4_unicode_ci NOT NULL,
  `lida` tinyint(1) DEFAULT '0',
  `criado_em` datetime DEFAULT CURRENT_TIMESTAMP,
  PRIMARY KEY (`id`),
  KEY `usuario_id` (`usuario_id`),
  KEY `prazo_id` (`prazo_id`),
  CONSTRAINT `fk_notif_prazo` FOREIGN KEY (`prazo_id`) REFERENCES `prazos_processo` (`id`),
  CONSTRAINT `fk_notif_usuario` FOREIGN KEY (`usuario_id`) REFERENCES `usuarios` (`id`)
) ENGINE=InnoDB DEFAULT CHARSET=utf8mb4 COLLATE=utf8mb4_unicode_ci;

-- Copiando dados para a tabela sistema_advocacia.notificacoes: ~0 rows (aproximadamente)

-- Copiando estrutura para tabela sistema_advocacia.parcerias
DROP TABLE IF EXISTS `parcerias`;
CREATE TABLE IF NOT EXISTS `parcerias` (
  `id` int NOT NULL AUTO_INCREMENT,
  `processo_id` int NOT NULL,
  `descricao` varchar(200) NOT NULL,
  `tipo` varchar(20) DEFAULT 'fixo',
  `percentual` decimal(5,2) DEFAULT NULL,
  `valor_fixo` decimal(15,2) DEFAULT NULL,
  `criado_em` datetime DEFAULT CURRENT_TIMESTAMP,
  `criado_por` int DEFAULT NULL,
  PRIMARY KEY (`id`),
  KEY `processo_id` (`processo_id`),
  KEY `criado_por` (`criado_por`),
  CONSTRAINT `fk_parcerias_tblproc` FOREIGN KEY (`processo_id`) REFERENCES `tblproc` (`id`),
  CONSTRAINT `parcerias_ibfk_2` FOREIGN KEY (`criado_por`) REFERENCES `usuarios` (`id`)
) ENGINE=InnoDB DEFAULT CHARSET=utf8mb4 COLLATE=utf8mb4_0900_ai_ci;

-- Copiando dados para a tabela sistema_advocacia.parcerias: ~0 rows (aproximadamente)

-- Copiando estrutura para tabela sistema_advocacia.pericia
DROP TABLE IF EXISTS `pericia`;
CREATE TABLE IF NOT EXISTS `pericia` (
  `id` int NOT NULL AUTO_INCREMENT,
  `processo_id` int NOT NULL,
  `tipo_pericia_id` int DEFAULT NULL,
  `data` date NOT NULL,
  `hora` time DEFAULT NULL,
  `local` varchar(300) DEFAULT NULL,
  `perito_tipo` varchar(20) DEFAULT NULL,
  `perito_id` int DEFAULT NULL,
  `assistente_tecnico_id` int DEFAULT NULL,
  `comunicado_enviado` tinyint(1) DEFAULT '0',
  `email_perito_enviado` tinyint(1) DEFAULT '0',
  `criado_em` datetime DEFAULT CURRENT_TIMESTAMP,
  `criado_por` int NOT NULL,
  PRIMARY KEY (`id`),
  KEY `processo_id` (`processo_id`),
  KEY `tipo_pericia_id` (`tipo_pericia_id`),
  KEY `assistente_tecnico_id` (`assistente_tecnico_id`),
  KEY `criado_por` (`criado_por`),
  KEY `idx_per_data` (`data`),
  CONSTRAINT `fk_pericia_tblproc` FOREIGN KEY (`processo_id`) REFERENCES `tblproc` (`id`),
  CONSTRAINT `pericia_ibfk_2` FOREIGN KEY (`tipo_pericia_id`) REFERENCES `tipo_pericia` (`id`),
  CONSTRAINT `pericia_ibfk_3` FOREIGN KEY (`assistente_tecnico_id`) REFERENCES `usuarios` (`id`),
  CONSTRAINT `pericia_ibfk_4` FOREIGN KEY (`criado_por`) REFERENCES `usuarios` (`id`)
) ENGINE=InnoDB DEFAULT CHARSET=utf8mb4 COLLATE=utf8mb4_0900_ai_ci;

-- Copiando dados para a tabela sistema_advocacia.pericia: ~0 rows (aproximadamente)

-- Copiando estrutura para tabela sistema_advocacia.permissoes
DROP TABLE IF EXISTS `permissoes`;
CREATE TABLE IF NOT EXISTS `permissoes` (
  `id` int NOT NULL AUTO_INCREMENT,
  `usuario_id` int NOT NULL,
  `modulo` varchar(50) NOT NULL,
  `submodulo` varchar(50) DEFAULT NULL COMMENT 'Sub-módulo opcional — ex: andamentos, prazos, tarefas, audiencias, pericias',
  `acao` varchar(20) NOT NULL,
  `permitido` tinyint(1) DEFAULT '0',
  PRIMARY KEY (`id`),
  KEY `idx_usuario_modulo` (`usuario_id`,`modulo`,`submodulo`,`acao`),
  CONSTRAINT `permissoes_ibfk_1` FOREIGN KEY (`usuario_id`) REFERENCES `usuarios` (`id`) ON DELETE CASCADE
) ENGINE=InnoDB AUTO_INCREMENT=2363 DEFAULT CHARSET=utf8mb4 COLLATE=utf8mb4_0900_ai_ci;

-- Copiando dados para a tabela sistema_advocacia.permissoes: ~470 rows (aproximadamente)
INSERT INTO `permissoes` (`id`, `usuario_id`, `modulo`, `submodulo`, `acao`, `permitido`) VALUES
	(853, 4, 'pessoas', NULL, 'visualizar', 1),
	(854, 4, 'pessoas', NULL, 'cadastrar', 1),
	(855, 4, 'pessoas', NULL, 'alterar', 1),
	(856, 4, 'pessoas', NULL, 'excluir', 1),
	(857, 4, 'pessoas', NULL, 'historico', 0),
	(858, 4, 'processos', NULL, 'visualizar', 1),
	(859, 4, 'processos', NULL, 'cadastrar', 1),
	(860, 4, 'processos', NULL, 'alterar', 1),
	(861, 4, 'processos', NULL, 'excluir', 1),
	(862, 4, 'processos', NULL, 'historico', 0),
	(863, 4, 'processos', 'andamentos', 'visualizar', 1),
	(864, 4, 'processos', 'andamentos', 'cadastrar', 1),
	(865, 4, 'processos', 'andamentos', 'alterar', 1),
	(866, 4, 'processos', 'andamentos', 'excluir', 1),
	(867, 4, 'processos', 'andamentos', 'historico', 0),
	(868, 4, 'processos', 'prazos', 'visualizar', 1),
	(869, 4, 'processos', 'prazos', 'cadastrar', 1),
	(870, 4, 'processos', 'prazos', 'alterar', 1),
	(871, 4, 'processos', 'prazos', 'excluir', 1),
	(872, 4, 'processos', 'prazos', 'historico', 0),
	(873, 4, 'processos', 'tarefas', 'visualizar', 1),
	(874, 4, 'processos', 'tarefas', 'cadastrar', 1),
	(875, 4, 'processos', 'tarefas', 'alterar', 1),
	(876, 4, 'processos', 'tarefas', 'excluir', 1),
	(877, 4, 'processos', 'tarefas', 'historico', 0),
	(878, 4, 'processos', 'audiencias', 'visualizar', 1),
	(879, 4, 'processos', 'audiencias', 'cadastrar', 1),
	(880, 4, 'processos', 'audiencias', 'alterar', 1),
	(881, 4, 'processos', 'audiencias', 'excluir', 1),
	(882, 4, 'processos', 'audiencias', 'historico', 0),
	(883, 4, 'processos', 'pericias', 'visualizar', 1),
	(884, 4, 'processos', 'pericias', 'cadastrar', 1),
	(885, 4, 'processos', 'pericias', 'alterar', 1),
	(886, 4, 'processos', 'pericias', 'excluir', 1),
	(887, 4, 'processos', 'pericias', 'historico', 0),
	(888, 4, 'pastas', NULL, 'visualizar', 1),
	(889, 4, 'pastas', NULL, 'cadastrar', 1),
	(890, 4, 'pastas', NULL, 'alterar', 1),
	(891, 4, 'pastas', NULL, 'excluir', 1),
	(892, 4, 'pastas', NULL, 'historico', 0),
	(893, 4, 'prazos', NULL, 'visualizar', 1),
	(894, 4, 'prazos', NULL, 'cadastrar', 1),
	(895, 4, 'prazos', NULL, 'alterar', 1),
	(896, 4, 'prazos', NULL, 'excluir', 1),
	(897, 4, 'prazos', NULL, 'historico', 1),
	(898, 4, 'prazos', 'ver_todos', 'visualizar', 1),
	(899, 4, 'prazos', 'ver_todos', 'cadastrar', 1),
	(900, 4, 'prazos', 'ver_todos', 'alterar', 1),
	(901, 4, 'prazos', 'ver_todos', 'excluir', 1),
	(902, 4, 'prazos', 'ver_todos', 'historico', 1),
	(903, 4, 'tarefas', NULL, 'visualizar', 1),
	(904, 4, 'tarefas', NULL, 'cadastrar', 1),
	(905, 4, 'tarefas', NULL, 'alterar', 1),
	(906, 4, 'tarefas', NULL, 'excluir', 1),
	(907, 4, 'tarefas', NULL, 'historico', 1),
	(908, 4, 'tarefas', 'ver_todos', 'visualizar', 1),
	(909, 4, 'tarefas', 'ver_todos', 'cadastrar', 1),
	(910, 4, 'tarefas', 'ver_todos', 'alterar', 1),
	(911, 4, 'tarefas', 'ver_todos', 'excluir', 1),
	(912, 4, 'tarefas', 'ver_todos', 'historico', 1),
	(913, 4, 'audiencias', NULL, 'visualizar', 1),
	(914, 4, 'audiencias', NULL, 'cadastrar', 1),
	(915, 4, 'audiencias', NULL, 'alterar', 1),
	(916, 4, 'audiencias', NULL, 'excluir', 1),
	(917, 4, 'audiencias', NULL, 'historico', 0),
	(918, 4, 'pericias', NULL, 'visualizar', 1),
	(919, 4, 'pericias', NULL, 'cadastrar', 1),
	(920, 4, 'pericias', NULL, 'alterar', 1),
	(921, 4, 'pericias', NULL, 'excluir', 1),
	(922, 4, 'pericias', NULL, 'historico', 0),
	(923, 4, 'financeiro', NULL, 'visualizar', 1),
	(924, 4, 'financeiro', NULL, 'cadastrar', 1),
	(925, 4, 'financeiro', NULL, 'alterar', 1),
	(926, 4, 'financeiro', NULL, 'excluir', 1),
	(927, 4, 'financeiro', NULL, 'historico', 0),
	(928, 4, 'documentos', NULL, 'visualizar', 1),
	(929, 4, 'documentos', NULL, 'cadastrar', 1),
	(930, 4, 'documentos', NULL, 'alterar', 1),
	(931, 4, 'documentos', NULL, 'excluir', 1),
	(932, 4, 'documentos', NULL, 'historico', 0),
	(933, 4, 'publicacoes', NULL, 'visualizar', 1),
	(934, 4, 'publicacoes', NULL, 'cadastrar', 1),
	(935, 4, 'publicacoes', NULL, 'alterar', 1),
	(936, 4, 'publicacoes', NULL, 'excluir', 1),
	(937, 4, 'publicacoes', NULL, 'historico', 0),
	(938, 4, 'relatorios', NULL, 'visualizar', 1),
	(939, 4, 'relatorios', NULL, 'cadastrar', 1),
	(940, 4, 'relatorios', NULL, 'alterar', 1),
	(941, 4, 'relatorios', NULL, 'excluir', 1),
	(942, 4, 'relatorios', NULL, 'historico', 0),
	(1888, 3, 'pessoas', NULL, 'visualizar', 1),
	(1889, 3, 'pessoas', NULL, 'cadastrar', 1),
	(1890, 3, 'pessoas', NULL, 'alterar', 1),
	(1891, 3, 'pessoas', NULL, 'excluir', 1),
	(1892, 3, 'pessoas', NULL, 'historico', 1),
	(1893, 3, 'processos', NULL, 'visualizar', 1),
	(1894, 3, 'processos', NULL, 'cadastrar', 1),
	(1895, 3, 'processos', NULL, 'alterar', 1),
	(1896, 3, 'processos', NULL, 'excluir', 1),
	(1897, 3, 'processos', NULL, 'historico', 1),
	(1898, 3, 'processos', 'andamentos', 'visualizar', 1),
	(1899, 3, 'processos', 'andamentos', 'cadastrar', 1),
	(1900, 3, 'processos', 'andamentos', 'alterar', 1),
	(1901, 3, 'processos', 'andamentos', 'excluir', 1),
	(1902, 3, 'processos', 'andamentos', 'historico', 1),
	(1903, 3, 'processos', 'prazos', 'visualizar', 1),
	(1904, 3, 'processos', 'prazos', 'cadastrar', 1),
	(1905, 3, 'processos', 'prazos', 'alterar', 1),
	(1906, 3, 'processos', 'prazos', 'excluir', 1),
	(1907, 3, 'processos', 'prazos', 'historico', 1),
	(1908, 3, 'processos', 'tarefas', 'visualizar', 1),
	(1909, 3, 'processos', 'tarefas', 'cadastrar', 1),
	(1910, 3, 'processos', 'tarefas', 'alterar', 1),
	(1911, 3, 'processos', 'tarefas', 'excluir', 1),
	(1912, 3, 'processos', 'tarefas', 'historico', 1),
	(1913, 3, 'processos', 'audiencias', 'visualizar', 1),
	(1914, 3, 'processos', 'audiencias', 'cadastrar', 1),
	(1915, 3, 'processos', 'audiencias', 'alterar', 1),
	(1916, 3, 'processos', 'audiencias', 'excluir', 1),
	(1917, 3, 'processos', 'audiencias', 'historico', 1),
	(1918, 3, 'processos', 'pericias', 'visualizar', 1),
	(1919, 3, 'processos', 'pericias', 'cadastrar', 1),
	(1920, 3, 'processos', 'pericias', 'alterar', 1),
	(1921, 3, 'processos', 'pericias', 'excluir', 1),
	(1922, 3, 'processos', 'pericias', 'historico', 1),
	(1923, 3, 'pastas', NULL, 'visualizar', 1),
	(1924, 3, 'pastas', NULL, 'cadastrar', 1),
	(1925, 3, 'pastas', NULL, 'alterar', 1),
	(1926, 3, 'pastas', NULL, 'excluir', 1),
	(1927, 3, 'pastas', NULL, 'historico', 1),
	(1928, 3, 'prazos', NULL, 'visualizar', 1),
	(1929, 3, 'prazos', NULL, 'cadastrar', 1),
	(1930, 3, 'prazos', NULL, 'alterar', 1),
	(1931, 3, 'prazos', NULL, 'excluir', 1),
	(1932, 3, 'prazos', NULL, 'historico', 1),
	(1933, 3, 'prazos', 'ver_todos', 'visualizar', 1),
	(1934, 3, 'prazos', 'ver_todos', 'cadastrar', 1),
	(1935, 3, 'prazos', 'ver_todos', 'alterar', 1),
	(1936, 3, 'prazos', 'ver_todos', 'excluir', 1),
	(1937, 3, 'prazos', 'ver_todos', 'historico', 1),
	(1938, 3, 'tarefas', NULL, 'visualizar', 1),
	(1939, 3, 'tarefas', NULL, 'cadastrar', 1),
	(1940, 3, 'tarefas', NULL, 'alterar', 1),
	(1941, 3, 'tarefas', NULL, 'excluir', 1),
	(1942, 3, 'tarefas', NULL, 'historico', 1),
	(1943, 3, 'tarefas', 'ver_todos', 'visualizar', 1),
	(1944, 3, 'tarefas', 'ver_todos', 'cadastrar', 1),
	(1945, 3, 'tarefas', 'ver_todos', 'alterar', 1),
	(1946, 3, 'tarefas', 'ver_todos', 'excluir', 1),
	(1947, 3, 'tarefas', 'ver_todos', 'historico', 1),
	(1948, 3, 'audiencias', NULL, 'visualizar', 1),
	(1949, 3, 'audiencias', NULL, 'cadastrar', 1),
	(1950, 3, 'audiencias', NULL, 'alterar', 1),
	(1951, 3, 'audiencias', NULL, 'excluir', 0),
	(1952, 3, 'audiencias', NULL, 'historico', 1),
	(1953, 3, 'audiencias', 'tipos', 'visualizar', 1),
	(1954, 3, 'audiencias', 'tipos', 'cadastrar', 1),
	(1955, 3, 'audiencias', 'tipos', 'alterar', 1),
	(1956, 3, 'audiencias', 'tipos', 'excluir', 1),
	(1957, 3, 'audiencias', 'tipos', 'historico', 1),
	(1958, 3, 'pericias', NULL, 'visualizar', 1),
	(1959, 3, 'pericias', NULL, 'cadastrar', 1),
	(1960, 3, 'pericias', NULL, 'alterar', 1),
	(1961, 3, 'pericias', NULL, 'excluir', 1),
	(1962, 3, 'pericias', NULL, 'historico', 1),
	(1963, 3, 'financeiro', NULL, 'visualizar', 1),
	(1964, 3, 'financeiro', NULL, 'cadastrar', 1),
	(1965, 3, 'financeiro', NULL, 'alterar', 1),
	(1966, 3, 'financeiro', NULL, 'excluir', 1),
	(1967, 3, 'financeiro', NULL, 'historico', 0),
	(1968, 3, 'documentos', NULL, 'visualizar', 1),
	(1969, 3, 'documentos', NULL, 'cadastrar', 1),
	(1970, 3, 'documentos', NULL, 'alterar', 1),
	(1971, 3, 'documentos', NULL, 'excluir', 1),
	(1972, 3, 'documentos', NULL, 'historico', 0),
	(1973, 3, 'publicacoes', NULL, 'visualizar', 1),
	(1974, 3, 'publicacoes', NULL, 'cadastrar', 1),
	(1975, 3, 'publicacoes', NULL, 'alterar', 1),
	(1976, 3, 'publicacoes', NULL, 'excluir', 1),
	(1977, 3, 'publicacoes', NULL, 'historico', 0),
	(1978, 3, 'relatorios', NULL, 'visualizar', 1),
	(1979, 3, 'relatorios', NULL, 'cadastrar', 1),
	(1980, 3, 'relatorios', NULL, 'alterar', 1),
	(1981, 3, 'relatorios', NULL, 'excluir', 1),
	(1982, 3, 'relatorios', NULL, 'historico', 0),
	(2078, 2, 'pessoas', NULL, 'visualizar', 1),
	(2079, 2, 'pessoas', NULL, 'cadastrar', 1),
	(2080, 2, 'pessoas', NULL, 'alterar', 1),
	(2081, 2, 'pessoas', NULL, 'excluir', 1),
	(2082, 2, 'pessoas', NULL, 'historico', 1),
	(2083, 2, 'processos', NULL, 'visualizar', 1),
	(2084, 2, 'processos', NULL, 'cadastrar', 1),
	(2085, 2, 'processos', NULL, 'alterar', 1),
	(2086, 2, 'processos', NULL, 'excluir', 1),
	(2087, 2, 'processos', NULL, 'historico', 1),
	(2088, 2, 'processos', 'andamentos', 'visualizar', 1),
	(2089, 2, 'processos', 'andamentos', 'cadastrar', 1),
	(2090, 2, 'processos', 'andamentos', 'alterar', 1),
	(2091, 2, 'processos', 'andamentos', 'excluir', 1),
	(2092, 2, 'processos', 'andamentos', 'historico', 1),
	(2093, 2, 'processos', 'prazos', 'visualizar', 1),
	(2094, 2, 'processos', 'prazos', 'cadastrar', 1),
	(2095, 2, 'processos', 'prazos', 'alterar', 1),
	(2096, 2, 'processos', 'prazos', 'excluir', 1),
	(2097, 2, 'processos', 'prazos', 'historico', 1),
	(2098, 2, 'processos', 'tarefas', 'visualizar', 1),
	(2099, 2, 'processos', 'tarefas', 'cadastrar', 1),
	(2100, 2, 'processos', 'tarefas', 'alterar', 1),
	(2101, 2, 'processos', 'tarefas', 'excluir', 1),
	(2102, 2, 'processos', 'tarefas', 'historico', 1),
	(2103, 2, 'processos', 'audiencias', 'visualizar', 1),
	(2104, 2, 'processos', 'audiencias', 'cadastrar', 1),
	(2105, 2, 'processos', 'audiencias', 'alterar', 1),
	(2106, 2, 'processos', 'audiencias', 'excluir', 1),
	(2107, 2, 'processos', 'audiencias', 'historico', 1),
	(2108, 2, 'processos', 'pericias', 'visualizar', 1),
	(2109, 2, 'processos', 'pericias', 'cadastrar', 1),
	(2110, 2, 'processos', 'pericias', 'alterar', 1),
	(2111, 2, 'processos', 'pericias', 'excluir', 1),
	(2112, 2, 'processos', 'pericias', 'historico', 1),
	(2113, 2, 'pastas', NULL, 'visualizar', 1),
	(2114, 2, 'pastas', NULL, 'cadastrar', 1),
	(2115, 2, 'pastas', NULL, 'alterar', 1),
	(2116, 2, 'pastas', NULL, 'excluir', 1),
	(2117, 2, 'pastas', NULL, 'historico', 1),
	(2118, 2, 'prazos', NULL, 'visualizar', 1),
	(2119, 2, 'prazos', NULL, 'cadastrar', 1),
	(2120, 2, 'prazos', NULL, 'alterar', 1),
	(2121, 2, 'prazos', NULL, 'excluir', 1),
	(2122, 2, 'prazos', NULL, 'historico', 1),
	(2123, 2, 'prazos', 'ver_todos', 'visualizar', 1),
	(2124, 2, 'prazos', 'ver_todos', 'cadastrar', 1),
	(2125, 2, 'prazos', 'ver_todos', 'alterar', 1),
	(2126, 2, 'prazos', 'ver_todos', 'excluir', 1),
	(2127, 2, 'prazos', 'ver_todos', 'historico', 1),
	(2128, 2, 'tarefas', NULL, 'visualizar', 1),
	(2129, 2, 'tarefas', NULL, 'cadastrar', 1),
	(2130, 2, 'tarefas', NULL, 'alterar', 1),
	(2131, 2, 'tarefas', NULL, 'excluir', 1),
	(2132, 2, 'tarefas', NULL, 'historico', 1),
	(2133, 2, 'tarefas', 'ver_todos', 'visualizar', 1),
	(2134, 2, 'tarefas', 'ver_todos', 'cadastrar', 1),
	(2135, 2, 'tarefas', 'ver_todos', 'alterar', 1),
	(2136, 2, 'tarefas', 'ver_todos', 'excluir', 1),
	(2137, 2, 'tarefas', 'ver_todos', 'historico', 1),
	(2138, 2, 'audiencias', NULL, 'visualizar', 1),
	(2139, 2, 'audiencias', NULL, 'cadastrar', 1),
	(2140, 2, 'audiencias', NULL, 'alterar', 1),
	(2141, 2, 'audiencias', NULL, 'excluir', 0),
	(2142, 2, 'audiencias', NULL, 'historico', 1),
	(2143, 2, 'audiencias', 'tipos', 'visualizar', 1),
	(2144, 2, 'audiencias', 'tipos', 'cadastrar', 1),
	(2145, 2, 'audiencias', 'tipos', 'alterar', 1),
	(2146, 2, 'audiencias', 'tipos', 'excluir', 0),
	(2147, 2, 'audiencias', 'tipos', 'historico', 1),
	(2148, 2, 'pericias', NULL, 'visualizar', 1),
	(2149, 2, 'pericias', NULL, 'cadastrar', 1),
	(2150, 2, 'pericias', NULL, 'alterar', 1),
	(2151, 2, 'pericias', NULL, 'excluir', 1),
	(2152, 2, 'pericias', NULL, 'historico', 1),
	(2153, 2, 'financeiro', NULL, 'visualizar', 1),
	(2154, 2, 'financeiro', NULL, 'cadastrar', 1),
	(2155, 2, 'financeiro', NULL, 'alterar', 1),
	(2156, 2, 'financeiro', NULL, 'excluir', 1),
	(2157, 2, 'financeiro', NULL, 'historico', 1),
	(2158, 2, 'documentos', NULL, 'visualizar', 1),
	(2159, 2, 'documentos', NULL, 'cadastrar', 1),
	(2160, 2, 'documentos', NULL, 'alterar', 1),
	(2161, 2, 'documentos', NULL, 'excluir', 1),
	(2162, 2, 'documentos', NULL, 'historico', 1),
	(2163, 2, 'publicacoes', NULL, 'visualizar', 1),
	(2164, 2, 'publicacoes', NULL, 'cadastrar', 1),
	(2165, 2, 'publicacoes', NULL, 'alterar', 1),
	(2166, 2, 'publicacoes', NULL, 'excluir', 1),
	(2167, 2, 'publicacoes', NULL, 'historico', 1),
	(2168, 2, 'relatorios', NULL, 'visualizar', 1),
	(2169, 2, 'relatorios', NULL, 'cadastrar', 1),
	(2170, 2, 'relatorios', NULL, 'alterar', 1),
	(2171, 2, 'relatorios', NULL, 'excluir', 1),
	(2172, 2, 'relatorios', NULL, 'historico', 1),
	(2173, 7, 'pessoas', NULL, 'visualizar', 1),
	(2174, 7, 'pessoas', NULL, 'cadastrar', 1),
	(2175, 7, 'pessoas', NULL, 'alterar', 1),
	(2176, 7, 'pessoas', NULL, 'excluir', 1),
	(2177, 7, 'pessoas', NULL, 'historico', 1),
	(2178, 7, 'processos', NULL, 'visualizar', 1),
	(2179, 7, 'processos', NULL, 'cadastrar', 1),
	(2180, 7, 'processos', NULL, 'alterar', 1),
	(2181, 7, 'processos', NULL, 'excluir', 1),
	(2182, 7, 'processos', NULL, 'historico', 1),
	(2183, 7, 'processos', 'andamentos', 'visualizar', 1),
	(2184, 7, 'processos', 'andamentos', 'cadastrar', 1),
	(2185, 7, 'processos', 'andamentos', 'alterar', 1),
	(2186, 7, 'processos', 'andamentos', 'excluir', 1),
	(2187, 7, 'processos', 'andamentos', 'historico', 1),
	(2188, 7, 'processos', 'prazos', 'visualizar', 1),
	(2189, 7, 'processos', 'prazos', 'cadastrar', 1),
	(2190, 7, 'processos', 'prazos', 'alterar', 1),
	(2191, 7, 'processos', 'prazos', 'excluir', 1),
	(2192, 7, 'processos', 'prazos', 'historico', 1),
	(2193, 7, 'processos', 'tarefas', 'visualizar', 1),
	(2194, 7, 'processos', 'tarefas', 'cadastrar', 1),
	(2195, 7, 'processos', 'tarefas', 'alterar', 1),
	(2196, 7, 'processos', 'tarefas', 'excluir', 1),
	(2197, 7, 'processos', 'tarefas', 'historico', 1),
	(2198, 7, 'processos', 'audiencias', 'visualizar', 1),
	(2199, 7, 'processos', 'audiencias', 'cadastrar', 1),
	(2200, 7, 'processos', 'audiencias', 'alterar', 1),
	(2201, 7, 'processos', 'audiencias', 'excluir', 1),
	(2202, 7, 'processos', 'audiencias', 'historico', 1),
	(2203, 7, 'processos', 'pericias', 'visualizar', 1),
	(2204, 7, 'processos', 'pericias', 'cadastrar', 1),
	(2205, 7, 'processos', 'pericias', 'alterar', 1),
	(2206, 7, 'processos', 'pericias', 'excluir', 1),
	(2207, 7, 'processos', 'pericias', 'historico', 1),
	(2208, 7, 'pastas', NULL, 'visualizar', 1),
	(2209, 7, 'pastas', NULL, 'cadastrar', 1),
	(2210, 7, 'pastas', NULL, 'alterar', 1),
	(2211, 7, 'pastas', NULL, 'excluir', 1),
	(2212, 7, 'pastas', NULL, 'historico', 1),
	(2213, 7, 'prazos', NULL, 'visualizar', 1),
	(2214, 7, 'prazos', NULL, 'cadastrar', 1),
	(2215, 7, 'prazos', NULL, 'alterar', 1),
	(2216, 7, 'prazos', NULL, 'excluir', 1),
	(2217, 7, 'prazos', NULL, 'historico', 1),
	(2218, 7, 'prazos', 'ver_todos', 'visualizar', 1),
	(2219, 7, 'prazos', 'ver_todos', 'cadastrar', 1),
	(2220, 7, 'prazos', 'ver_todos', 'alterar', 1),
	(2221, 7, 'prazos', 'ver_todos', 'excluir', 1),
	(2222, 7, 'prazos', 'ver_todos', 'historico', 1),
	(2223, 7, 'tarefas', NULL, 'visualizar', 1),
	(2224, 7, 'tarefas', NULL, 'cadastrar', 1),
	(2225, 7, 'tarefas', NULL, 'alterar', 1),
	(2226, 7, 'tarefas', NULL, 'excluir', 1),
	(2227, 7, 'tarefas', NULL, 'historico', 1),
	(2228, 7, 'tarefas', 'ver_todos', 'visualizar', 1),
	(2229, 7, 'tarefas', 'ver_todos', 'cadastrar', 1),
	(2230, 7, 'tarefas', 'ver_todos', 'alterar', 1),
	(2231, 7, 'tarefas', 'ver_todos', 'excluir', 1),
	(2232, 7, 'tarefas', 'ver_todos', 'historico', 1),
	(2233, 7, 'audiencias', NULL, 'visualizar', 1),
	(2234, 7, 'audiencias', NULL, 'cadastrar', 1),
	(2235, 7, 'audiencias', NULL, 'alterar', 1),
	(2236, 7, 'audiencias', NULL, 'excluir', 1),
	(2237, 7, 'audiencias', NULL, 'historico', 1),
	(2238, 7, 'audiencias', 'tipos', 'visualizar', 1),
	(2239, 7, 'audiencias', 'tipos', 'cadastrar', 1),
	(2240, 7, 'audiencias', 'tipos', 'alterar', 1),
	(2241, 7, 'audiencias', 'tipos', 'excluir', 1),
	(2242, 7, 'audiencias', 'tipos', 'historico', 1),
	(2243, 7, 'pericias', NULL, 'visualizar', 1),
	(2244, 7, 'pericias', NULL, 'cadastrar', 1),
	(2245, 7, 'pericias', NULL, 'alterar', 1),
	(2246, 7, 'pericias', NULL, 'excluir', 1),
	(2247, 7, 'pericias', NULL, 'historico', 1),
	(2248, 7, 'financeiro', NULL, 'visualizar', 1),
	(2249, 7, 'financeiro', NULL, 'cadastrar', 1),
	(2250, 7, 'financeiro', NULL, 'alterar', 1),
	(2251, 7, 'financeiro', NULL, 'excluir', 1),
	(2252, 7, 'financeiro', NULL, 'historico', 1),
	(2253, 7, 'documentos', NULL, 'visualizar', 1),
	(2254, 7, 'documentos', NULL, 'cadastrar', 1),
	(2255, 7, 'documentos', NULL, 'alterar', 1),
	(2256, 7, 'documentos', NULL, 'excluir', 1),
	(2257, 7, 'documentos', NULL, 'historico', 1),
	(2258, 7, 'publicacoes', NULL, 'visualizar', 1),
	(2259, 7, 'publicacoes', NULL, 'cadastrar', 1),
	(2260, 7, 'publicacoes', NULL, 'alterar', 1),
	(2261, 7, 'publicacoes', NULL, 'excluir', 1),
	(2262, 7, 'publicacoes', NULL, 'historico', 1),
	(2263, 7, 'relatorios', NULL, 'visualizar', 1),
	(2264, 7, 'relatorios', NULL, 'cadastrar', 1),
	(2265, 7, 'relatorios', NULL, 'alterar', 1),
	(2266, 7, 'relatorios', NULL, 'excluir', 1),
	(2267, 7, 'relatorios', NULL, 'historico', 1),
	(2268, 5, 'pessoas', NULL, 'visualizar', 1),
	(2269, 5, 'pessoas', NULL, 'cadastrar', 1),
	(2270, 5, 'pessoas', NULL, 'alterar', 1),
	(2271, 5, 'pessoas', NULL, 'excluir', 0),
	(2272, 5, 'pessoas', NULL, 'historico', 0),
	(2273, 5, 'processos', NULL, 'visualizar', 1),
	(2274, 5, 'processos', NULL, 'cadastrar', 1),
	(2275, 5, 'processos', NULL, 'alterar', 1),
	(2276, 5, 'processos', NULL, 'excluir', 0),
	(2277, 5, 'processos', NULL, 'historico', 0),
	(2278, 5, 'processos', 'andamentos', 'visualizar', 1),
	(2279, 5, 'processos', 'andamentos', 'cadastrar', 1),
	(2280, 5, 'processos', 'andamentos', 'alterar', 1),
	(2281, 5, 'processos', 'andamentos', 'excluir', 1),
	(2282, 5, 'processos', 'andamentos', 'historico', 0),
	(2283, 5, 'processos', 'prazos', 'visualizar', 1),
	(2284, 5, 'processos', 'prazos', 'cadastrar', 1),
	(2285, 5, 'processos', 'prazos', 'alterar', 1),
	(2286, 5, 'processos', 'prazos', 'excluir', 1),
	(2287, 5, 'processos', 'prazos', 'historico', 0),
	(2288, 5, 'processos', 'tarefas', 'visualizar', 1),
	(2289, 5, 'processos', 'tarefas', 'cadastrar', 1),
	(2290, 5, 'processos', 'tarefas', 'alterar', 1),
	(2291, 5, 'processos', 'tarefas', 'excluir', 1),
	(2292, 5, 'processos', 'tarefas', 'historico', 0),
	(2293, 5, 'processos', 'audiencias', 'visualizar', 1),
	(2294, 5, 'processos', 'audiencias', 'cadastrar', 1),
	(2295, 5, 'processos', 'audiencias', 'alterar', 1),
	(2296, 5, 'processos', 'audiencias', 'excluir', 1),
	(2297, 5, 'processos', 'audiencias', 'historico', 0),
	(2298, 5, 'processos', 'pericias', 'visualizar', 1),
	(2299, 5, 'processos', 'pericias', 'cadastrar', 1),
	(2300, 5, 'processos', 'pericias', 'alterar', 1),
	(2301, 5, 'processos', 'pericias', 'excluir', 1),
	(2302, 5, 'processos', 'pericias', 'historico', 0),
	(2303, 5, 'pastas', NULL, 'visualizar', 1),
	(2304, 5, 'pastas', NULL, 'cadastrar', 1),
	(2305, 5, 'pastas', NULL, 'alterar', 1),
	(2306, 5, 'pastas', NULL, 'excluir', 0),
	(2307, 5, 'pastas', NULL, 'historico', 0),
	(2308, 5, 'prazos', NULL, 'visualizar', 1),
	(2309, 5, 'prazos', NULL, 'cadastrar', 1),
	(2310, 5, 'prazos', NULL, 'alterar', 1),
	(2311, 5, 'prazos', NULL, 'excluir', 0),
	(2312, 5, 'prazos', NULL, 'historico', 0),
	(2313, 5, 'prazos', 'ver_todos', 'visualizar', 0),
	(2314, 5, 'prazos', 'ver_todos', 'cadastrar', 0),
	(2315, 5, 'prazos', 'ver_todos', 'alterar', 0),
	(2316, 5, 'prazos', 'ver_todos', 'excluir', 0),
	(2317, 5, 'prazos', 'ver_todos', 'historico', 0),
	(2318, 5, 'tarefas', NULL, 'visualizar', 1),
	(2319, 5, 'tarefas', NULL, 'cadastrar', 1),
	(2320, 5, 'tarefas', NULL, 'alterar', 1),
	(2321, 5, 'tarefas', NULL, 'excluir', 0),
	(2322, 5, 'tarefas', NULL, 'historico', 0),
	(2323, 5, 'tarefas', 'ver_todos', 'visualizar', 0),
	(2324, 5, 'tarefas', 'ver_todos', 'cadastrar', 0),
	(2325, 5, 'tarefas', 'ver_todos', 'alterar', 0),
	(2326, 5, 'tarefas', 'ver_todos', 'excluir', 0),
	(2327, 5, 'tarefas', 'ver_todos', 'historico', 0),
	(2328, 5, 'audiencias', NULL, 'visualizar', 1),
	(2329, 5, 'audiencias', NULL, 'cadastrar', 1),
	(2330, 5, 'audiencias', NULL, 'alterar', 1),
	(2331, 5, 'audiencias', NULL, 'excluir', 0),
	(2332, 5, 'audiencias', NULL, 'historico', 0),
	(2333, 5, 'audiencias', 'tipos', 'visualizar', 0),
	(2334, 5, 'audiencias', 'tipos', 'cadastrar', 0),
	(2335, 5, 'audiencias', 'tipos', 'alterar', 0),
	(2336, 5, 'audiencias', 'tipos', 'excluir', 0),
	(2337, 5, 'audiencias', 'tipos', 'historico', 0),
	(2338, 5, 'pericias', NULL, 'visualizar', 1),
	(2339, 5, 'pericias', NULL, 'cadastrar', 1),
	(2340, 5, 'pericias', NULL, 'alterar', 1),
	(2341, 5, 'pericias', NULL, 'excluir', 1),
	(2342, 5, 'pericias', NULL, 'historico', 0),
	(2343, 5, 'financeiro', NULL, 'visualizar', 1),
	(2344, 5, 'financeiro', NULL, 'cadastrar', 1),
	(2345, 5, 'financeiro', NULL, 'alterar', 1),
	(2346, 5, 'financeiro', NULL, 'excluir', 0),
	(2347, 5, 'financeiro', NULL, 'historico', 0),
	(2348, 5, 'documentos', NULL, 'visualizar', 1),
	(2349, 5, 'documentos', NULL, 'cadastrar', 1),
	(2350, 5, 'documentos', NULL, 'alterar', 1),
	(2351, 5, 'documentos', NULL, 'excluir', 0),
	(2352, 5, 'documentos', NULL, 'historico', 0),
	(2353, 5, 'publicacoes', NULL, 'visualizar', 1),
	(2354, 5, 'publicacoes', NULL, 'cadastrar', 1),
	(2355, 5, 'publicacoes', NULL, 'alterar', 1),
	(2356, 5, 'publicacoes', NULL, 'excluir', 0),
	(2357, 5, 'publicacoes', NULL, 'historico', 0),
	(2358, 5, 'relatorios', NULL, 'visualizar', 1),
	(2359, 5, 'relatorios', NULL, 'cadastrar', 1),
	(2360, 5, 'relatorios', NULL, 'alterar', 1),
	(2361, 5, 'relatorios', NULL, 'excluir', 0),
	(2362, 5, 'relatorios', NULL, 'historico', 0);

-- Copiando estrutura para tabela sistema_advocacia.pessoas_fisicas
DROP TABLE IF EXISTS `pessoas_fisicas`;
CREATE TABLE IF NOT EXISTS `pessoas_fisicas` (
  `id` int NOT NULL AUTO_INCREMENT,
  `nome` varchar(200) NOT NULL,
  `cpf` varchar(14) DEFAULT NULL,
  `rg` varchar(20) DEFAULT NULL,
  `rg_orgao` varchar(20) DEFAULT NULL,
  `pis` varchar(20) DEFAULT NULL,
  `ctps_numero` varchar(30) DEFAULT NULL,
  `ctps_serie` varchar(20) DEFAULT NULL,
  `nome_pai` varchar(200) DEFAULT NULL,
  `nome_mae` varchar(200) DEFAULT NULL,
  `data_nascimento` date DEFAULT NULL,
  `estado_civil_id` int DEFAULT NULL,
  `profissao_id` int DEFAULT NULL,
  `genero_id` int DEFAULT NULL,
  `cep` varchar(9) DEFAULT NULL,
  `logradouro` varchar(200) DEFAULT NULL,
  `numero` varchar(10) DEFAULT NULL,
  `complemento` varchar(100) DEFAULT NULL,
  `bairro` varchar(100) DEFAULT NULL,
  `cidade` varchar(100) DEFAULT NULL,
  `estado` char(2) DEFAULT NULL,
  `foto_path` varchar(300) DEFAULT NULL,
  `observacoes` text,
  `ativo` tinyint(1) DEFAULT '1',
  `criado_em` datetime DEFAULT CURRENT_TIMESTAMP,
  `criado_por` int DEFAULT NULL,
  `alterado_por` int DEFAULT NULL,
  `alterado_em` datetime DEFAULT NULL,
  PRIMARY KEY (`id`),
  KEY `estado_civil_id` (`estado_civil_id`),
  KEY `profissao_id` (`profissao_id`),
  KEY `genero_id` (`genero_id`),
  KEY `fk_pf_criado_por` (`criado_por`),
  KEY `fk_pf_alterado_por` (`alterado_por`),
  KEY `idx_pf_cpf` (`cpf`),
  CONSTRAINT `fk_pf_alterado_por` FOREIGN KEY (`alterado_por`) REFERENCES `usuarios` (`id`),
  CONSTRAINT `fk_pf_criado_por` FOREIGN KEY (`criado_por`) REFERENCES `usuarios` (`id`),
  CONSTRAINT `pessoas_fisicas_ibfk_1` FOREIGN KEY (`estado_civil_id`) REFERENCES `estado_civil` (`id`),
  CONSTRAINT `pessoas_fisicas_ibfk_2` FOREIGN KEY (`profissao_id`) REFERENCES `profissao` (`id`),
  CONSTRAINT `pessoas_fisicas_ibfk_3` FOREIGN KEY (`genero_id`) REFERENCES `genero` (`id`)
) ENGINE=InnoDB AUTO_INCREMENT=7 DEFAULT CHARSET=utf8mb4 COLLATE=utf8mb4_0900_ai_ci;

-- Copiando dados para a tabela sistema_advocacia.pessoas_fisicas: ~5 rows (aproximadamente)
INSERT INTO `pessoas_fisicas` (`id`, `nome`, `cpf`, `rg`, `rg_orgao`, `pis`, `ctps_numero`, `ctps_serie`, `nome_pai`, `nome_mae`, `data_nascimento`, `estado_civil_id`, `profissao_id`, `genero_id`, `cep`, `logradouro`, `numero`, `complemento`, `bairro`, `cidade`, `estado`, `foto_path`, `observacoes`, `ativo`, `criado_em`, `criado_por`, `alterado_por`, `alterado_em`) VALUES
	(2, 'Edna Silva Vieira de Lima Ribeiro', '25570626859', '23390098-6', 'SSp/sp', NULL, NULL, NULL, NULL, NULL, '1972-03-27', 7, 6, 2, '03818-030', 'Rua Lagoa D\'anta', '70', NULL, 'Parque Cisper', 'Sao Paulo', 'SP', NULL, NULL, 1, '2026-05-25 19:21:08', 2, NULL, NULL),
	(3, 'Erick Silva Ribeiro', '86620444920', NULL, NULL, NULL, '654654', '5654-SP', NULL, NULL, '1999-05-15', 2, 1, 1, '03818-030', 'Rua Lagoa D\'anta', '30', NULL, 'Parque Císper', 'São Paulo', 'SP', NULL, NULL, 1, '2026-05-25 20:35:50', 2, NULL, NULL),
	(4, 'Claudenor de Lima Ribeiro', '13667952880', '23.390.098-6', 'ssp/sp', '654654654654654', 'Digital', NULL, 'Jesuino Batista Ribeiro', 'Leonor Maria de Lima Ribeiro', '1972-03-27', 2, 9, 1, '03820-200', 'Rua Ibirajuba', '2', 'Apto 22, Bloco F-3', 'Vila Sílvia', 'São Paulo', 'SP', NULL, 'Teste de Observações', 1, '2026-05-26 09:12:50', 2, 2, '2026-06-09 12:11:32'),
	(5, 'Adelaide Camilo de Carvalho', '43812289873', NULL, NULL, NULL, NULL, NULL, NULL, NULL, '1994-08-31', 3, 17, 2, '08490-006', 'Rua Inácio Monteiro', '600', NULL, 'Vila Hortência', 'São Paulo', 'SP', NULL, NULL, 1, '2026-05-26 13:39:41', 2, NULL, NULL),
	(6, 'pedro', NULL, NULL, NULL, NULL, NULL, NULL, NULL, NULL, NULL, NULL, NULL, NULL, NULL, NULL, NULL, NULL, NULL, NULL, NULL, NULL, NULL, 1, '2026-06-09 22:52:14', 2, NULL, NULL);

-- Copiando estrutura para tabela sistema_advocacia.pessoas_juridicas
DROP TABLE IF EXISTS `pessoas_juridicas`;
CREATE TABLE IF NOT EXISTS `pessoas_juridicas` (
  `id` int NOT NULL AUTO_INCREMENT,
  `razao_social` varchar(200) NOT NULL,
  `nome_fantasia` varchar(200) DEFAULT NULL,
  `cnpj` varchar(18) DEFAULT NULL,
  `inscricao_estadual` varchar(30) DEFAULT NULL,
  `representante_legal` varchar(200) DEFAULT NULL,
  `cep` varchar(9) DEFAULT NULL,
  `logradouro` varchar(200) DEFAULT NULL,
  `numero` varchar(10) DEFAULT NULL,
  `complemento` varchar(100) DEFAULT NULL,
  `bairro` varchar(100) DEFAULT NULL,
  `cidade` varchar(100) DEFAULT NULL,
  `estado` char(2) DEFAULT NULL,
  `observacoes` text,
  `ativo` tinyint(1) DEFAULT '1',
  `criado_em` datetime DEFAULT CURRENT_TIMESTAMP,
  `criado_por` int DEFAULT NULL,
  `alterado_por` int DEFAULT NULL,
  `alterado_em` datetime DEFAULT NULL,
  PRIMARY KEY (`id`),
  KEY `idx_pj_cnpj` (`cnpj`),
  KEY `fk_pj_criado_por` (`criado_por`),
  KEY `fk_pj_alterado_por` (`alterado_por`),
  CONSTRAINT `fk_pj_alterado_por` FOREIGN KEY (`alterado_por`) REFERENCES `usuarios` (`id`),
  CONSTRAINT `fk_pj_criado_por` FOREIGN KEY (`criado_por`) REFERENCES `usuarios` (`id`)
) ENGINE=InnoDB AUTO_INCREMENT=3 DEFAULT CHARSET=utf8mb4 COLLATE=utf8mb4_0900_ai_ci;

-- Copiando dados para a tabela sistema_advocacia.pessoas_juridicas: ~2 rows (aproximadamente)
INSERT INTO `pessoas_juridicas` (`id`, `razao_social`, `nome_fantasia`, `cnpj`, `inscricao_estadual`, `representante_legal`, `cep`, `logradouro`, `numero`, `complemento`, `bairro`, `cidade`, `estado`, `observacoes`, `ativo`, `criado_em`, `criado_por`, `alterado_por`, `alterado_em`) VALUES
	(1, 'Flex Gestão de Relacionamentos', NULL, '10851805001255', NULL, NULL, '03501-000', 'Avenida Conde de Frontin', '2', NULL, 'Tatuapé', 'São Paulo', 'SP', NULL, 1, '2026-05-26 09:14:43', 2, NULL, NULL),
	(2, 'Via Varejo S/a', NULL, '33041260000164', NULL, NULL, '09520-010', 'Rua João Pessoa', '83', NULL, 'Centro', 'São Caetano do Sul', 'SP', NULL, 1, '2026-05-26 13:40:40', 2, NULL, NULL);

-- Copiando estrutura para tabela sistema_advocacia.prazos_processo
DROP TABLE IF EXISTS `prazos_processo`;
CREATE TABLE IF NOT EXISTS `prazos_processo` (
  `id` int NOT NULL AUTO_INCREMENT,
  `processo_id` int NOT NULL,
  `subtipo_id` int DEFAULT NULL,
  `descricao` varchar(300) DEFAULT NULL,
  `data_inicio` date NOT NULL,
  `quantidade` int DEFAULT NULL,
  `tipo_dias` varchar(20) DEFAULT 'uteis',
  `data_vencimento` date NOT NULL,
  `delegado_para` int DEFAULT NULL,
  `status` varchar(20) DEFAULT 'aberto',
  `status_alterado_por` int DEFAULT NULL,
  `status_alterado_em` datetime DEFAULT NULL,
  `concluido_por` int DEFAULT NULL,
  `concluido_em` datetime DEFAULT NULL,
  `criado_em` datetime DEFAULT CURRENT_TIMESTAMP,
  `criado_por` int NOT NULL,
  `motivo_cancelamento` varchar(500) DEFAULT NULL,
  `fazendo_por` int DEFAULT NULL,
  `fazendo_desde` datetime DEFAULT NULL,
  `status_antes_fazendo` varchar(20) DEFAULT NULL,
  PRIMARY KEY (`id`),
  KEY `processo_id` (`processo_id`),
  KEY `subtipo_id` (`subtipo_id`),
  KEY `delegado_para` (`delegado_para`),
  KEY `concluido_por` (`concluido_por`),
  KEY `status_alterado_por` (`status_alterado_por`),
  KEY `criado_por` (`criado_por`),
  KEY `fk_pp_fazendo_por` (`fazendo_por`),
  KEY `idx_vencimento_status` (`data_vencimento`,`status`),
  CONSTRAINT `fk_pp_fazendo_por` FOREIGN KEY (`fazendo_por`) REFERENCES `usuarios` (`id`) ON DELETE SET NULL,
  CONSTRAINT `fk_prazos_tblproc` FOREIGN KEY (`processo_id`) REFERENCES `tblproc` (`id`),
  CONSTRAINT `prazos_processo_ibfk_2` FOREIGN KEY (`subtipo_id`) REFERENCES `prazo_subtipo` (`id`),
  CONSTRAINT `prazos_processo_ibfk_3` FOREIGN KEY (`delegado_para`) REFERENCES `usuarios` (`id`),
  CONSTRAINT `prazos_processo_ibfk_4` FOREIGN KEY (`concluido_por`) REFERENCES `usuarios` (`id`),
  CONSTRAINT `prazos_processo_ibfk_5` FOREIGN KEY (`status_alterado_por`) REFERENCES `usuarios` (`id`),
  CONSTRAINT `prazos_processo_ibfk_6` FOREIGN KEY (`criado_por`) REFERENCES `usuarios` (`id`)
) ENGINE=InnoDB AUTO_INCREMENT=9 DEFAULT CHARSET=utf8mb4 COLLATE=utf8mb4_0900_ai_ci;

-- Copiando dados para a tabela sistema_advocacia.prazos_processo: ~8 rows (aproximadamente)
INSERT INTO `prazos_processo` (`id`, `processo_id`, `subtipo_id`, `descricao`, `data_inicio`, `quantidade`, `tipo_dias`, `data_vencimento`, `delegado_para`, `status`, `status_alterado_por`, `status_alterado_em`, `concluido_por`, `concluido_em`, `criado_em`, `criado_por`, `motivo_cancelamento`, `fazendo_por`, `fazendo_desde`, `status_antes_fazendo`) VALUES
	(1, 7, 16, NULL, '2026-05-30', 1, 'corridos', '2026-05-30', 3, 'concluido', 2, '2026-05-30 22:50:33', 2, '2026-05-30 22:50:33', '2026-05-30 00:30:55', 2, NULL, NULL, NULL, NULL),
	(2, 5, 6, NULL, '2026-05-30', 5, 'uteis', '2026-06-08', NULL, 'concluido', 3, '2026-05-30 23:33:15', 3, '2026-05-30 23:33:15', '2026-05-30 08:04:29', 2, NULL, NULL, NULL, NULL),
	(3, 6, 21, NULL, '2026-05-20', 2, 'uteis', '2026-05-21', NULL, 'cancelado', 2, '2026-06-03 11:38:08', NULL, NULL, '2026-05-30 09:28:33', 2, 'fez acordo', NULL, NULL, NULL),
	(4, 5, 20, NULL, '2026-05-31', 7, 'uteis', '2026-06-10', NULL, 'concluido', 2, '2026-06-03 11:37:32', 2, '2026-06-03 11:37:32', '2026-05-30 23:40:20', 2, NULL, NULL, NULL, NULL),
	(5, 6, 19, NULL, '2026-05-31', 15, 'uteis', '2026-06-22', NULL, 'aberto', NULL, NULL, NULL, NULL, '2026-05-31 00:06:59', 3, NULL, NULL, NULL, NULL),
	(6, 8, 19, NULL, '2026-05-31', 10, 'uteis', '2026-06-15', NULL, 'aberto', NULL, NULL, NULL, NULL, '2026-05-31 12:16:41', 3, NULL, NULL, NULL, NULL),
	(7, 5, 22, NULL, '2026-05-05', 10, 'uteis', '2026-05-18', 3, 'aberto', NULL, NULL, NULL, NULL, '2026-05-31 12:50:23', 2, NULL, NULL, NULL, NULL),
	(8, 4, 2, NULL, '2026-05-12', 5, 'uteis', '2026-05-18', 5, 'aberto', NULL, NULL, NULL, NULL, '2026-05-31 12:50:41', 2, NULL, NULL, NULL, NULL);

-- Copiando estrutura para tabela sistema_advocacia.prazo_subtipo
DROP TABLE IF EXISTS `prazo_subtipo`;
CREATE TABLE IF NOT EXISTS `prazo_subtipo` (
  `id` int NOT NULL AUTO_INCREMENT,
  `tipo_prazo_id` int NOT NULL,
  `nome` varchar(150) NOT NULL,
  `ativo` tinyint(1) DEFAULT '1',
  PRIMARY KEY (`id`),
  KEY `tipo_prazo_id` (`tipo_prazo_id`),
  CONSTRAINT `prazo_subtipo_ibfk_1` FOREIGN KEY (`tipo_prazo_id`) REFERENCES `tipo_prazo` (`id`)
) ENGINE=InnoDB AUTO_INCREMENT=31 DEFAULT CHARSET=utf8mb4 COLLATE=utf8mb4_0900_ai_ci;

-- Copiando dados para a tabela sistema_advocacia.prazo_subtipo: ~30 rows (aproximadamente)
INSERT INTO `prazo_subtipo` (`id`, `tipo_prazo_id`, `nome`, `ativo`) VALUES
	(1, 1, 'Contestação', 1),
	(2, 1, 'Impugnação De Documentos', 1),
	(3, 1, 'Manifestação Sobre Documentos', 1),
	(4, 1, 'Juntada De Documentos', 1),
	(5, 1, 'Cumprimento De Determinação Judicial', 1),
	(6, 1, 'Apresentação De Rol De Testemunhas', 1),
	(7, 1, 'Impugnação De Cálculos', 1),
	(8, 2, 'Recurso Ordinário', 1),
	(9, 2, 'Recurso De Revista', 1),
	(10, 2, 'Agravo De Petição', 1),
	(11, 2, 'Agravo De Instrumento', 1),
	(12, 2, 'Embargos De Declaração', 1),
	(13, 2, 'Recurso Adesivo', 1),
	(14, 2, 'Agravo Interno', 1),
	(15, 3, 'Prescrição Bienal', 1),
	(16, 3, 'Prescrição Quinquenal', 1),
	(17, 3, 'Prescrição Intercorrente', 1),
	(18, 3, 'Prescrição Total', 1),
	(19, 3, 'Prescrição Parcial', 1),
	(20, 4, 'Emenda À Inicial', 1),
	(21, 4, 'Especificação De Provas', 1),
	(22, 4, 'Manifestação Sobre Laudo Pericial', 1),
	(23, 4, 'Regularização De Representação', 1),
	(24, 4, 'Cumprimento De Obrigação De Fazer', 1),
	(25, 5, 'Pagar Ou Garantir A Execução', 1),
	(26, 5, 'Embargos À Execução', 1),
	(27, 5, 'Impugnação Aos Cálculos', 1),
	(28, 5, 'Manifestação Sobre Bloqueios/Sisbajud', 1),
	(29, 5, 'Indicação De Bens', 1),
	(30, 5, 'Cumprimento De Obrigação De Fazer/Não Fazer', 1);

-- Copiando estrutura para tabela sistema_advocacia.profissao
DROP TABLE IF EXISTS `profissao`;
CREATE TABLE IF NOT EXISTS `profissao` (
  `id` int NOT NULL AUTO_INCREMENT,
  `nome` varchar(100) NOT NULL,
  PRIMARY KEY (`id`)
) ENGINE=InnoDB AUTO_INCREMENT=19 DEFAULT CHARSET=utf8mb4 COLLATE=utf8mb4_0900_ai_ci;

-- Copiando dados para a tabela sistema_advocacia.profissao: ~16 rows (aproximadamente)
INSERT INTO `profissao` (`id`, `nome`) VALUES
	(1, 'Advogado'),
	(2, 'Médico'),
	(3, 'Engenheiro'),
	(4, 'Professor'),
	(5, 'Empresário'),
	(6, 'Funcionário Público'),
	(7, 'Motorista'),
	(8, 'Comerciante'),
	(9, 'Agricultor'),
	(10, 'Aposentado'),
	(11, 'Desempregado'),
	(12, 'Doméstica'),
	(13, 'Operário'),
	(14, 'Técnico'),
	(17, 'Negociadora de Cobrança'),
	(18, 'Controlador de Acesso');

-- Copiando estrutura para tabela sistema_advocacia.publicacoes
DROP TABLE IF EXISTS `publicacoes`;
CREATE TABLE IF NOT EXISTS `publicacoes` (
  `id` int NOT NULL AUTO_INCREMENT,
  `data_publicacao` date NOT NULL,
  `oab` varchar(30) NOT NULL,
  `numero_processo` varchar(30) DEFAULT NULL,
  `texto` longtext NOT NULL,
  `tratada` tinyint(1) DEFAULT '0',
  `tratada_por` int DEFAULT NULL,
  `tratada_em` datetime DEFAULT NULL,
  `criado_em` datetime DEFAULT CURRENT_TIMESTAMP,
  PRIMARY KEY (`id`),
  KEY `tratada_por` (`tratada_por`),
  KEY `idx_data` (`data_publicacao`),
  KEY `idx_processo` (`numero_processo`),
  CONSTRAINT `publicacoes_ibfk_1` FOREIGN KEY (`tratada_por`) REFERENCES `usuarios` (`id`)
) ENGINE=InnoDB DEFAULT CHARSET=utf8mb4 COLLATE=utf8mb4_0900_ai_ci;

-- Copiando dados para a tabela sistema_advocacia.publicacoes: ~0 rows (aproximadamente)

-- Copiando estrutura para tabela sistema_advocacia.reset_tokens
DROP TABLE IF EXISTS `reset_tokens`;
CREATE TABLE IF NOT EXISTS `reset_tokens` (
  `id` int NOT NULL AUTO_INCREMENT,
  `usuario_id` int NOT NULL,
  `token` varchar(64) CHARACTER SET utf8mb4 COLLATE utf8mb4_unicode_ci NOT NULL,
  `expires_at` datetime NOT NULL,
  `usado` tinyint(1) NOT NULL DEFAULT '0',
  `criado_em` datetime NOT NULL DEFAULT CURRENT_TIMESTAMP,
  PRIMARY KEY (`id`),
  UNIQUE KEY `token` (`token`),
  KEY `usuario_id` (`usuario_id`),
  CONSTRAINT `reset_tokens_ibfk_1` FOREIGN KEY (`usuario_id`) REFERENCES `usuarios` (`id`) ON DELETE CASCADE
) ENGINE=InnoDB AUTO_INCREMENT=7 DEFAULT CHARSET=utf8mb4 COLLATE=utf8mb4_unicode_ci;

-- Copiando dados para a tabela sistema_advocacia.reset_tokens: ~6 rows (aproximadamente)
INSERT INTO `reset_tokens` (`id`, `usuario_id`, `token`, `expires_at`, `usado`, `criado_em`) VALUES
	(1, 2, '493a79262ae8fe358b5233bf82603ce68653e67aa9f9d1c4f01f6f3542a9dce3', '2026-05-27 11:35:42', 1, '2026-05-27 10:35:41'),
	(2, 2, '0fe16fdc9c04c19a2cf642f29737dbb024a41a5fd93c95ac418e10bd5c4fbd49', '2026-05-27 11:35:58', 1, '2026-05-27 10:35:57'),
	(3, 2, 'f9291d4de00219bfbf7e26e4d921e2c593b6f58b9bcbc6998b475eaec2806ea1', '2026-05-27 12:09:56', 1, '2026-05-27 11:09:56'),
	(4, 2, '67fb7ce41888a2e597d2d2f4263dafdb8a5ccd83772b25a3e8b40eead073f22a', '2026-05-27 12:15:49', 1, '2026-05-27 11:15:49'),
	(5, 2, '2fa0060fd8a69d377e7485556353c72125e3c064e64f73cdde76bcb6e3aaff53', '2026-05-27 12:18:23', 1, '2026-05-27 11:18:22'),
	(6, 3, 'f15b9824dae62ec4fba0d66f7c575dd6950824b0221047c29a18d40ed2bc8253', '2026-06-08 17:18:00', 0, '2026-06-08 16:18:00');

-- Copiando estrutura para tabela sistema_advocacia.tarefas
DROP TABLE IF EXISTS `tarefas`;
CREATE TABLE IF NOT EXISTS `tarefas` (
  `id` int NOT NULL AUTO_INCREMENT,
  `titulo` varchar(300) NOT NULL,
  `descricao` text,
  `prioridade` varchar(20) DEFAULT 'normal',
  `processo_id` int DEFAULT NULL,
  `pasta_id` int DEFAULT NULL,
  `prazo_id` int DEFAULT NULL,
  `atribuida_para` int DEFAULT NULL,
  `data_vencimento` date DEFAULT NULL,
  `concluida` tinyint(1) DEFAULT '0',
  `concluida_por` int DEFAULT NULL,
  `concluida_em` datetime DEFAULT NULL,
  `criado_em` datetime DEFAULT CURRENT_TIMESTAMP,
  `criado_por` int NOT NULL,
  PRIMARY KEY (`id`),
  KEY `processo_id` (`processo_id`),
  KEY `pasta_id` (`pasta_id`),
  KEY `prazo_id` (`prazo_id`),
  KEY `atribuida_para` (`atribuida_para`),
  KEY `concluida_por` (`concluida_por`),
  KEY `criado_por` (`criado_por`),
  KEY `idx_concluida_vencimento` (`concluida`,`data_vencimento`),
  CONSTRAINT `fk_tarefas_tblpasta` FOREIGN KEY (`pasta_id`) REFERENCES `tblpasta` (`id`),
  CONSTRAINT `fk_tarefas_tblproc` FOREIGN KEY (`processo_id`) REFERENCES `tblproc` (`id`),
  CONSTRAINT `tarefas_ibfk_3` FOREIGN KEY (`prazo_id`) REFERENCES `prazos_processo` (`id`),
  CONSTRAINT `tarefas_ibfk_4` FOREIGN KEY (`atribuida_para`) REFERENCES `usuarios` (`id`),
  CONSTRAINT `tarefas_ibfk_5` FOREIGN KEY (`concluida_por`) REFERENCES `usuarios` (`id`),
  CONSTRAINT `tarefas_ibfk_6` FOREIGN KEY (`criado_por`) REFERENCES `usuarios` (`id`)
) ENGINE=InnoDB AUTO_INCREMENT=8 DEFAULT CHARSET=utf8mb4 COLLATE=utf8mb4_0900_ai_ci;

-- Copiando dados para a tabela sistema_advocacia.tarefas: ~3 rows (aproximadamente)
INSERT INTO `tarefas` (`id`, `titulo`, `descricao`, `prioridade`, `processo_id`, `pasta_id`, `prazo_id`, `atribuida_para`, `data_vencimento`, `concluida`, `concluida_por`, `concluida_em`, `criado_em`, `criado_por`) VALUES
	(5, 'Ligar Para Cliente Amanhã', 'Sempre Ligar', 'normal', NULL, NULL, NULL, NULL, NULL, 0, NULL, NULL, '2026-06-02 09:32:51', 2),
	(6, 'Teste', NULL, 'normal', NULL, NULL, NULL, NULL, NULL, 0, NULL, NULL, '2026-06-02 09:49:07', 4),
	(7, 'Q4w3rkuhtqwelkiuglweaijhfugwale', NULL, 'normal', NULL, NULL, NULL, NULL, NULL, 0, NULL, NULL, '2026-06-03 14:58:14', 2);

-- Copiando estrutura para tabela sistema_advocacia.tblforum
DROP TABLE IF EXISTS `tblforum`;
CREATE TABLE IF NOT EXISTS `tblforum` (
  `id` int NOT NULL AUTO_INCREMENT,
  `abrev_nome` varchar(50) DEFAULT NULL COMMENT 'Abreviação para dropdowns/mensagens — ex: VT/B.Funda',
  `nome` varchar(150) NOT NULL,
  `cidade` varchar(100) DEFAULT NULL,
  `cep` varchar(8) DEFAULT NULL,
  `logradouro` varchar(300) DEFAULT NULL,
  `num_end` varchar(11) DEFAULT NULL,
  `compl_end` varchar(50) DEFAULT NULL,
  `bairro` varchar(100) DEFAULT NULL,
  `uf` varchar(2) DEFAULT NULL,
  `ativo` tinyint(1) DEFAULT '1',
  `criado_por` int DEFAULT NULL,
  `criado_em` datetime DEFAULT CURRENT_TIMESTAMP,
  `alterado_por` int DEFAULT NULL,
  `alterado_em` datetime DEFAULT NULL,
  PRIMARY KEY (`id`),
  KEY `criado_por` (`criado_por`),
  KEY `alterado_por` (`alterado_por`),
  CONSTRAINT `tblforum_ibfk_1` FOREIGN KEY (`criado_por`) REFERENCES `usuarios` (`id`) ON DELETE SET NULL,
  CONSTRAINT `tblforum_ibfk_2` FOREIGN KEY (`alterado_por`) REFERENCES `usuarios` (`id`) ON DELETE SET NULL
) ENGINE=InnoDB AUTO_INCREMENT=6 DEFAULT CHARSET=utf8mb4 COLLATE=utf8mb4_0900_ai_ci;

-- Copiando dados para a tabela sistema_advocacia.tblforum: ~2 rows (aproximadamente)
INSERT INTO `tblforum` (`id`, `abrev_nome`, `nome`, `cidade`, `cep`, `logradouro`, `num_end`, `compl_end`, `bairro`, `uf`, `ativo`, `criado_por`, `criado_em`, `alterado_por`, `alterado_em`) VALUES
	(1, NULL, 'Forum Trabalhista Barra Funda', 'São Paulo', NULL, NULL, NULL, NULL, NULL, 'SP', 0, 2, '2026-05-26 14:15:04', 2, '2026-06-09 10:51:46'),
	(5, '', 'Fórum Trabalhista Ruy Barbosa', 'São Paulo', '01139001', 'Av. Marquês de São Vicente', '235', NULL, 'Barra Funda', 'SP', 1, NULL, '2026-05-27 13:51:19', NULL, NULL);

-- Copiando estrutura para tabela sistema_advocacia.tblinstanciaproc
DROP TABLE IF EXISTS `tblinstanciaproc`;
CREATE TABLE IF NOT EXISTS `tblinstanciaproc` (
  `id` int NOT NULL AUTO_INCREMENT,
  `nome` varchar(100) NOT NULL,
  `ativo` tinyint(1) DEFAULT '1',
  `criado_por` int DEFAULT NULL,
  `criado_em` datetime DEFAULT CURRENT_TIMESTAMP,
  `alterado_por` int DEFAULT NULL,
  `alterado_em` datetime DEFAULT NULL,
  PRIMARY KEY (`id`),
  KEY `criado_por` (`criado_por`),
  KEY `alterado_por` (`alterado_por`),
  CONSTRAINT `tblinstanciaproc_ibfk_1` FOREIGN KEY (`criado_por`) REFERENCES `usuarios` (`id`) ON DELETE SET NULL,
  CONSTRAINT `tblinstanciaproc_ibfk_2` FOREIGN KEY (`alterado_por`) REFERENCES `usuarios` (`id`) ON DELETE SET NULL
) ENGINE=InnoDB AUTO_INCREMENT=8 DEFAULT CHARSET=utf8mb4 COLLATE=utf8mb4_0900_ai_ci;

-- Copiando dados para a tabela sistema_advocacia.tblinstanciaproc: ~7 rows (aproximadamente)
INSERT INTO `tblinstanciaproc` (`id`, `nome`, `ativo`, `criado_por`, `criado_em`, `alterado_por`, `alterado_em`) VALUES
	(1, '1ª Instância', 1, NULL, '2026-05-26 00:58:04', NULL, NULL),
	(2, '2ª Instância', 1, NULL, '2026-05-26 00:58:04', NULL, NULL),
	(3, 'TST', 1, NULL, '2026-05-26 00:58:04', NULL, NULL),
	(4, 'STF', 1, NULL, '2026-05-26 00:58:04', NULL, NULL),
	(5, 'STJ', 1, NULL, '2026-05-26 00:58:04', NULL, NULL),
	(6, 'TRT', 1, NULL, '2026-05-26 00:58:04', NULL, NULL),
	(7, 'TRF', 1, NULL, '2026-05-26 00:58:04', NULL, NULL);

-- Copiando estrutura para tabela sistema_advocacia.tblpasta
DROP TABLE IF EXISTS `tblpasta`;
CREATE TABLE IF NOT EXISTS `tblpasta` (
  `id` int NOT NULL AUTO_INCREMENT,
  `numPasta` int NOT NULL,
  `area_direito` varchar(50) DEFAULT NULL COMMENT 'Ex: Trabalhista, Previdenciária, Família',
  `criado_por` int DEFAULT NULL,
  `criado_em` datetime DEFAULT CURRENT_TIMESTAMP,
  `alterado_por` int DEFAULT NULL,
  `alterado_em` datetime DEFAULT NULL,
  PRIMARY KEY (`id`),
  UNIQUE KEY `numPasta` (`numPasta`),
  KEY `criado_por` (`criado_por`),
  KEY `alterado_por` (`alterado_por`),
  CONSTRAINT `tblpasta_ibfk_1` FOREIGN KEY (`criado_por`) REFERENCES `usuarios` (`id`) ON DELETE SET NULL,
  CONSTRAINT `tblpasta_ibfk_2` FOREIGN KEY (`alterado_por`) REFERENCES `usuarios` (`id`) ON DELETE SET NULL
) ENGINE=InnoDB AUTO_INCREMENT=9 DEFAULT CHARSET=utf8mb4 COLLATE=utf8mb4_0900_ai_ci;

-- Copiando dados para a tabela sistema_advocacia.tblpasta: ~5 rows (aproximadamente)
INSERT INTO `tblpasta` (`id`, `numPasta`, `area_direito`, `criado_por`, `criado_em`, `alterado_por`, `alterado_em`) VALUES
	(1, 1, NULL, 2, '2026-05-26 09:16:59', NULL, NULL),
	(4, 6, NULL, 2, '2026-05-26 15:45:49', NULL, NULL),
	(6, 2, NULL, 2, '2026-05-27 14:39:05', NULL, NULL),
	(7, 3, NULL, 2, '2026-05-29 14:49:39', NULL, NULL),
	(8, 10, NULL, 3, '2026-05-31 12:16:07', NULL, NULL);

-- Copiando estrutura para tabela sistema_advocacia.tblproc
DROP TABLE IF EXISTS `tblproc`;
CREATE TABLE IF NOT EXISTS `tblproc` (
  `id` int NOT NULL AUTO_INCREMENT,
  `pasta_id` int NOT NULL,
  `numProc` varchar(45) DEFAULT NULL,
  `NomeTituloProc` varchar(300) DEFAULT NULL,
  `vara_id` int DEFAULT NULL,
  `tipo_id` int DEFAULT NULL,
  `status_id` int DEFAULT NULL,
  `instancia_id` int DEFAULT NULL,
  `data_distribuicao` date DEFAULT NULL,
  `observacoes` text,
  `ativo` tinyint(1) DEFAULT '1',
  `criado_por` int DEFAULT NULL,
  `criado_em` datetime DEFAULT CURRENT_TIMESTAMP,
  `alterado_por` int DEFAULT NULL,
  `alterado_em` datetime DEFAULT NULL,
  PRIMARY KEY (`id`),
  KEY `pasta_id` (`pasta_id`),
  KEY `vara_id` (`vara_id`),
  KEY `tipo_id` (`tipo_id`),
  KEY `status_id` (`status_id`),
  KEY `instancia_id` (`instancia_id`),
  KEY `criado_por` (`criado_por`),
  KEY `alterado_por` (`alterado_por`),
  KEY `idx_proc_numproc` (`numProc`),
  CONSTRAINT `tblproc_ibfk_1` FOREIGN KEY (`pasta_id`) REFERENCES `tblpasta` (`id`),
  CONSTRAINT `tblproc_ibfk_2` FOREIGN KEY (`vara_id`) REFERENCES `tblvara` (`id`) ON DELETE SET NULL,
  CONSTRAINT `tblproc_ibfk_3` FOREIGN KEY (`tipo_id`) REFERENCES `tbltipoproc` (`id`) ON DELETE SET NULL,
  CONSTRAINT `tblproc_ibfk_4` FOREIGN KEY (`status_id`) REFERENCES `tblstatusproc` (`id`) ON DELETE SET NULL,
  CONSTRAINT `tblproc_ibfk_5` FOREIGN KEY (`instancia_id`) REFERENCES `tblinstanciaproc` (`id`) ON DELETE SET NULL,
  CONSTRAINT `tblproc_ibfk_6` FOREIGN KEY (`criado_por`) REFERENCES `usuarios` (`id`) ON DELETE SET NULL,
  CONSTRAINT `tblproc_ibfk_7` FOREIGN KEY (`alterado_por`) REFERENCES `usuarios` (`id`) ON DELETE SET NULL
) ENGINE=InnoDB AUTO_INCREMENT=9 DEFAULT CHARSET=utf8mb4 COLLATE=utf8mb4_0900_ai_ci;

-- Copiando dados para a tabela sistema_advocacia.tblproc: ~8 rows (aproximadamente)
INSERT INTO `tblproc` (`id`, `pasta_id`, `numProc`, `NomeTituloProc`, `vara_id`, `tipo_id`, `status_id`, `instancia_id`, `data_distribuicao`, `observacoes`, `ativo`, `criado_por`, `criado_em`, `alterado_por`, `alterado_em`) VALUES
	(1, 1, '1002594-76.2024.5.02.0606', 'Edna Silva Vieira de Lima Ribeiro(+1) X Flex Gestão de Relacionamentos', NULL, 1, 6, 1, NULL, NULL, 1, 2, '2026-05-26 09:16:59', 2, '2026-05-26 11:01:20'),
	(2, 1, '1002958-53.2025.5.02.0205', 'Edna Silva Vieira de Lima Ribeiro(+1) X Flex Gestão de Relacionamentos', NULL, 2, 6, 1, NULL, NULL, 1, 2, '2026-05-26 10:42:52', 2, '2026-05-26 11:01:36'),
	(3, 4, '1002594-76.2024.5.02.0606', 'Adelaide Camilo de Carvalho X Via Varejo S/a', 1, 2, 6, 2, NULL, NULL, 0, 2, '2026-05-26 15:28:04', 2, '2026-05-26 15:33:55'),
	(4, 4, '1002594-76.2024.5.02.0001', 'Adelaide Camilo de Carvalho X Via Varejo S/a', 304, 3, 1, 2, NULL, NULL, 1, 2, '2026-05-26 15:45:49', 2, '2026-06-09 10:26:10'),
	(5, 4, '2222222-22.2222.2.22.2222', 'Adelaide Camilo de Carvalho X Via Varejo S/a', 308, 5, 4, 2, NULL, NULL, 1, 2, '2026-05-27 10:10:11', 2, '2026-06-09 10:26:01'),
	(6, 6, '3333333-33.3333.3.33.3333', 'Claudenor de Lima Ribeiro(+3) X Via Varejo S/a', 302, 1, 7, 1, NULL, NULL, 1, 2, '2026-05-27 14:39:05', 2, '2026-06-09 11:01:24'),
	(7, 7, '1111111-11.1111.1.11.1111', 'Claudenor de Lima Ribeiro X Via Varejo S/a', 308, 5, 1, 1, NULL, NULL, 1, 2, '2026-05-29 14:49:39', 2, '2026-06-09 10:25:41'),
	(8, 8, '5555555-55.5555.5.55.5555', 'Via Varejo S/a X Edna Silva Vieira de Lima Ribeiro', 298, 1, 7, 1, NULL, NULL, 1, 3, '2026-05-31 12:16:07', NULL, NULL);

-- Copiando estrutura para tabela sistema_advocacia.tblstatusproc
DROP TABLE IF EXISTS `tblstatusproc`;
CREATE TABLE IF NOT EXISTS `tblstatusproc` (
  `id` int NOT NULL AUTO_INCREMENT,
  `nome` varchar(100) NOT NULL,
  `ativo` tinyint(1) DEFAULT '1',
  `criado_por` int DEFAULT NULL,
  `criado_em` datetime DEFAULT CURRENT_TIMESTAMP,
  `alterado_por` int DEFAULT NULL,
  `alterado_em` datetime DEFAULT NULL,
  PRIMARY KEY (`id`),
  KEY `criado_por` (`criado_por`),
  KEY `alterado_por` (`alterado_por`),
  CONSTRAINT `tblstatusproc_ibfk_1` FOREIGN KEY (`criado_por`) REFERENCES `usuarios` (`id`) ON DELETE SET NULL,
  CONSTRAINT `tblstatusproc_ibfk_2` FOREIGN KEY (`alterado_por`) REFERENCES `usuarios` (`id`) ON DELETE SET NULL
) ENGINE=InnoDB AUTO_INCREMENT=8 DEFAULT CHARSET=utf8mb4 COLLATE=utf8mb4_0900_ai_ci;

-- Copiando dados para a tabela sistema_advocacia.tblstatusproc: ~7 rows (aproximadamente)
INSERT INTO `tblstatusproc` (`id`, `nome`, `ativo`, `criado_por`, `criado_em`, `alterado_por`, `alterado_em`) VALUES
	(1, 'Ativo', 1, NULL, '2026-05-26 00:58:03', NULL, NULL),
	(2, 'Suspenso', 1, NULL, '2026-05-26 00:58:03', NULL, NULL),
	(3, 'Arquivado', 1, NULL, '2026-05-26 00:58:03', NULL, NULL),
	(4, 'Encerrado', 1, NULL, '2026-05-26 00:58:03', NULL, NULL),
	(5, 'Recursal', 1, NULL, '2026-05-26 00:58:03', NULL, NULL),
	(6, 'Execução', 1, NULL, '2026-05-26 00:58:03', NULL, NULL),
	(7, 'Conhecimento', 1, 2, '2026-05-27 13:56:16', NULL, NULL);

-- Copiando estrutura para tabela sistema_advocacia.tbltipoproc
DROP TABLE IF EXISTS `tbltipoproc`;
CREATE TABLE IF NOT EXISTS `tbltipoproc` (
  `id` int NOT NULL AUTO_INCREMENT,
  `nome` varchar(100) NOT NULL,
  `codTipoProc` varchar(1) DEFAULT NULL,
  `ativo` tinyint(1) DEFAULT '1',
  `criado_por` int DEFAULT NULL,
  `criado_em` datetime DEFAULT CURRENT_TIMESTAMP,
  `alterado_por` int DEFAULT NULL,
  `alterado_em` datetime DEFAULT NULL,
  PRIMARY KEY (`id`),
  KEY `criado_por` (`criado_por`),
  KEY `alterado_por` (`alterado_por`),
  CONSTRAINT `tbltipoproc_ibfk_1` FOREIGN KEY (`criado_por`) REFERENCES `usuarios` (`id`) ON DELETE SET NULL,
  CONSTRAINT `tbltipoproc_ibfk_2` FOREIGN KEY (`alterado_por`) REFERENCES `usuarios` (`id`) ON DELETE SET NULL
) ENGINE=InnoDB AUTO_INCREMENT=8 DEFAULT CHARSET=utf8mb4 COLLATE=utf8mb4_0900_ai_ci;

-- Copiando dados para a tabela sistema_advocacia.tbltipoproc: ~7 rows (aproximadamente)
INSERT INTO `tbltipoproc` (`id`, `nome`, `codTipoProc`, `ativo`, `criado_por`, `criado_em`, `alterado_por`, `alterado_em`) VALUES
	(1, 'Trabalhista', '5', 1, NULL, '2026-05-26 00:58:03', NULL, NULL),
	(2, 'Previdenciário', '8', 1, NULL, '2026-05-26 00:58:03', NULL, NULL),
	(3, 'Família', NULL, 1, NULL, '2026-05-26 00:58:03', NULL, NULL),
	(4, 'Cível', NULL, 1, NULL, '2026-05-26 00:58:03', NULL, NULL),
	(5, 'Criminal', NULL, 1, NULL, '2026-05-26 00:58:03', NULL, NULL),
	(6, 'Tributário', NULL, 1, NULL, '2026-05-26 00:58:03', NULL, NULL),
	(7, 'Outro', NULL, 0, NULL, '2026-05-26 00:58:03', 2, '2026-05-26 14:13:25');

-- Copiando estrutura para tabela sistema_advocacia.tbltituloprocautor
DROP TABLE IF EXISTS `tbltituloprocautor`;
CREATE TABLE IF NOT EXISTS `tbltituloprocautor` (
  `id` int NOT NULL AUTO_INCREMENT,
  `proc_id` int NOT NULL,
  `tipo_pessoa` enum('fisica','juridica') NOT NULL,
  `pessoa_id` int NOT NULL,
  `criado_por` int DEFAULT NULL,
  `criado_em` datetime DEFAULT CURRENT_TIMESTAMP,
  PRIMARY KEY (`id`),
  KEY `proc_id` (`proc_id`),
  KEY `criado_por` (`criado_por`),
  CONSTRAINT `tbltituloprocautor_ibfk_1` FOREIGN KEY (`proc_id`) REFERENCES `tblproc` (`id`) ON DELETE CASCADE,
  CONSTRAINT `tbltituloprocautor_ibfk_2` FOREIGN KEY (`criado_por`) REFERENCES `usuarios` (`id`) ON DELETE SET NULL
) ENGINE=InnoDB AUTO_INCREMENT=30 DEFAULT CHARSET=utf8mb4 COLLATE=utf8mb4_0900_ai_ci;

-- Copiando dados para a tabela sistema_advocacia.tbltituloprocautor: ~13 rows (aproximadamente)
INSERT INTO `tbltituloprocautor` (`id`, `proc_id`, `tipo_pessoa`, `pessoa_id`, `criado_por`, `criado_em`) VALUES
	(5, 1, 'fisica', 2, 2, '2026-05-26 11:01:20'),
	(6, 1, 'fisica', 4, 2, '2026-05-26 11:01:20'),
	(7, 2, 'fisica', 2, 2, '2026-05-26 11:01:36'),
	(8, 2, 'fisica', 4, 2, '2026-05-26 11:01:36'),
	(9, 3, 'fisica', 5, 2, '2026-05-26 15:28:04'),
	(22, 8, 'juridica', 2, 3, '2026-05-31 12:16:07'),
	(23, 7, 'fisica', 4, 2, '2026-06-09 10:25:41'),
	(24, 5, 'fisica', 5, 2, '2026-06-09 10:26:01'),
	(25, 4, 'fisica', 5, 2, '2026-06-09 10:26:10'),
	(26, 6, 'fisica', 4, 2, '2026-06-09 11:01:24'),
	(27, 6, 'fisica', 2, 2, '2026-06-09 11:01:24'),
	(28, 6, 'fisica', 5, 2, '2026-06-09 11:01:24'),
	(29, 6, 'fisica', 3, 2, '2026-06-09 11:01:24');

-- Copiando estrutura para tabela sistema_advocacia.tbltituloprocreu
DROP TABLE IF EXISTS `tbltituloprocreu`;
CREATE TABLE IF NOT EXISTS `tbltituloprocreu` (
  `id` int NOT NULL AUTO_INCREMENT,
  `proc_id` int NOT NULL,
  `tipo_pessoa` enum('fisica','juridica') NOT NULL,
  `pessoa_id` int NOT NULL,
  `criado_por` int DEFAULT NULL,
  `criado_em` datetime DEFAULT CURRENT_TIMESTAMP,
  PRIMARY KEY (`id`),
  KEY `proc_id` (`proc_id`),
  KEY `criado_por` (`criado_por`),
  CONSTRAINT `tbltituloprocreu_ibfk_1` FOREIGN KEY (`proc_id`) REFERENCES `tblproc` (`id`) ON DELETE CASCADE,
  CONSTRAINT `tbltituloprocreu_ibfk_2` FOREIGN KEY (`criado_por`) REFERENCES `usuarios` (`id`) ON DELETE SET NULL
) ENGINE=InnoDB AUTO_INCREMENT=17 DEFAULT CHARSET=utf8mb4 COLLATE=utf8mb4_0900_ai_ci;

-- Copiando dados para a tabela sistema_advocacia.tbltituloprocreu: ~8 rows (aproximadamente)
INSERT INTO `tbltituloprocreu` (`id`, `proc_id`, `tipo_pessoa`, `pessoa_id`, `criado_por`, `criado_em`) VALUES
	(3, 1, 'juridica', 1, 2, '2026-05-26 11:01:20'),
	(4, 2, 'juridica', 1, 2, '2026-05-26 11:01:36'),
	(5, 3, 'juridica', 2, 2, '2026-05-26 15:28:04'),
	(12, 8, 'fisica', 2, 3, '2026-05-31 12:16:07'),
	(13, 7, 'juridica', 2, 2, '2026-06-09 10:25:41'),
	(14, 5, 'juridica', 2, 2, '2026-06-09 10:26:01'),
	(15, 4, 'juridica', 2, 2, '2026-06-09 10:26:10'),
	(16, 6, 'juridica', 2, 2, '2026-06-09 11:01:24');

-- Copiando estrutura para tabela sistema_advocacia.tblvara
DROP TABLE IF EXISTS `tblvara`;
CREATE TABLE IF NOT EXISTS `tblvara` (
  `id` int NOT NULL AUTO_INCREMENT,
  `abrev_nome` varchar(50) DEFAULT NULL COMMENT 'Abreviação para dropdowns/mensagens — ex: 04ªVT/SP-ZL',
  `forum_id` int NOT NULL,
  `nome` varchar(150) NOT NULL,
  `codVaraNoProc` varchar(15) DEFAULT NULL,
  `compl_end` varchar(100) DEFAULT NULL,
  `tel` varchar(50) DEFAULT NULL,
  `email` varchar(100) DEFAULT NULL,
  `ativo` tinyint(1) DEFAULT '1',
  `criado_por` int DEFAULT NULL,
  `criado_em` datetime DEFAULT CURRENT_TIMESTAMP,
  `alterado_por` int DEFAULT NULL,
  `alterado_em` datetime DEFAULT NULL,
  PRIMARY KEY (`id`),
  KEY `forum_id` (`forum_id`),
  KEY `criado_por` (`criado_por`),
  KEY `alterado_por` (`alterado_por`),
  CONSTRAINT `tblvara_ibfk_1` FOREIGN KEY (`forum_id`) REFERENCES `tblforum` (`id`),
  CONSTRAINT `tblvara_ibfk_2` FOREIGN KEY (`criado_por`) REFERENCES `usuarios` (`id`) ON DELETE SET NULL,
  CONSTRAINT `tblvara_ibfk_3` FOREIGN KEY (`alterado_por`) REFERENCES `usuarios` (`id`) ON DELETE SET NULL
) ENGINE=InnoDB AUTO_INCREMENT=362 DEFAULT CHARSET=utf8mb4 COLLATE=utf8mb4_0900_ai_ci;

-- Copiando dados para a tabela sistema_advocacia.tblvara: ~91 rows (aproximadamente)
INSERT INTO `tblvara` (`id`, `abrev_nome`, `forum_id`, `nome`, `codVaraNoProc`, `compl_end`, `tel`, `email`, `ativo`, `criado_por`, `criado_em`, `alterado_por`, `alterado_em`) VALUES
	(1, '01ªVT/SP-B.Funda', 1, '01ª Vara do Trabalho', '', '01ª Andar', NULL, NULL, 0, 2, '2026-05-26 15:27:26', 2, '2026-06-09 10:27:23'),
	(272, '1ªVT/SP', 5, '1ª Vara do Trabalho', '5020001', '3º andar Bloco A', '(11) 3525-9101', 'vtsp01@trtsp.jus.br', 1, NULL, '2026-05-27 13:51:19', NULL, NULL),
	(273, '2ªVT/SP', 5, '2ª Vara do Trabalho', '5020002', '3º andar Bloco A', '(11) 3525-9102', 'vtsp02@trtsp.jus.br', 1, NULL, '2026-05-27 13:51:19', NULL, NULL),
	(274, '3ªVT/SP', 5, '3ª Vara do Trabalho', '5020003', '3º andar Bloco A', '(11) 3525-9103', 'vtsp03@trtsp.jus.br', 1, NULL, '2026-05-27 13:51:19', NULL, NULL),
	(275, '46ªVT/SP', 5, '46ª Vara do Trabalho', '5020046', '3º andar Bloco B', '(11) 3525-9146', 'vtsp46@trtsp.jus.br', 1, NULL, '2026-05-27 13:51:19', NULL, NULL),
	(276, '47ªVT/SP', 5, '47ª Vara do Trabalho', '5020047', '3º andar Bloco B', '(11) 3525-9147', 'vtsp47@trtsp.jus.br', 1, NULL, '2026-05-27 13:51:19', NULL, NULL),
	(277, '48ªVT/SP', 5, '48ª Vara do Trabalho', '5020048', '3º andar Bloco B', '(11) 3525-9148', 'vtsp48@trtsp.jus.br', 1, NULL, '2026-05-27 13:51:19', NULL, NULL),
	(278, '4ªVT/SP', 5, '4ª Vara do Trabalho', '5020004', '4º andar Bloco A', '(11) 3525-9104', 'vtsp04@trtsp.jus.br', 1, NULL, '2026-05-27 13:51:19', NULL, NULL),
	(279, '5ªVT/SP', 5, '5ª Vara do Trabalho', '5020005', '4º andar Bloco A', '(11) 3525-9105', 'vtsp05@trtsp.jus.br', 1, NULL, '2026-05-27 13:51:19', NULL, NULL),
	(280, '6ªVT/SP', 5, '6ª Vara do Trabalho', '5020006', '4º andar Bloco A', '(11) 3525-9106', 'vtsp06@trtsp.jus.br', 1, NULL, '2026-05-27 13:51:19', NULL, NULL),
	(281, '49ªVT/SP', 5, '49ª Vara do Trabalho', '5020049', '4º andar Bloco B', '(11) 3525-9149', 'vtsp49@trtsp.jus.br', 1, NULL, '2026-05-27 13:51:19', NULL, NULL),
	(282, '50ªVT/SP', 5, '50ª Vara do Trabalho', '5020050', '4º andar Bloco B', '(11) 3525-9150', 'vtsp50@trtsp.jus.br', 1, NULL, '2026-05-27 13:51:19', NULL, NULL),
	(283, '51ªVT/SP', 5, '51ª Vara do Trabalho', '5020051', '4º andar Bloco B', '(11) 3525-9151', 'vtsp51@trtsp.jus.br', 1, NULL, '2026-05-27 13:51:19', NULL, NULL),
	(284, '7ªVT/SP', 5, '7ª Vara do Trabalho', '5020007', '5º andar Bloco A', '(11) 3525-9107', 'vtsp07@trtsp.jus.br', 1, NULL, '2026-05-27 13:51:19', NULL, NULL),
	(285, '8ªVT/SP', 5, '8ª Vara do Trabalho', '5020008', '5º andar Bloco A', '(11) 3525-9108', 'vtsp08@trtsp.jus.br', 1, NULL, '2026-05-27 13:51:19', NULL, NULL),
	(286, '9ªVT/SP', 5, '9ª Vara do Trabalho', '5020009', '5º andar Bloco A', '(11) 3525-9109', 'vtsp09@trtsp.jus.br', 1, NULL, '2026-05-27 13:51:19', NULL, NULL),
	(287, '52ªVT/SP', 5, '52ª Vara do Trabalho', '5020052', '5º andar Bloco B', '(11) 3525-9152', 'vtsp52@trtsp.jus.br', 1, NULL, '2026-05-27 13:51:19', NULL, NULL),
	(288, '53ªVT/SP', 5, '53ª Vara do Trabalho', '5020053', '5º andar Bloco B', '(11) 3525-9153', 'vtsp53@trtsp.jus.br', 1, NULL, '2026-05-27 13:51:19', NULL, NULL),
	(289, '54ªVT/SP', 5, '54ª Vara do Trabalho', '5020054', '5º andar Bloco B', '(11) 3525-9154', 'vtsp54@trtsp.jus.br', 1, NULL, '2026-05-27 13:51:19', NULL, NULL),
	(290, '10ªVT/SP', 5, '10ª Vara do Trabalho', '5020010', '6º andar Bloco A', '(11) 3525-9110', 'vtsp10@trtsp.jus.br', 1, NULL, '2026-05-27 13:51:19', NULL, NULL),
	(291, '11ªVT/SP', 5, '11ª Vara do Trabalho', '5020011', '6º andar Bloco A', '(11) 3525-9111', 'vtsp11@trtsp.jus.br', 1, NULL, '2026-05-27 13:51:19', NULL, NULL),
	(292, '12ªVT/SP', 5, '12ª Vara do Trabalho', '5020012', '6º andar Bloco A', '(11) 3525-9112', 'vtsp12@trtsp.jus.br', 1, NULL, '2026-05-27 13:51:19', NULL, NULL),
	(293, '55ªVT/SP', 5, '55ª Vara do Trabalho', '5020055', '6º andar Bloco B', '(11) 3525-9155', 'vtsp55@trtsp.jus.br', 1, NULL, '2026-05-27 13:51:19', NULL, NULL),
	(294, '56ªVT/SP', 5, '56ª Vara do Trabalho', '5020056', '6º andar Bloco B', '(11) 3525-9156', 'vtsp56@trtsp.jus.br', 1, NULL, '2026-05-27 13:51:19', NULL, NULL),
	(295, '57ªVT/SP', 5, '57ª Vara do Trabalho', '5020057', '6º andar Bloco B', '(11) 3525-9157', 'vtsp57@trtsp.jus.br', 1, NULL, '2026-05-27 13:51:19', NULL, NULL),
	(296, '13ªVT/SP', 5, '13ª Vara do Trabalho', '5020013', '7º andar Bloco A', '(11) 3525-9113', 'vtsp13@trtsp.jus.br', 1, NULL, '2026-05-27 13:51:19', NULL, NULL),
	(297, '14ªVT/SP', 5, '14ª Vara do Trabalho', '5020014', '7º andar Bloco A', '(11) 3525-9114', 'vtsp14@trtsp.jus.br', 1, NULL, '2026-05-27 13:51:19', NULL, NULL),
	(298, '15ªVT/SP', 5, '15ª Vara do Trabalho', '5020015', '7º andar Bloco A', '(11) 3525-9115', 'vtsp15@trtsp.jus.br', 1, NULL, '2026-05-27 13:51:19', NULL, NULL),
	(299, '58ªVT/SP', 5, '58ª Vara do Trabalho', '5020058', '7º andar Bloco B', '(11) 3525-9158', 'vtsp58@trtsp.jus.br', 1, NULL, '2026-05-27 13:51:19', NULL, NULL),
	(300, '59ªVT/SP', 5, '59ª Vara do Trabalho', '5020059', '7º andar Bloco B', '(11) 3525-9159', 'vtsp59@trtsp.jus.br', 1, NULL, '2026-05-27 13:51:19', NULL, NULL),
	(301, '60ªVT/SP', 5, '60ª Vara do Trabalho', '5020060', '7º andar Bloco B', '(11) 3525-9160', 'vtsp60@trtsp.jus.br', 1, NULL, '2026-05-27 13:51:19', NULL, NULL),
	(302, '16ªVT/SP', 5, '16ª Vara do Trabalho', '5020016', '8º andar Bloco A', '(11) 3525-9116', 'vtsp16@trtsp.jus.br', 1, NULL, '2026-05-27 13:51:19', NULL, NULL),
	(303, '17ªVT/SP', 5, '17ª Vara do Trabalho', '5020017', '8º andar Bloco A', '(11) 3525-9117', 'vtsp17@trtsp.jus.br', 1, NULL, '2026-05-27 13:51:19', NULL, NULL),
	(304, '18ªVT/SP', 5, '18ª Vara do Trabalho', '5020018', '8º andar Bloco A', '(11) 3525-9118', 'vtsp18@trtsp.jus.br', 1, NULL, '2026-05-27 13:51:19', NULL, NULL),
	(305, '61ªVT/SP', 5, '61ª Vara do Trabalho', '5020061', '8º andar Bloco B', '(11) 3525-9161', 'vtsp61@trtsp.jus.br', 1, NULL, '2026-05-27 13:51:19', NULL, NULL),
	(306, '62ªVT/SP', 5, '62ª Vara do Trabalho', '5020062', '8º andar Bloco B', '(11) 3525-9162', 'vtsp62@trtsp.jus.br', 1, NULL, '2026-05-27 13:51:19', NULL, NULL),
	(307, '63ªVT/SP', 5, '63ª Vara do Trabalho', '5020063', '8º andar Bloco B', '(11) 3525-9163', 'vtsp63@trtsp.jus.br', 1, NULL, '2026-05-27 13:51:19', NULL, NULL),
	(308, '19ªVT/SP', 5, '19ª Vara do Trabalho', '5020019', '9º andar Bloco A', '(11) 3525-9119', 'vtsp19@trtsp.jus.br', 1, NULL, '2026-05-27 13:51:19', NULL, NULL),
	(309, '20ªVT/SP', 5, '20ª Vara do Trabalho', '5020020', '9º andar Bloco A', '(11) 3525-9120', 'vtsp20@trtsp.jus.br', 1, NULL, '2026-05-27 13:51:19', NULL, NULL),
	(310, '21ªVT/SP', 5, '21ª Vara do Trabalho', '5020021', '9º andar Bloco A', '(11) 3525-9121', 'vtsp21@trtsp.jus.br', 1, NULL, '2026-05-27 13:51:19', NULL, NULL),
	(311, '64ªVT/SP', 5, '64ª Vara do Trabalho', '5020064', '9º andar Bloco B', '(11) 3525-9164', 'vtsp64@trtsp.jus.br', 1, NULL, '2026-05-27 13:51:19', NULL, NULL),
	(312, '65ªVT/SP', 5, '65ª Vara do Trabalho', '5020065', '9º andar Bloco B', '(11) 3525-9165', 'vtsp65@trtsp.jus.br', 1, NULL, '2026-05-27 13:51:19', NULL, NULL),
	(313, '66ªVT/SP', 5, '66ª Vara do Trabalho', '5020066', '9º andar Bloco B', '(11) 3525-9166', 'vtsp66@trtsp.jus.br', 1, NULL, '2026-05-27 13:51:19', NULL, NULL),
	(314, '22ªVT/SP', 5, '22ª Vara do Trabalho', '5020022', '11º andar Bloco A', '(11) 3525-9122', 'vtsp22@trtsp.jus.br', 1, NULL, '2026-05-27 13:51:19', NULL, NULL),
	(315, '23ªVT/SP', 5, '23ª Vara do Trabalho', '5020023', '11º andar Bloco A', '(11) 3525-9123', 'vtsp23@trtsp.jus.br', 1, NULL, '2026-05-27 13:51:19', NULL, NULL),
	(316, '24ªVT/SP', 5, '24ª Vara do Trabalho', '5020024', '11º andar Bloco A', '(11) 3525-9124', 'vtsp24@trtsp.jus.br', 1, NULL, '2026-05-27 13:51:19', NULL, NULL),
	(317, '67ªVT/SP', 5, '67ª Vara do Trabalho', '5020067', '11º andar Bloco B', '(11) 3525-9167', 'vtsp67@trtsp.jus.br', 1, NULL, '2026-05-27 13:51:19', NULL, NULL),
	(318, '68ªVT/SP', 5, '68ª Vara do Trabalho', '5020068', '11º andar Bloco B', '(11) 3525-9168', 'vtsp68@trtsp.jus.br', 1, NULL, '2026-05-27 13:51:19', NULL, NULL),
	(319, '69ªVT/SP', 5, '69ª Vara do Trabalho', '5020069', '11º andar Bloco B', '(11) 3525-9169', 'vtsp69@trtsp.jus.br', 1, NULL, '2026-05-27 13:51:19', NULL, NULL),
	(320, '25ªVT/SP', 5, '25ª Vara do Trabalho', '5020025', '12º andar Bloco A', '(11) 3525-9125', 'vtsp25@trtsp.jus.br', 1, NULL, '2026-05-27 13:51:19', NULL, NULL),
	(321, '26ªVT/SP', 5, '26ª Vara do Trabalho', '5020026', '12º andar Bloco A', '(11) 3525-9126', 'vtsp26@trtsp.jus.br', 1, NULL, '2026-05-27 13:51:19', NULL, NULL),
	(322, '27ªVT/SP', 5, '27ª Vara do Trabalho', '5020027', '12º andar Bloco A', '(11) 3525-9127', 'vtsp27@trtsp.jus.br', 1, NULL, '2026-05-27 13:51:19', NULL, NULL),
	(323, '70ªVT/SP', 5, '70ª Vara do Trabalho', '5020070', '12º andar Bloco B', '(11) 3525-9170', 'vtsp70@trtsp.jus.br', 1, NULL, '2026-05-27 13:51:19', NULL, NULL),
	(324, '71ªVT/SP', 5, '71ª Vara do Trabalho', '5020071', '12º andar Bloco B', '(11) 3525-9171', 'vtsp71@trtsp.jus.br', 1, NULL, '2026-05-27 13:51:19', NULL, NULL),
	(325, '72ªVT/SP', 5, '72ª Vara do Trabalho', '5020072', '12º andar Bloco B', '(11) 3525-9172', 'vtsp72@trtsp.jus.br', 1, NULL, '2026-05-27 13:51:19', NULL, NULL),
	(326, '28ªVT/SP', 5, '28ª Vara do Trabalho', '5020028', '13º andar Bloco A', '(11) 3525-9128', 'vtsp28@trtsp.jus.br', 1, NULL, '2026-05-27 13:51:19', NULL, NULL),
	(327, '29ªVT/SP', 5, '29ª Vara do Trabalho', '5020029', '13º andar Bloco A', '(11) 3525-9129', 'vtsp29@trtsp.jus.br', 1, NULL, '2026-05-27 13:51:19', NULL, NULL),
	(328, '30ªVT/SP', 5, '30ª Vara do Trabalho', '5020030', '13º andar Bloco A', '(11) 3525-9130', 'vtsp30@trtsp.jus.br', 1, NULL, '2026-05-27 13:51:19', NULL, NULL),
	(329, '73ªVT/SP', 5, '73ª Vara do Trabalho', '5020073', '13º andar Bloco B', '(11) 3525-9173', 'vtsp73@trtsp.jus.br', 1, NULL, '2026-05-27 13:51:19', NULL, NULL),
	(330, '74ªVT/SP', 5, '74ª Vara do Trabalho', '5020074', '13º andar Bloco B', '(11) 3525-9174', 'vtsp74@trtsp.jus.br', 1, NULL, '2026-05-27 13:51:19', NULL, NULL),
	(331, '75ªVT/SP', 5, '75ª Vara do Trabalho', '5020075', '13º andar Bloco B', '(11) 3525-9175', 'vtsp75@trtsp.jus.br', 1, NULL, '2026-05-27 13:51:19', NULL, NULL),
	(332, '31ªVT/SP', 5, '31ª Vara do Trabalho', '5020031', '14º andar Bloco A', '(11) 3525-9131', 'vtsp31@trtsp.jus.br', 1, NULL, '2026-05-27 13:51:19', NULL, NULL),
	(333, '32ªVT/SP', 5, '32ª Vara do Trabalho', '5020032', '14º andar Bloco A', '(11) 3525-9132', 'vtsp32@trtsp.jus.br', 1, NULL, '2026-05-27 13:51:19', NULL, NULL),
	(334, '33ªVT/SP', 5, '33ª Vara do Trabalho', '5020033', '14º andar Bloco A', '(11) 3525-9133', 'vtsp33@trtsp.jus.br', 1, NULL, '2026-05-27 13:51:19', NULL, NULL),
	(335, '76ªVT/SP', 5, '76ª Vara do Trabalho', '5020076', '14º andar Bloco B', '(11) 3525-9176', 'vtsp76@trtsp.jus.br', 1, NULL, '2026-05-27 13:51:19', NULL, NULL),
	(336, '77ªVT/SP', 5, '77ª Vara do Trabalho', '5020077', '14º andar Bloco B', '(11) 3525-9177', 'vtsp77@trtsp.jus.br', 1, NULL, '2026-05-27 13:51:19', NULL, NULL),
	(337, '78ªVT/SP', 5, '78ª Vara do Trabalho', '5020078', '14º andar Bloco B', '(11) 3525-9178', 'vtsp78@trtsp.jus.br', 1, NULL, '2026-05-27 13:51:19', NULL, NULL),
	(338, '34ªVT/SP', 5, '34ª Vara do Trabalho', '5020034', '15º andar Bloco A', '(11) 3525-9134', 'vtsp34@trtsp.jus.br', 1, NULL, '2026-05-27 13:51:19', NULL, NULL),
	(339, '35ªVT/SP', 5, '35ª Vara do Trabalho', '5020035', '15º andar Bloco A', '(11) 3525-9135', 'vtsp35@trtsp.jus.br', 1, NULL, '2026-05-27 13:51:19', NULL, NULL),
	(340, '36ªVT/SP', 5, '36ª Vara do Trabalho', '5020036', '15º andar Bloco A', '(11) 3525-9136', 'vtsp36@trtsp.jus.br', 1, NULL, '2026-05-27 13:51:19', NULL, NULL),
	(341, '79ªVT/SP', 5, '79ª Vara do Trabalho', '5020079', '15º andar Bloco B', '(11) 3525-9179', 'vtsp79@trtsp.jus.br', 1, NULL, '2026-05-27 13:51:19', NULL, NULL),
	(342, '80ªVT/SP', 5, '80ª Vara do Trabalho', '5020080', '15º andar Bloco B', '(11) 3525-9180', 'vtsp80@trtsp.jus.br', 1, NULL, '2026-05-27 13:51:19', NULL, NULL),
	(343, '81ªVT/SP', 5, '81ª Vara do Trabalho', '5020081', '15º andar Bloco B', '(11) 3525-9181', 'vtsp81@trtsp.jus.br', 1, NULL, '2026-05-27 13:51:19', NULL, NULL),
	(344, '37ªVT/SP', 5, '37ª Vara do Trabalho', '5020037', '16º andar Bloco A', '(11) 3525-9137', 'vtsp37@trtsp.jus.br', 1, NULL, '2026-05-27 13:51:19', NULL, NULL),
	(345, '38ªVT/SP', 5, '38ª Vara do Trabalho', '5020038', '16º andar Bloco A', '(11) 3525-9138', 'vtsp38@trtsp.jus.br', 1, NULL, '2026-05-27 13:51:19', NULL, NULL),
	(346, '39ªVT/SP', 5, '39ª Vara do Trabalho', '5020039', '16º andar Bloco A', '(11) 3525-9139', 'vtsp39@trtsp.jus.br', 1, NULL, '2026-05-27 13:51:19', NULL, NULL),
	(347, '82ªVT/SP', 5, '82ª Vara do Trabalho', '5020082', '16º andar Bloco B', '(11) 3525-9182', 'vtsp82@trtsp.jus.br', 1, NULL, '2026-05-27 13:51:19', NULL, NULL),
	(348, '83ªVT/SP', 5, '83ª Vara do Trabalho', '5020083', '16º andar Bloco B', '(11) 3525-9183', 'vtsp83@trtsp.jus.br', 1, NULL, '2026-05-27 13:51:19', NULL, NULL),
	(349, '84ªVT/SP', 5, '84ª Vara do Trabalho', '5020084', '16º andar Bloco B', '(11) 3525-9184', 'vtsp84@trtsp.jus.br', 1, NULL, '2026-05-27 13:51:19', NULL, NULL),
	(350, '40ªVT/SP', 5, '40ª Vara do Trabalho', '5020040', '17º andar Bloco A', '(11) 3525-9140', 'vtsp40@trtsp.jus.br', 1, NULL, '2026-05-27 13:51:19', NULL, NULL),
	(351, '41ªVT/SP', 5, '41ª Vara do Trabalho', '5020041', '17º andar Bloco A', '(11) 3525-9141', 'vtsp41@trtsp.jus.br', 1, NULL, '2026-05-27 13:51:19', NULL, NULL),
	(352, '42ªVT/SP', 5, '42ª Vara do Trabalho', '5020042', '17º andar Bloco A', '(11) 3525-9142', 'vtsp42@trtsp.jus.br', 1, NULL, '2026-05-27 13:51:19', NULL, NULL),
	(353, '85ªVT/SP', 5, '85ª Vara do Trabalho', '5020085', '17º andar Bloco B', '(11) 3525-9185', 'vtsp85@trtsp.jus.br', 1, NULL, '2026-05-27 13:51:19', NULL, NULL),
	(354, '86ªVT/SP', 5, '86ª Vara do Trabalho', '5020086', '17º andar Bloco B', '(11) 3525-9186', 'vtsp86@trtsp.jus.br', 1, NULL, '2026-05-27 13:51:19', NULL, NULL),
	(355, '87ªVT/SP', 5, '87ª Vara do Trabalho', '5020087', '17º andar Bloco B', '(11) 3525-9187', 'vtsp87@trtsp.jus.br', 1, NULL, '2026-05-27 13:51:19', NULL, NULL),
	(356, '43ªVT/SP', 5, '43ª Vara do Trabalho', '5020043', '18º andar Bloco A', '(11) 3525-9143', 'vtsp43@trtsp.jus.br', 1, NULL, '2026-05-27 13:51:19', NULL, NULL),
	(357, '44ªVT/SP', 5, '44ª Vara do Trabalho', '5020044', '18º andar Bloco A', '(11) 3525-9144', 'vtsp44@trtsp.jus.br', 1, NULL, '2026-05-27 13:51:19', NULL, NULL),
	(358, '45ªVT/SP', 5, '45ª Vara do Trabalho', '5020045', '18º andar Bloco A', '(11) 3525-9145', 'vtsp45@trtsp.jus.br', 1, NULL, '2026-05-27 13:51:19', NULL, NULL),
	(359, '88ªVT/SP', 5, '88ª Vara do Trabalho', '5020088', '18º andar Bloco B', '(11) 3525-9188', 'vtsp88@trtsp.jus.br', 1, NULL, '2026-05-27 13:51:19', NULL, NULL),
	(360, '89ªVT/SP', 5, '89ª Vara do Trabalho', '5020089', '18º andar Bloco B', '(11) 3525-9189', 'vtsp89@trtsp.jus.br', 1, NULL, '2026-05-27 13:51:19', NULL, NULL),
	(361, '90ªVT/SP', 5, '90ª Vara do Trabalho', '5020090', '18º andar Bloco B', '(11) 3525-9190', 'vtsp90@trtsp.jus.br', 1, NULL, '2026-05-27 13:51:19', NULL, NULL);

-- Copiando estrutura para tabela sistema_advocacia.telefones_pf
DROP TABLE IF EXISTS `telefones_pf`;
CREATE TABLE IF NOT EXISTS `telefones_pf` (
  `id` int NOT NULL AUTO_INCREMENT,
  `pessoa_id` int NOT NULL,
  `numero` varchar(20) NOT NULL,
  `tipo` varchar(100) DEFAULT 'Celular' COMMENT 'Descrição livre: Celular, Comercial, esposa Edna, etc.',
  `principal` tinyint(1) DEFAULT '0',
  `ativo` tinyint(1) DEFAULT '1',
  `criado_em` datetime DEFAULT CURRENT_TIMESTAMP,
  PRIMARY KEY (`id`),
  KEY `pessoa_id` (`pessoa_id`),
  CONSTRAINT `telefones_pf_ibfk_1` FOREIGN KEY (`pessoa_id`) REFERENCES `pessoas_fisicas` (`id`) ON DELETE CASCADE
) ENGINE=InnoDB AUTO_INCREMENT=10 DEFAULT CHARSET=utf8mb4 COLLATE=utf8mb4_0900_ai_ci;

-- Copiando dados para a tabela sistema_advocacia.telefones_pf: ~6 rows (aproximadamente)
INSERT INTO `telefones_pf` (`id`, `pessoa_id`, `numero`, `tipo`, `principal`, `ativo`, `criado_em`) VALUES
	(4, 2, '(11) 96750-5668', 'celular', 1, 1, '2026-05-25 19:21:08'),
	(5, 3, '(11) 96750-5668', 'recado', 1, 1, '2026-05-25 20:35:50'),
	(6, 4, '(11) 94685-0741', 'celular', 1, 1, '2026-05-26 09:12:50'),
	(7, 4, '(11) 96750-5668', 'Edna (esposa)', 0, 1, '2026-05-26 09:12:50'),
	(8, 5, '(11) 94718-9746', 'celular', 1, 1, '2026-05-26 13:39:41'),
	(9, 5, '(11) 91457-6512', 'Everton', 0, 1, '2026-05-26 13:39:41');

-- Copiando estrutura para tabela sistema_advocacia.telefones_pj
DROP TABLE IF EXISTS `telefones_pj`;
CREATE TABLE IF NOT EXISTS `telefones_pj` (
  `id` int NOT NULL AUTO_INCREMENT,
  `pessoa_id` int NOT NULL,
  `numero` varchar(20) NOT NULL,
  `tipo` varchar(100) DEFAULT 'Comercial' COMMENT 'Descrição livre: Comercial, Celular do sócio, etc.',
  `principal` tinyint(1) DEFAULT '0',
  `ativo` tinyint(1) DEFAULT '1',
  `criado_em` datetime DEFAULT CURRENT_TIMESTAMP,
  PRIMARY KEY (`id`),
  KEY `pessoa_id` (`pessoa_id`),
  CONSTRAINT `telefones_pj_ibfk_1` FOREIGN KEY (`pessoa_id`) REFERENCES `pessoas_juridicas` (`id`) ON DELETE CASCADE
) ENGINE=InnoDB DEFAULT CHARSET=utf8mb4 COLLATE=utf8mb4_0900_ai_ci;

-- Copiando dados para a tabela sistema_advocacia.telefones_pj: ~0 rows (aproximadamente)

-- Copiando estrutura para tabela sistema_advocacia.tipo_audiencia
DROP TABLE IF EXISTS `tipo_audiencia`;
CREATE TABLE IF NOT EXISTS `tipo_audiencia` (
  `id` int NOT NULL AUTO_INCREMENT,
  `nome` varchar(100) NOT NULL,
  `ativo` tinyint(1) DEFAULT '1',
  PRIMARY KEY (`id`)
) ENGINE=InnoDB AUTO_INCREMENT=13 DEFAULT CHARSET=utf8mb4 COLLATE=utf8mb4_0900_ai_ci;

-- Copiando dados para a tabela sistema_advocacia.tipo_audiencia: ~6 rows (aproximadamente)
INSERT INTO `tipo_audiencia` (`id`, `nome`, `ativo`) VALUES
	(1, 'Una', 1),
	(3, 'Inicial', 1),
	(5, 'Julgamento', 1),
	(10, 'Instrução', 1),
	(11, 'Conciliação', 1),
	(12, 'Oitiva de Testemunha', 1);

-- Copiando estrutura para tabela sistema_advocacia.tipo_pericia
DROP TABLE IF EXISTS `tipo_pericia`;
CREATE TABLE IF NOT EXISTS `tipo_pericia` (
  `id` int NOT NULL AUTO_INCREMENT,
  `nome` varchar(100) NOT NULL,
  `ativo` tinyint(1) DEFAULT '1',
  PRIMARY KEY (`id`)
) ENGINE=InnoDB AUTO_INCREMENT=8 DEFAULT CHARSET=utf8mb4 COLLATE=utf8mb4_0900_ai_ci;

-- Copiando dados para a tabela sistema_advocacia.tipo_pericia: ~7 rows (aproximadamente)
INSERT INTO `tipo_pericia` (`id`, `nome`, `ativo`) VALUES
	(1, 'Médica', 1),
	(2, 'Contábil', 1),
	(3, 'Insalubridade', 1),
	(4, 'Periculosidade', 1),
	(5, 'Ergonômica', 1),
	(6, 'Ambiental', 1),
	(7, 'Técnica', 1);

-- Copiando estrutura para tabela sistema_advocacia.tipo_prazo
DROP TABLE IF EXISTS `tipo_prazo`;
CREATE TABLE IF NOT EXISTS `tipo_prazo` (
  `id` int NOT NULL AUTO_INCREMENT,
  `nome` varchar(100) NOT NULL,
  `ativo` tinyint(1) DEFAULT '1',
  PRIMARY KEY (`id`)
) ENGINE=InnoDB AUTO_INCREMENT=6 DEFAULT CHARSET=utf8mb4 COLLATE=utf8mb4_0900_ai_ci;

-- Copiando dados para a tabela sistema_advocacia.tipo_prazo: ~5 rows (aproximadamente)
INSERT INTO `tipo_prazo` (`id`, `nome`, `ativo`) VALUES
	(1, 'Processuais', 1),
	(2, 'Recursais', 1),
	(3, 'Prescricionais', 1),
	(4, 'Judiciais', 1),
	(5, 'Execução', 1);

-- Copiando estrutura para tabela sistema_advocacia.usuarios
DROP TABLE IF EXISTS `usuarios`;
CREATE TABLE IF NOT EXISTS `usuarios` (
  `id` int NOT NULL AUTO_INCREMENT,
  `nome` varchar(150) NOT NULL,
  `login` varchar(80) NOT NULL,
  `senha_hash` varchar(255) NOT NULL,
  `email` varchar(150) DEFAULT NULL,
  `oab` varchar(30) DEFAULT NULL,
  `tipo` varchar(30) DEFAULT 'advogado',
  `nivel` tinyint NOT NULL DEFAULT '2',
  `ativo` tinyint(1) DEFAULT '1',
  `ver_todos_processos` tinyint(1) DEFAULT '0',
  `criado_em` datetime DEFAULT CURRENT_TIMESTAMP,
  `criado_por` int DEFAULT NULL,
  `ultimo_acesso` datetime DEFAULT NULL,
  `notif_email` tinyint(1) DEFAULT '1',
  `notif_tela` tinyint(1) DEFAULT '1',
  PRIMARY KEY (`id`),
  KEY `idx_login` (`login`),
  KEY `fk_usuarios_criado_por` (`criado_por`),
  CONSTRAINT `fk_usuarios_criado_por` FOREIGN KEY (`criado_por`) REFERENCES `usuarios` (`id`)
) ENGINE=InnoDB AUTO_INCREMENT=9 DEFAULT CHARSET=utf8mb4 COLLATE=utf8mb4_0900_ai_ci;

-- Copiando dados para a tabela sistema_advocacia.usuarios: ~8 rows (aproximadamente)
INSERT INTO `usuarios` (`id`, `nome`, `login`, `senha_hash`, `email`, `oab`, `tipo`, `nivel`, `ativo`, `ver_todos_processos`, `criado_em`, `criado_por`, `ultimo_acesso`, `notif_email`, `notif_tela`) VALUES
	(1, 'Superusuário', 'superadmin', '$2a$12$6vzSy/RUw.HOUdaJurzjoei0THb0ZrBmKuHfOxU9A1xpvDnKwv4GW', NULL, NULL, 'administrador', 0, 1, 0, '2026-05-23 00:59:32', NULL, '2026-06-09 20:26:28', 1, 1),
	(2, 'Claudio', 'claudio', '$2a$12$0SCACm4vro7kpi8QC28jlOnJw6V2J7Ciz4EOOgKpnAaefHhP0shXq', 'claudio@antonio.adv.br', NULL, 'administrador', 1, 1, 1, '2026-05-23 01:06:19', 1, '2026-06-12 09:16:09', 1, 1),
	(3, 'edna', 'edna', '$2a$12$zHJRLurJ4WOgjWhf6JEvteVrp095BMfRtOZfdxqtMg0dT4OxTiu9G', 'ednasvlr@gmail.com', NULL, 'advogado', 1, 1, 1, '2026-05-23 10:35:04', 1, '2026-06-08 16:24:51', 1, 1),
	(4, 'Erick', 'erick', '$2a$12$QM8unf8KeJC/qyibJNEiOeNwgZ0ebgm1zay0MBWbpTkMj8nW6Jclm', NULL, NULL, 'advogado', 2, 1, 0, '2026-05-29 13:49:05', 2, '2026-06-02 09:40:14', 1, 1),
	(5, 'Evellyn', 'evellyn', '$2a$12$ndwGKWme085Gg.qaoB9AQeHEod6MVuOFRT1BOiufCmS0r8EgJGkmy', NULL, NULL, 'advogado', 2, 1, 0, '2026-05-30 00:29:53', 2, '2026-05-31 13:02:21', 1, 1),
	(6, 'Alysson', 'Alysson', '$2a$12$BYXYvn6T28TeVpbK7tnehea6pHhsZyJGQhjoUswlMsbpDmMH1uUES', 'alysson@antonio.adv.br', NULL, 'advogado', 1, 1, 0, '2026-06-11 09:11:43', 2, NULL, 1, 1),
	(7, 'Angela', 'Angela', '$2a$12$hMNYVQ4RoUdVcWczn7wbUOTQyvMsO.O/ZfW/UMpouJ9kjddXRvs9y', 'angela@antonio.adv.br', NULL, 'advogado', 2, 1, 0, '2026-06-11 09:35:10', 2, NULL, 1, 1),
	(8, 'Teste', 'teste', '$2a$12$OwNh8qnIKm0pUwCfMGISReK2.SdSOI01znccCmOV7xt6Rt8B.i9uO', NULL, NULL, 'advogado', 2, 1, 0, '2026-06-11 10:48:42', 2, NULL, 1, 1);

/*!40103 SET TIME_ZONE=IFNULL(@OLD_TIME_ZONE, 'system') */;
/*!40101 SET SQL_MODE=IFNULL(@OLD_SQL_MODE, '') */;
/*!40014 SET FOREIGN_KEY_CHECKS=IFNULL(@OLD_FOREIGN_KEY_CHECKS, 1) */;
/*!40101 SET CHARACTER_SET_CLIENT=@OLD_CHARACTER_SET_CLIENT */;
/*!40111 SET SQL_NOTES=IFNULL(@OLD_SQL_NOTES, 1) */;
